2026-06-23T20:33:43.328818+00:00 HOLD: No meaningful orders after tiny-churn filter; mode=live; export=2026-06-23T20:33:21+00:00; candle=2026-06-23T20:25:00+00:00
2026-06-23T20:34:13.407892+00:00 WRITE_SPLIT: Writing split proposed orders: BUY EURGBP 3.25 as 4 capped chunks; mode=live; export=2026-06-23T20:33:51+00:00; candle=2026-06-23T20:25:00+00:00
2026-06-23T20:34:43.485522+00:00 ALREADY_WRITTEN: Already handled candle 2026-06-23T20:25:00+00:00; mode=live; export=2026-06-23T20:34:21+00:00; candle=2026-06-23T20:25:00+00:00
2026-06-23T20:35:13.561859+00:00 ALREADY_WRITTEN: Already handled candle 2026-06-23T20:25:00+00:00; mode=live; export=2026-06-23T20:34:51+00:00; candle=2026-06-23T20:25:00+00:00
2026-06-23T20:35:43.637214+00:00 HOLD: No meaningful orders after tiny-churn filter; mode=live; export=2026-06-23T20:35:21+00:00; candle=2026-06-23T20:30:00+00:00
2026-06-23T20:36:13.716197+00:00 WRITE_SPLIT: Writing split proposed orders: BUY EURGBP 3.25 as 4 capped chunks; mode=live; export=2026-06-23T20:35:51+00:00; candle=2026-06-23T20:30:00+00:00
2026-06-23T20:38:44.924421+00:00 ALREADY_WRITTEN: Already handled candle 2026-06-23T20:30:00+00:00; mode=live; export=2026-06-23T20:38:21+00:00; candle=2026-06-23T20:30:00+00:00
2026-06-23T20:39:15.001552+00:00 ALREADY_WRITTEN: Already handled candle 2026-06-23T20:30:00+00:00; mode=live; export=2026-06-23T20:38:51+00:00; candle=2026-06-23T20:30:00+00:00
2026-06-23T20:39:37.185891+00:00 ALREADY_WRITTEN: Already handled candle 2026-06-23T20:30:00+00:00; mode=live; export=2026-06-23T20:39:21+00:00; candle=2026-06-23T20:30:00+00:00
2026-06-23T20:39:45.049929+00:00 ALREADY_WRITTEN: Already handled candle 2026-06-23T20:30:00+00:00; mode=live; export=2026-06-23T20:39:21+00:00; candle=2026-06-23T20:30:00+00:00
2026-06-23T20:40:07.264828+00:00 ALREADY_WRITTEN: Already handled candle 2026-06-23T20:30:00+00:00; mode=live; export=2026-06-23T20:39:51+00:00; candle=2026-06-23T20:30:00+00:00
2026-06-23T20:40:15.111700+00:00 ALREADY_WRITTEN: Already handled candle 2026-06-23T20:30:00+00:00; mode=live; export=2026-06-23T20:39:51+00:00; candle=2026-06-23T20:30:00+00:00
2026-06-23T20:40:37.338105+00:00 WRITE_SPLIT: Writing split proposed orders: SELL USDJPY 6.59 as 7 capped chunks; mode=live; export=2026-06-23T20:40:21+00:00; candle=2026-06-23T20:35:00+00:00
2026-06-23T20:40:45.189399+00:00 ALREADY_WRITTEN: Already handled candle 2026-06-23T20:35:00+00:00; mode=live; export=2026-06-23T20:40:21+00:00; candle=2026-06-23T20:35:00+00:00
2026-06-23T20:41:07.414814+00:00 ALREADY_WRITTEN: Already handled candle 2026-06-23T20:35:00+00:00; mode=live; export=2026-06-23T20:40:51+00:00; candle=2026-06-23T20:35:00+00:00
2026-06-23T20:41:15.266922+00:00 ALREADY_WRITTEN: Already handled candle 2026-06-23T20:35:00+00:00; mode=live; export=2026-06-23T20:40:51+00:00; candle=2026-06-23T20:35:00+00:00
2026-06-23T20:41:37.491813+00:00 ALREADY_WRITTEN: Already handled candle 2026-06-23T20:35:00+00:00; mode=live; export=2026-06-23T20:41:21+00:00; candle=2026-06-23T20:35:00+00:00
2026-06-23T20:41:45.345157+00:00 ALREADY_WRITTEN: Already handled candle 2026-06-23T20:35:00+00:00; mode=live; export=2026-06-23T20:41:21+00:00; candle=2026-06-23T20:35:00+00:00
2026-06-23T20:42:07.567964+00:00 ALREADY_WRITTEN: Already handled candle 2026-06-23T20:35:00+00:00; mode=live; export=2026-06-23T20:41:51+00:00; candle=2026-06-23T20:35:00+00:00
2026-06-23T20:42:15.423078+00:00 ALREADY_WRITTEN: Already handled candle 2026-06-23T20:35:00+00:00; mode=live; export=2026-06-23T20:41:51+00:00; candle=2026-06-23T20:35:00+00:00
2026-06-23T20:42:37.644945+00:00 ALREADY_WRITTEN: Already handled candle 2026-06-23T20:35:00+00:00; mode=live; export=2026-06-23T20:42:21+00:00; candle=2026-06-23T20:35:00+00:00
2026-06-23T20:42:45.499158+00:00 ALREADY_WRITTEN: Already handled candle 2026-06-23T20:35:00+00:00; mode=live; export=2026-06-23T20:42:21+00:00; candle=2026-06-23T20:35:00+00:00
2026-06-23T20:43:07.717180+00:00 ALREADY_WRITTEN: Already handled candle 2026-06-23T20:35:00+00:00; mode=live; export=2026-06-23T20:42:51+00:00; candle=2026-06-23T20:35:00+00:00
2026-06-23T20:43:15.575235+00:00 ALREADY_WRITTEN: Already handled candle 2026-06-23T20:35:00+00:00; mode=live; export=2026-06-23T20:42:51+00:00; candle=2026-06-23T20:35:00+00:00
2026-06-23T20:43:37.790673+00:00 ALREADY_WRITTEN: Already handled candle 2026-06-23T20:35:00+00:00; mode=live; export=2026-06-23T20:43:21+00:00; candle=2026-06-23T20:35:00+00:00
2026-06-23T20:43:45.652424+00:00 ALREADY_WRITTEN: Already handled candle 2026-06-23T20:35:00+00:00; mode=live; export=2026-06-23T20:43:21+00:00; candle=2026-06-23T20:35:00+00:00
2026-06-23T20:44:07.865614+00:00 ALREADY_WRITTEN: Already handled candle 2026-06-23T20:35:00+00:00; mode=live; export=2026-06-23T20:43:51+00:00; candle=2026-06-23T20:35:00+00:00
2026-06-23T20:44:15.719370+00:00 ALREADY_WRITTEN: Already handled candle 2026-06-23T20:35:00+00:00; mode=live; export=2026-06-23T20:43:51+00:00; candle=2026-06-23T20:35:00+00:00
2026-06-23T20:44:37.941983+00:00 ALREADY_WRITTEN: Already handled candle 2026-06-23T20:35:00+00:00; mode=live; export=2026-06-23T20:44:21+00:00; candle=2026-06-23T20:35:00+00:00
2026-06-23T20:44:45.797314+00:00 ALREADY_WRITTEN: Already handled candle 2026-06-23T20:35:00+00:00; mode=live; export=2026-06-23T20:44:21+00:00; candle=2026-06-23T20:35:00+00:00
2026-06-23T20:45:08.020919+00:00 ALREADY_WRITTEN: Already handled candle 2026-06-23T20:35:00+00:00; mode=live; export=2026-06-23T20:44:51+00:00; candle=2026-06-23T20:35:00+00:00
2026-06-23T20:45:15.858191+00:00 ALREADY_WRITTEN: Already handled candle 2026-06-23T20:35:00+00:00; mode=live; export=2026-06-23T20:44:51+00:00; candle=2026-06-23T20:35:00+00:00
2026-06-23T20:45:38.098644+00:00 WRITE_SPLIT: Writing split proposed orders: BUY USDJPY 6.59 as 7 capped chunks; mode=live; export=2026-06-23T20:45:21+00:00; candle=2026-06-23T20:40:00+00:00
2026-06-23T20:45:45.935701+00:00 ALREADY_WRITTEN: Already handled candle 2026-06-23T20:40:00+00:00; mode=live; export=2026-06-23T20:45:21+00:00; candle=2026-06-23T20:40:00+00:00
2026-06-23T20:46:08.174580+00:00 ALREADY_WRITTEN: Already handled candle 2026-06-23T20:40:00+00:00; mode=live; export=2026-06-23T20:45:51+00:00; candle=2026-06-23T20:40:00+00:00
2026-06-23T20:46:16.007755+00:00 ALREADY_WRITTEN: Already handled candle 2026-06-23T20:40:00+00:00; mode=live; export=2026-06-23T20:45:51+00:00; candle=2026-06-23T20:40:00+00:00
2026-06-23T20:46:38.256317+00:00 ALREADY_WRITTEN: Already handled candle 2026-06-23T20:40:00+00:00; mode=live; export=2026-06-23T20:46:21+00:00; candle=2026-06-23T20:40:00+00:00
2026-06-23T20:46:46.086910+00:00 ALREADY_WRITTEN: Already handled candle 2026-06-23T20:40:00+00:00; mode=live; export=2026-06-23T20:46:21+00:00; candle=2026-06-23T20:40:00+00:00
2026-06-23T20:47:08.333516+00:00 ALREADY_WRITTEN: Already handled candle 2026-06-23T20:40:00+00:00; mode=live; export=2026-06-23T20:46:51+00:00; candle=2026-06-23T20:40:00+00:00
2026-06-23T20:47:16.161657+00:00 ALREADY_WRITTEN: Already handled candle 2026-06-23T20:40:00+00:00; mode=live; export=2026-06-23T20:46:51+00:00; candle=2026-06-23T20:40:00+00:00
2026-06-23T20:47:38.412759+00:00 ALREADY_WRITTEN: Already handled candle 2026-06-23T20:40:00+00:00; mode=live; export=2026-06-23T20:47:21+00:00; candle=2026-06-23T20:40:00+00:00
2026-06-23T20:47:46.225552+00:00 ALREADY_WRITTEN: Already handled candle 2026-06-23T20:40:00+00:00; mode=live; export=2026-06-23T20:47:21+00:00; candle=2026-06-23T20:40:00+00:00
2026-06-23T20:48:08.489801+00:00 ALREADY_WRITTEN: Already handled candle 2026-06-23T20:40:00+00:00; mode=live; export=2026-06-23T20:47:51+00:00; candle=2026-06-23T20:40:00+00:00
2026-06-23T20:48:16.300183+00:00 ALREADY_WRITTEN: Already handled candle 2026-06-23T20:40:00+00:00; mode=live; export=2026-06-23T20:47:51+00:00; candle=2026-06-23T20:40:00+00:00
2026-06-23T20:48:38.559725+00:00 ALREADY_WRITTEN: Already handled candle 2026-06-23T20:40:00+00:00; mode=live; export=2026-06-23T20:48:20+00:00; candle=2026-06-23T20:40:00+00:00
2026-06-23T20:48:46.374866+00:00 ALREADY_WRITTEN: Already handled candle 2026-06-23T20:40:00+00:00; mode=live; export=2026-06-23T20:48:20+00:00; candle=2026-06-23T20:40:00+00:00
2026-06-23T20:49:08.638362+00:00 ALREADY_WRITTEN: Already handled candle 2026-06-23T20:40:00+00:00; mode=live; export=2026-06-23T20:48:51+00:00; candle=2026-06-23T20:40:00+00:00
2026-06-23T20:49:16.450153+00:00 ALREADY_WRITTEN: Already handled candle 2026-06-23T20:40:00+00:00; mode=live; export=2026-06-23T20:48:51+00:00; candle=2026-06-23T20:40:00+00:00
2026-06-23T20:49:38.687690+00:00 ALREADY_WRITTEN: Already handled candle 2026-06-23T20:40:00+00:00; mode=live; export=2026-06-23T20:49:21+00:00; candle=2026-06-23T20:40:00+00:00
2026-06-23T20:49:46.526709+00:00 ALREADY_WRITTEN: Already handled candle 2026-06-23T20:40:00+00:00; mode=live; export=2026-06-23T20:49:21+00:00; candle=2026-06-23T20:40:00+00:00
2026-06-23T20:50:08.764245+00:00 ALREADY_WRITTEN: Already handled candle 2026-06-23T20:40:00+00:00; mode=live; export=2026-06-23T20:49:51+00:00; candle=2026-06-23T20:40:00+00:00
2026-06-23T20:50:16.595429+00:00 ALREADY_WRITTEN: Already handled candle 2026-06-23T20:40:00+00:00; mode=live; export=2026-06-23T20:49:51+00:00; candle=2026-06-23T20:40:00+00:00
2026-06-23T20:50:38.839627+00:00 WRITE_SPLIT: Writing split proposed orders: BUY EURGBP 3.25 as 4 capped chunks; mode=live; export=2026-06-23T20:50:21+00:00; candle=2026-06-23T20:45:00+00:00
2026-06-23T20:50:46.672389+00:00 ALREADY_WRITTEN: Already handled candle 2026-06-23T20:45:00+00:00; mode=live; export=2026-06-23T20:50:21+00:00; candle=2026-06-23T20:45:00+00:00
2026-06-23T20:51:08.915988+00:00 ALREADY_WRITTEN: Already handled candle 2026-06-23T20:45:00+00:00; mode=live; export=2026-06-23T20:50:51+00:00; candle=2026-06-23T20:45:00+00:00
2026-06-23T20:51:16.749729+00:00 ALREADY_WRITTEN: Already handled candle 2026-06-23T20:45:00+00:00; mode=live; export=2026-06-23T20:50:51+00:00; candle=2026-06-23T20:45:00+00:00
2026-06-23T20:51:38.990097+00:00 ALREADY_WRITTEN: Already handled candle 2026-06-23T20:45:00+00:00; mode=live; export=2026-06-23T20:51:21+00:00; candle=2026-06-23T20:45:00+00:00
2026-06-23T20:51:46.825111+00:00 ALREADY_WRITTEN: Already handled candle 2026-06-23T20:45:00+00:00; mode=live; export=2026-06-23T20:51:21+00:00; candle=2026-06-23T20:45:00+00:00
2026-06-23T20:52:09.067067+00:00 ALREADY_WRITTEN: Already handled candle 2026-06-23T20:45:00+00:00; mode=live; export=2026-06-23T20:51:51+00:00; candle=2026-06-23T20:45:00+00:00
2026-06-23T20:52:16.901878+00:00 ALREADY_WRITTEN: Already handled candle 2026-06-23T20:45:00+00:00; mode=live; export=2026-06-23T20:51:51+00:00; candle=2026-06-23T20:45:00+00:00
2026-06-23T20:52:39.142772+00:00 ALREADY_WRITTEN: Already handled candle 2026-06-23T20:45:00+00:00; mode=live; export=2026-06-23T20:52:21+00:00; candle=2026-06-23T20:45:00+00:00
2026-06-23T20:52:46.977832+00:00 ALREADY_WRITTEN: Already handled candle 2026-06-23T20:45:00+00:00; mode=live; export=2026-06-23T20:52:21+00:00; candle=2026-06-23T20:45:00+00:00
2026-06-23T20:53:09.221021+00:00 ALREADY_WRITTEN: Already handled candle 2026-06-23T20:45:00+00:00; mode=live; export=2026-06-23T20:52:51+00:00; candle=2026-06-23T20:45:00+00:00
2026-06-23T20:53:17.054918+00:00 ALREADY_WRITTEN: Already handled candle 2026-06-23T20:45:00+00:00; mode=live; export=2026-06-23T20:52:51+00:00; candle=2026-06-23T20:45:00+00:00
2026-06-23T20:53:39.298709+00:00 ALREADY_WRITTEN: Already handled candle 2026-06-23T20:45:00+00:00; mode=live; export=2026-06-23T20:53:21+00:00; candle=2026-06-23T20:45:00+00:00
2026-06-23T20:53:47.124149+00:00 ALREADY_WRITTEN: Already handled candle 2026-06-23T20:45:00+00:00; mode=live; export=2026-06-23T20:53:21+00:00; candle=2026-06-23T20:45:00+00:00
2026-06-23T20:54:09.358618+00:00 ALREADY_WRITTEN: Already handled candle 2026-06-23T20:45:00+00:00; mode=live; export=2026-06-23T20:53:51+00:00; candle=2026-06-23T20:45:00+00:00
2026-06-23T20:54:17.199527+00:00 ALREADY_WRITTEN: Already handled candle 2026-06-23T20:45:00+00:00; mode=live; export=2026-06-23T20:53:51+00:00; candle=2026-06-23T20:45:00+00:00
2026-06-23T20:58:58.612862+00:00 WRITE_SPLIT: Writing split proposed orders: SELL EURGBP 3.25; BUY USDCHF 1.78 as 6 capped chunks; mode=live; export=2026-06-23T20:58:55+00:00; candle=2026-06-23T20:50:00+00:00
2026-06-23T20:59:06.453507+00:00 ALREADY_WRITTEN: Already handled candle 2026-06-23T20:50:00+00:00; mode=live; export=2026-06-23T20:58:55+00:00; candle=2026-06-23T20:50:00+00:00
2026-06-23T21:01:16.412359+00:00 WRITE_SPLIT: Writing split proposed orders: SELL EURUSD 2.25 as 3 capped chunks; mode=live; export=2026-06-23T21:01:09+00:00; candle=2026-06-23T20:55:00+00:00
2026-06-23T21:01:24.250269+00:00 ALREADY_WRITTEN: Already handled candle 2026-06-23T20:55:00+00:00; mode=live; export=2026-06-23T21:01:09+00:00; candle=2026-06-23T20:55:00+00:00
2026-06-23T21:01:46.494538+00:00 ALREADY_WRITTEN: Already handled candle 2026-06-23T20:55:00+00:00; mode=live; export=2026-06-23T21:01:39+00:00; candle=2026-06-23T20:55:00+00:00
2026-06-23T21:01:54.331800+00:00 ALREADY_WRITTEN: Already handled candle 2026-06-23T20:55:00+00:00; mode=live; export=2026-06-23T21:01:39+00:00; candle=2026-06-23T20:55:00+00:00
2026-06-23T21:19:42.821591+00:00 STALE_EXPORT: MT5 export is stale: 2026-06-23T21:01:53+00:00 age=1070s; mode=live; export=2026-06-23T21:01:53+00:00; candle=2026-06-23T21:10:00+00:00
2026-06-23T21:19:50.658949+00:00 HOLD: No meaningful orders after tiny-churn filter; mode=live; export=2026-06-23T21:19:45+00:00; candle=2026-06-23T21:10:00+00:00
2026-06-23T21:23:57.841841+00:00 WRITE_SPLIT: Writing split proposed orders: SELL USDCHF 1.78 as 2 capped chunks; mode=live; export=2026-06-23T21:23:44+00:00; candle=2026-06-23T21:15:00+00:00
2026-06-23T21:24:05.656397+00:00 ALREADY_WRITTEN: Already handled candle 2026-06-23T21:15:00+00:00; mode=live; export=2026-06-23T21:23:44+00:00; candle=2026-06-23T21:15:00+00:00
2026-06-23T21:24:27.900756+00:00 ALREADY_WRITTEN: Already handled candle 2026-06-23T21:15:00+00:00; mode=live; export=2026-06-23T21:24:14+00:00; candle=2026-06-23T21:15:00+00:00
2026-06-23T21:24:35.734662+00:00 ALREADY_WRITTEN: Already handled candle 2026-06-23T21:15:00+00:00; mode=live; export=2026-06-23T21:24:14+00:00; candle=2026-06-23T21:15:00+00:00
2026-06-23T21:24:57.977855+00:00 ALREADY_WRITTEN: Already handled candle 2026-06-23T21:15:00+00:00; mode=live; export=2026-06-23T21:24:44+00:00; candle=2026-06-23T21:15:00+00:00
2026-06-23T21:25:05.805057+00:00 ALREADY_WRITTEN: Already handled candle 2026-06-23T21:15:00+00:00; mode=live; export=2026-06-23T21:24:44+00:00; candle=2026-06-23T21:15:00+00:00
2026-06-23T21:25:28.045468+00:00 HOLD: No meaningful orders after tiny-churn filter; mode=live; export=2026-06-23T21:25:14+00:00; candle=2026-06-23T21:20:00+00:00
2026-06-23T21:25:35.883006+00:00 HOLD: No meaningful orders after tiny-churn filter; mode=live; export=2026-06-23T21:25:14+00:00; candle=2026-06-23T21:20:00+00:00
2026-06-23T21:25:58.123682+00:00 HOLD: No meaningful orders after tiny-churn filter; mode=live; export=2026-06-23T21:25:44+00:00; candle=2026-06-23T21:20:00+00:00
2026-06-23T21:26:05.961141+00:00 HOLD: No meaningful orders after tiny-churn filter; mode=live; export=2026-06-23T21:25:44+00:00; candle=2026-06-23T21:20:00+00:00
2026-06-23T21:26:28.200883+00:00 HOLD: No meaningful orders after tiny-churn filter; mode=live; export=2026-06-23T21:26:14+00:00; candle=2026-06-23T21:20:00+00:00
2026-06-23T21:26:36.038621+00:00 HOLD: No meaningful orders after tiny-churn filter; mode=live; export=2026-06-23T21:26:14+00:00; candle=2026-06-23T21:20:00+00:00
2026-06-23T21:26:58.274290+00:00 HOLD: No meaningful orders after tiny-churn filter; mode=live; export=2026-06-23T21:26:44+00:00; candle=2026-06-23T21:20:00+00:00
2026-06-23T21:27:06.113942+00:00 HOLD: No meaningful orders after tiny-churn filter; mode=live; export=2026-06-23T21:26:44+00:00; candle=2026-06-23T21:20:00+00:00
2026-06-23T21:27:28.349955+00:00 HOLD: No meaningful orders after tiny-churn filter; mode=live; export=2026-06-23T21:27:14+00:00; candle=2026-06-23T21:20:00+00:00
2026-06-23T21:27:36.192255+00:00 HOLD: No meaningful orders after tiny-churn filter; mode=live; export=2026-06-23T21:27:14+00:00; candle=2026-06-23T21:20:00+00:00
2026-06-23T21:27:58.427266+00:00 HOLD: No meaningful orders after tiny-churn filter; mode=live; export=2026-06-23T21:27:44+00:00; candle=2026-06-23T21:20:00+00:00
2026-06-23T21:28:06.270690+00:00 HOLD: No meaningful orders after tiny-churn filter; mode=live; export=2026-06-23T21:27:44+00:00; candle=2026-06-23T21:20:00+00:00
2026-06-23T21:28:28.504859+00:00 HOLD: No meaningful orders after tiny-churn filter; mode=live; export=2026-06-23T21:28:14+00:00; candle=2026-06-23T21:20:00+00:00
2026-06-23T21:28:36.346234+00:00 HOLD: No meaningful orders after tiny-churn filter; mode=live; export=2026-06-23T21:28:14+00:00; candle=2026-06-23T21:20:00+00:00
2026-06-23T21:28:58.583535+00:00 HOLD: No meaningful orders after tiny-churn filter; mode=live; export=2026-06-23T21:28:44+00:00; candle=2026-06-23T21:20:00+00:00
2026-06-23T21:29:06.421996+00:00 HOLD: No meaningful orders after tiny-churn filter; mode=live; export=2026-06-23T21:28:44+00:00; candle=2026-06-23T21:20:00+00:00
2026-06-23T21:29:28.663379+00:00 HOLD: No meaningful orders after tiny-churn filter; mode=live; export=2026-06-23T21:29:14+00:00; candle=2026-06-23T21:20:00+00:00
2026-06-23T21:29:36.496548+00:00 HOLD: No meaningful orders after tiny-churn filter; mode=live; export=2026-06-23T21:29:14+00:00; candle=2026-06-23T21:20:00+00:00
2026-06-23T21:29:58.741664+00:00 HOLD: No meaningful orders after tiny-churn filter; mode=live; export=2026-06-23T21:29:44+00:00; candle=2026-06-23T21:20:00+00:00
2026-06-23T21:30:06.574041+00:00 HOLD: No meaningful orders after tiny-churn filter; mode=live; export=2026-06-23T21:29:44+00:00; candle=2026-06-23T21:20:00+00:00
2026-06-23T21:30:28.820183+00:00 WRITE_SPLIT: Writing split proposed orders: BUY USDCHF 1.78 as 2 capped chunks; mode=live; export=2026-06-23T21:30:14+00:00; candle=2026-06-23T21:25:00+00:00
2026-06-23T21:30:36.652833+00:00 ALREADY_WRITTEN: Already handled candle 2026-06-23T21:25:00+00:00; mode=live; export=2026-06-23T21:30:14+00:00; candle=2026-06-23T21:25:00+00:00
2026-06-23T21:30:58.896696+00:00 ALREADY_WRITTEN: Already handled candle 2026-06-23T21:25:00+00:00; mode=live; export=2026-06-23T21:30:44+00:00; candle=2026-06-23T21:25:00+00:00
2026-06-23T21:31:06.731230+00:00 ALREADY_WRITTEN: Already handled candle 2026-06-23T21:25:00+00:00; mode=live; export=2026-06-23T21:30:44+00:00; candle=2026-06-23T21:25:00+00:00
2026-06-23T21:31:28.973798+00:00 ALREADY_WRITTEN: Already handled candle 2026-06-23T21:25:00+00:00; mode=live; export=2026-06-23T21:31:14+00:00; candle=2026-06-23T21:25:00+00:00
2026-06-23T21:31:36.808394+00:00 ALREADY_WRITTEN: Already handled candle 2026-06-23T21:25:00+00:00; mode=live; export=2026-06-23T21:31:14+00:00; candle=2026-06-23T21:25:00+00:00
2026-06-23T21:31:59.050746+00:00 ALREADY_WRITTEN: Already handled candle 2026-06-23T21:25:00+00:00; mode=live; export=2026-06-23T21:31:44+00:00; candle=2026-06-23T21:25:00+00:00
2026-06-23T21:32:06.885126+00:00 ALREADY_WRITTEN: Already handled candle 2026-06-23T21:25:00+00:00; mode=live; export=2026-06-23T21:31:44+00:00; candle=2026-06-23T21:25:00+00:00
2026-06-23T21:32:29.127416+00:00 ALREADY_WRITTEN: Already handled candle 2026-06-23T21:25:00+00:00; mode=live; export=2026-06-23T21:32:14+00:00; candle=2026-06-23T21:25:00+00:00
2026-06-23T21:32:36.961085+00:00 ALREADY_WRITTEN: Already handled candle 2026-06-23T21:25:00+00:00; mode=live; export=2026-06-23T21:32:14+00:00; candle=2026-06-23T21:25:00+00:00
2026-06-23T21:32:59.198498+00:00 ALREADY_WRITTEN: Already handled candle 2026-06-23T21:25:00+00:00; mode=live; export=2026-06-23T21:32:44+00:00; candle=2026-06-23T21:25:00+00:00
2026-06-23T21:33:07.039640+00:00 ALREADY_WRITTEN: Already handled candle 2026-06-23T21:25:00+00:00; mode=live; export=2026-06-23T21:32:44+00:00; candle=2026-06-23T21:25:00+00:00
2026-06-23T21:33:29.275022+00:00 ALREADY_WRITTEN: Already handled candle 2026-06-23T21:25:00+00:00; mode=live; export=2026-06-23T21:33:14+00:00; candle=2026-06-23T21:25:00+00:00
2026-06-23T21:33:37.115835+00:00 ALREADY_WRITTEN: Already handled candle 2026-06-23T21:25:00+00:00; mode=live; export=2026-06-23T21:33:14+00:00; candle=2026-06-23T21:25:00+00:00
2026-06-23T21:33:59.352076+00:00 ALREADY_WRITTEN: Already handled candle 2026-06-23T21:25:00+00:00; mode=live; export=2026-06-23T21:33:44+00:00; candle=2026-06-23T21:25:00+00:00
2026-06-23T21:34:07.188010+00:00 ALREADY_WRITTEN: Already handled candle 2026-06-23T21:25:00+00:00; mode=live; export=2026-06-23T21:33:44+00:00; candle=2026-06-23T21:25:00+00:00
2026-06-23T21:34:29.428780+00:00 ALREADY_WRITTEN: Already handled candle 2026-06-23T21:25:00+00:00; mode=live; export=2026-06-23T21:34:14+00:00; candle=2026-06-23T21:25:00+00:00
2026-06-23T21:34:37.263852+00:00 ALREADY_WRITTEN: Already handled candle 2026-06-23T21:25:00+00:00; mode=live; export=2026-06-23T21:34:14+00:00; candle=2026-06-23T21:25:00+00:00
2026-06-23T21:34:59.504666+00:00 ALREADY_WRITTEN: Already handled candle 2026-06-23T21:25:00+00:00; mode=live; export=2026-06-23T21:34:44+00:00; candle=2026-06-23T21:25:00+00:00
2026-06-23T21:35:07.341349+00:00 ALREADY_WRITTEN: Already handled candle 2026-06-23T21:25:00+00:00; mode=live; export=2026-06-23T21:34:44+00:00; candle=2026-06-23T21:25:00+00:00
2026-06-23T21:35:29.582739+00:00 HOLD: No meaningful orders after tiny-churn filter; mode=live; export=2026-06-23T21:35:14+00:00; candle=2026-06-23T21:30:00+00:00
2026-06-23T21:35:37.413139+00:00 HOLD: No meaningful orders after tiny-churn filter; mode=live; export=2026-06-23T21:35:14+00:00; candle=2026-06-23T21:30:00+00:00
2026-06-23T21:35:59.655084+00:00 HOLD: No meaningful orders after tiny-churn filter; mode=live; export=2026-06-23T21:35:44+00:00; candle=2026-06-23T21:30:00+00:00
2026-06-23T21:36:07.489921+00:00 HOLD: No meaningful orders after tiny-churn filter; mode=live; export=2026-06-23T21:35:44+00:00; candle=2026-06-23T21:30:00+00:00
2026-06-23T21:36:29.732393+00:00 HOLD: No meaningful orders after tiny-churn filter; mode=live; export=2026-06-23T21:36:14+00:00; candle=2026-06-23T21:30:00+00:00
2026-06-23T21:36:37.551475+00:00 HOLD: No meaningful orders after tiny-churn filter; mode=live; export=2026-06-23T21:36:14+00:00; candle=2026-06-23T21:30:00+00:00
2026-06-23T21:36:59.809138+00:00 HOLD: No meaningful orders after tiny-churn filter; mode=live; export=2026-06-23T21:36:44+00:00; candle=2026-06-23T21:30:00+00:00
2026-06-23T21:37:07.627598+00:00 HOLD: No meaningful orders after tiny-churn filter; mode=live; export=2026-06-23T21:36:44+00:00; candle=2026-06-23T21:30:00+00:00
2026-06-23T21:37:29.885005+00:00 HOLD: No meaningful orders after tiny-churn filter; mode=live; export=2026-06-23T21:37:14+00:00; candle=2026-06-23T21:30:00+00:00
2026-06-23T21:37:37.703759+00:00 HOLD: No meaningful orders after tiny-churn filter; mode=live; export=2026-06-23T21:37:14+00:00; candle=2026-06-23T21:30:00+00:00
2026-06-23T21:37:59.961564+00:00 HOLD: No meaningful orders after tiny-churn filter; mode=live; export=2026-06-23T21:37:44+00:00; candle=2026-06-23T21:30:00+00:00
2026-06-23T21:38:07.781328+00:00 HOLD: No meaningful orders after tiny-churn filter; mode=live; export=2026-06-23T21:37:44+00:00; candle=2026-06-23T21:30:00+00:00
2026-06-23T21:38:30.038754+00:00 HOLD: No meaningful orders after tiny-churn filter; mode=live; export=2026-06-23T21:38:14+00:00; candle=2026-06-23T21:30:00+00:00
2026-06-23T21:38:37.857909+00:00 HOLD: No meaningful orders after tiny-churn filter; mode=live; export=2026-06-23T21:38:14+00:00; candle=2026-06-23T21:30:00+00:00
2026-06-23T21:39:00.114793+00:00 HOLD: No meaningful orders after tiny-churn filter; mode=live; export=2026-06-23T21:38:44+00:00; candle=2026-06-23T21:30:00+00:00
2026-06-23T21:39:07.934354+00:00 HOLD: No meaningful orders after tiny-churn filter; mode=live; export=2026-06-23T21:38:44+00:00; candle=2026-06-23T21:30:00+00:00
2026-06-23T21:39:30.188593+00:00 HOLD: No meaningful orders after tiny-churn filter; mode=live; export=2026-06-23T21:39:14+00:00; candle=2026-06-23T21:30:00+00:00
2026-06-23T21:39:38.024988+00:00 HOLD: No meaningful orders after tiny-churn filter; mode=live; export=2026-06-23T21:39:14+00:00; candle=2026-06-23T21:30:00+00:00
2026-06-23T21:40:00.255663+00:00 HOLD: No meaningful orders after tiny-churn filter; mode=live; export=2026-06-23T21:39:44+00:00; candle=2026-06-23T21:30:00+00:00
2026-06-23T21:40:08.100070+00:00 HOLD: No meaningful orders after tiny-churn filter; mode=live; export=2026-06-23T21:39:44+00:00; candle=2026-06-23T21:30:00+00:00
2026-06-23T21:40:30.345483+00:00 HOLD: No meaningful orders after tiny-churn filter; mode=live; export=2026-06-23T21:40:14+00:00; candle=2026-06-23T21:35:00+00:00
2026-06-23T21:40:38.182630+00:00 HOLD: No meaningful orders after tiny-churn filter; mode=live; export=2026-06-23T21:40:14+00:00; candle=2026-06-23T21:35:00+00:00
2026-06-23T21:41:00.427527+00:00 HOLD: No meaningful orders after tiny-churn filter; mode=live; export=2026-06-23T21:40:44+00:00; candle=2026-06-23T21:35:00+00:00
2026-06-23T21:41:08.266483+00:00 HOLD: No meaningful orders after tiny-churn filter; mode=live; export=2026-06-23T21:40:44+00:00; candle=2026-06-23T21:35:00+00:00
2026-06-23T21:41:30.503908+00:00 HOLD: No meaningful orders after tiny-churn filter; mode=live; export=2026-06-23T21:41:14+00:00; candle=2026-06-23T21:35:00+00:00
2026-06-23T21:41:38.338631+00:00 HOLD: No meaningful orders after tiny-churn filter; mode=live; export=2026-06-23T21:41:14+00:00; candle=2026-06-23T21:35:00+00:00
2026-06-23T21:42:00.581370+00:00 HOLD: No meaningful orders after tiny-churn filter; mode=live; export=2026-06-23T21:41:44+00:00; candle=2026-06-23T21:35:00+00:00
2026-06-23T21:42:08.420204+00:00 HOLD: No meaningful orders after tiny-churn filter; mode=live; export=2026-06-23T21:41:44+00:00; candle=2026-06-23T21:35:00+00:00
2026-06-23T21:42:30.660812+00:00 HOLD: No meaningful orders after tiny-churn filter; mode=live; export=2026-06-23T21:42:14+00:00; candle=2026-06-23T21:35:00+00:00
2026-06-23T21:42:38.500200+00:00 HOLD: No meaningful orders after tiny-churn filter; mode=live; export=2026-06-23T21:42:14+00:00; candle=2026-06-23T21:35:00+00:00
2026-06-23T21:43:00.741669+00:00 HOLD: No meaningful orders after tiny-churn filter; mode=live; export=2026-06-23T21:42:44+00:00; candle=2026-06-23T21:35:00+00:00
2026-06-23T21:43:08.582080+00:00 HOLD: No meaningful orders after tiny-churn filter; mode=live; export=2026-06-23T21:42:44+00:00; candle=2026-06-23T21:35:00+00:00
2026-06-23T21:43:30.825520+00:00 HOLD: No meaningful orders after tiny-churn filter; mode=live; export=2026-06-23T21:43:14+00:00; candle=2026-06-23T21:35:00+00:00
2026-06-23T21:43:38.657320+00:00 HOLD: No meaningful orders after tiny-churn filter; mode=live; export=2026-06-23T21:43:14+00:00; candle=2026-06-23T21:35:00+00:00
2026-06-23T21:44:00.908013+00:00 HOLD: No meaningful orders after tiny-churn filter; mode=live; export=2026-06-23T21:43:44+00:00; candle=2026-06-23T21:35:00+00:00
2026-06-23T21:44:08.735156+00:00 HOLD: No meaningful orders after tiny-churn filter; mode=live; export=2026-06-23T21:43:44+00:00; candle=2026-06-23T21:35:00+00:00
2026-06-23T21:44:30.989681+00:00 HOLD: No meaningful orders after tiny-churn filter; mode=live; export=2026-06-23T21:44:14+00:00; candle=2026-06-23T21:35:00+00:00
2026-06-23T21:44:38.817536+00:00 HOLD: No meaningful orders after tiny-churn filter; mode=live; export=2026-06-23T21:44:14+00:00; candle=2026-06-23T21:35:00+00:00
2026-06-23T21:45:01.070967+00:00 HOLD: No meaningful orders after tiny-churn filter; mode=live; export=2026-06-23T21:44:44+00:00; candle=2026-06-23T21:35:00+00:00
2026-06-23T21:45:08.901401+00:00 HOLD: No meaningful orders after tiny-churn filter; mode=live; export=2026-06-23T21:44:44+00:00; candle=2026-06-23T21:35:00+00:00
2026-06-23T21:45:31.152481+00:00 HOLD: No meaningful orders after tiny-churn filter; mode=live; export=2026-06-23T21:45:14+00:00; candle=2026-06-23T21:40:00+00:00
2026-06-23T21:45:38.980698+00:00 HOLD: No meaningful orders after tiny-churn filter; mode=live; export=2026-06-23T21:45:14+00:00; candle=2026-06-23T21:40:00+00:00
2026-06-23T21:46:01.234603+00:00 HOLD: No meaningful orders after tiny-churn filter; mode=live; export=2026-06-23T21:45:44+00:00; candle=2026-06-23T21:40:00+00:00
2026-06-23T21:46:09.063466+00:00 HOLD: No meaningful orders after tiny-churn filter; mode=live; export=2026-06-23T21:45:44+00:00; candle=2026-06-23T21:40:00+00:00
2026-06-23T21:46:31.314854+00:00 HOLD: No meaningful orders after tiny-churn filter; mode=live; export=2026-06-23T21:46:14+00:00; candle=2026-06-23T21:40:00+00:00
2026-06-23T21:46:39.145225+00:00 HOLD: No meaningful orders after tiny-churn filter; mode=live; export=2026-06-23T21:46:14+00:00; candle=2026-06-23T21:40:00+00:00
2026-06-23T21:47:01.396613+00:00 HOLD: No meaningful orders after tiny-churn filter; mode=live; export=2026-06-23T21:46:44+00:00; candle=2026-06-23T21:40:00+00:00
2026-06-23T21:47:09.228208+00:00 HOLD: No meaningful orders after tiny-churn filter; mode=live; export=2026-06-23T21:46:44+00:00; candle=2026-06-23T21:40:00+00:00
2026-06-23T21:47:31.480361+00:00 HOLD: No meaningful orders after tiny-churn filter; mode=live; export=2026-06-23T21:47:14+00:00; candle=2026-06-23T21:40:00+00:00
2026-06-23T21:47:39.310352+00:00 HOLD: No meaningful orders after tiny-churn filter; mode=live; export=2026-06-23T21:47:14+00:00; candle=2026-06-23T21:40:00+00:00
2026-06-23T21:48:01.561873+00:00 HOLD: No meaningful orders after tiny-churn filter; mode=live; export=2026-06-23T21:47:44+00:00; candle=2026-06-23T21:40:00+00:00
2026-06-23T21:48:09.392159+00:00 HOLD: No meaningful orders after tiny-churn filter; mode=live; export=2026-06-23T21:47:44+00:00; candle=2026-06-23T21:40:00+00:00
2026-06-23T21:48:31.645107+00:00 HOLD: No meaningful orders after tiny-churn filter; mode=live; export=2026-06-23T21:48:14+00:00; candle=2026-06-23T21:40:00+00:00
2026-06-23T21:48:39.476307+00:00 HOLD: No meaningful orders after tiny-churn filter; mode=live; export=2026-06-23T21:48:14+00:00; candle=2026-06-23T21:40:00+00:00
2026-06-23T21:49:01.728625+00:00 HOLD: No meaningful orders after tiny-churn filter; mode=live; export=2026-06-23T21:48:44+00:00; candle=2026-06-23T21:40:00+00:00
2026-06-23T21:49:09.544355+00:00 HOLD: No meaningful orders after tiny-churn filter; mode=live; export=2026-06-23T21:48:44+00:00; candle=2026-06-23T21:40:00+00:00
2026-06-23T21:49:31.810898+00:00 HOLD: No meaningful orders after tiny-churn filter; mode=live; export=2026-06-23T21:49:14+00:00; candle=2026-06-23T21:40:00+00:00
2026-06-23T21:49:39.617459+00:00 HOLD: No meaningful orders after tiny-churn filter; mode=live; export=2026-06-23T21:49:14+00:00; candle=2026-06-23T21:40:00+00:00
2026-06-23T21:50:01.894752+00:00 HOLD: No meaningful orders after tiny-churn filter; mode=live; export=2026-06-23T21:49:44+00:00; candle=2026-06-23T21:40:00+00:00
2026-06-23T21:50:09.698601+00:00 HOLD: No meaningful orders after tiny-churn filter; mode=live; export=2026-06-23T21:49:44+00:00; candle=2026-06-23T21:40:00+00:00
2026-06-23T21:50:31.977127+00:00 HOLD: No meaningful orders after tiny-churn filter; mode=live; export=2026-06-23T21:50:14+00:00; candle=2026-06-23T21:45:00+00:00
2026-06-23T21:50:39.779791+00:00 HOLD: No meaningful orders after tiny-churn filter; mode=live; export=2026-06-23T21:50:14+00:00; candle=2026-06-23T21:45:00+00:00
2026-06-23T21:51:02.061041+00:00 HOLD: No meaningful orders after tiny-churn filter; mode=live; export=2026-06-23T21:50:44+00:00; candle=2026-06-23T21:45:00+00:00
2026-06-23T21:51:09.863416+00:00 HOLD: No meaningful orders after tiny-churn filter; mode=live; export=2026-06-23T21:50:44+00:00; candle=2026-06-23T21:45:00+00:00
2026-06-23T21:51:32.144433+00:00 HOLD: No meaningful orders after tiny-churn filter; mode=live; export=2026-06-23T21:51:14+00:00; candle=2026-06-23T21:45:00+00:00
2026-06-23T21:51:39.946589+00:00 HOLD: No meaningful orders after tiny-churn filter; mode=live; export=2026-06-23T21:51:14+00:00; candle=2026-06-23T21:45:00+00:00
2026-06-23T21:52:02.220649+00:00 HOLD: No meaningful orders after tiny-churn filter; mode=live; export=2026-06-23T21:51:44+00:00; candle=2026-06-23T21:45:00+00:00
2026-06-23T21:52:10.027677+00:00 HOLD: No meaningful orders after tiny-churn filter; mode=live; export=2026-06-23T21:51:44+00:00; candle=2026-06-23T21:45:00+00:00
2026-06-23T21:52:32.305118+00:00 HOLD: No meaningful orders after tiny-churn filter; mode=live; export=2026-06-23T21:52:14+00:00; candle=2026-06-23T21:45:00+00:00
2026-06-23T21:52:40.111482+00:00 HOLD: No meaningful orders after tiny-churn filter; mode=live; export=2026-06-23T21:52:14+00:00; candle=2026-06-23T21:45:00+00:00
2026-06-23T21:53:02.389776+00:00 HOLD: No meaningful orders after tiny-churn filter; mode=live; export=2026-06-23T21:52:44+00:00; candle=2026-06-23T21:45:00+00:00
2026-06-23T21:53:10.195146+00:00 HOLD: No meaningful orders after tiny-churn filter; mode=live; export=2026-06-23T21:52:44+00:00; candle=2026-06-23T21:45:00+00:00
2026-06-23T21:53:32.468563+00:00 HOLD: No meaningful orders after tiny-churn filter; mode=live; export=2026-06-23T21:53:14+00:00; candle=2026-06-23T21:45:00+00:00
2026-06-23T21:53:40.278208+00:00 HOLD: No meaningful orders after tiny-churn filter; mode=live; export=2026-06-23T21:53:14+00:00; candle=2026-06-23T21:45:00+00:00
2026-06-23T21:54:02.552374+00:00 HOLD: No meaningful orders after tiny-churn filter; mode=live; export=2026-06-23T21:53:44+00:00; candle=2026-06-23T21:45:00+00:00
2026-06-23T21:54:10.360390+00:00 HOLD: No meaningful orders after tiny-churn filter; mode=live; export=2026-06-23T21:53:44+00:00; candle=2026-06-23T21:45:00+00:00
2026-06-23T21:54:32.634222+00:00 HOLD: No meaningful orders after tiny-churn filter; mode=live; export=2026-06-23T21:54:14+00:00; candle=2026-06-23T21:45:00+00:00
2026-06-23T21:54:40.432803+00:00 HOLD: No meaningful orders after tiny-churn filter; mode=live; export=2026-06-23T21:54:14+00:00; candle=2026-06-23T21:45:00+00:00
2026-06-23T21:55:02.709464+00:00 HOLD: No meaningful orders after tiny-churn filter; mode=live; export=2026-06-23T21:54:44+00:00; candle=2026-06-23T21:45:00+00:00
2026-06-23T21:55:10.516123+00:00 HOLD: No meaningful orders after tiny-churn filter; mode=live; export=2026-06-23T21:54:44+00:00; candle=2026-06-23T21:45:00+00:00
2026-06-23T21:55:32.794374+00:00 WRITE_SPLIT: Writing split proposed orders: BUY USDCHF 1.78 as 2 capped chunks; mode=live; export=2026-06-23T21:55:14+00:00; candle=2026-06-23T21:50:00+00:00
2026-06-23T21:55:40.582808+00:00 ALREADY_WRITTEN: Already handled candle 2026-06-23T21:50:00+00:00; mode=live; export=2026-06-23T21:55:14+00:00; candle=2026-06-23T21:50:00+00:00
2026-06-23T21:56:02.873195+00:00 ALREADY_WRITTEN: Already handled candle 2026-06-23T21:50:00+00:00; mode=live; export=2026-06-23T21:55:44+00:00; candle=2026-06-23T21:50:00+00:00
2026-06-23T21:56:10.663679+00:00 ALREADY_WRITTEN: Already handled candle 2026-06-23T21:50:00+00:00; mode=live; export=2026-06-23T21:55:44+00:00; candle=2026-06-23T21:50:00+00:00
2026-06-23T21:56:32.953521+00:00 ALREADY_WRITTEN: Already handled candle 2026-06-23T21:50:00+00:00; mode=live; export=2026-06-23T21:56:14+00:00; candle=2026-06-23T21:50:00+00:00
2026-06-23T21:56:40.742718+00:00 ALREADY_WRITTEN: Already handled candle 2026-06-23T21:50:00+00:00; mode=live; export=2026-06-23T21:56:14+00:00; candle=2026-06-23T21:50:00+00:00
2026-06-23T21:57:03.019254+00:00 ALREADY_WRITTEN: Already handled candle 2026-06-23T21:50:00+00:00; mode=live; export=2026-06-23T21:56:44+00:00; candle=2026-06-23T21:50:00+00:00
2026-06-23T21:57:10.818713+00:00 ALREADY_WRITTEN: Already handled candle 2026-06-23T21:50:00+00:00; mode=live; export=2026-06-23T21:56:44+00:00; candle=2026-06-23T21:50:00+00:00
2026-06-23T21:57:33.100373+00:00 ALREADY_WRITTEN: Already handled candle 2026-06-23T21:50:00+00:00; mode=live; export=2026-06-23T21:57:14+00:00; candle=2026-06-23T21:50:00+00:00
2026-06-23T21:57:40.896630+00:00 ALREADY_WRITTEN: Already handled candle 2026-06-23T21:50:00+00:00; mode=live; export=2026-06-23T21:57:14+00:00; candle=2026-06-23T21:50:00+00:00
2026-06-23T21:58:03.170320+00:00 ALREADY_WRITTEN: Already handled candle 2026-06-23T21:50:00+00:00; mode=live; export=2026-06-23T21:57:44+00:00; candle=2026-06-23T21:50:00+00:00
2026-06-23T21:58:10.978113+00:00 ALREADY_WRITTEN: Already handled candle 2026-06-23T21:50:00+00:00; mode=live; export=2026-06-23T21:57:44+00:00; candle=2026-06-23T21:50:00+00:00
2026-06-23T21:58:33.253275+00:00 ALREADY_WRITTEN: Already handled candle 2026-06-23T21:50:00+00:00; mode=live; export=2026-06-23T21:58:14+00:00; candle=2026-06-23T21:50:00+00:00
2026-06-23T21:58:41.061251+00:00 ALREADY_WRITTEN: Already handled candle 2026-06-23T21:50:00+00:00; mode=live; export=2026-06-23T21:58:14+00:00; candle=2026-06-23T21:50:00+00:00
2026-06-23T21:59:03.335218+00:00 ALREADY_WRITTEN: Already handled candle 2026-06-23T21:50:00+00:00; mode=live; export=2026-06-23T21:58:44+00:00; candle=2026-06-23T21:50:00+00:00
2026-06-23T21:59:11.143568+00:00 ALREADY_WRITTEN: Already handled candle 2026-06-23T21:50:00+00:00; mode=live; export=2026-06-23T21:58:44+00:00; candle=2026-06-23T21:50:00+00:00
2026-06-23T21:59:33.419695+00:00 ALREADY_WRITTEN: Already handled candle 2026-06-23T21:50:00+00:00; mode=live; export=2026-06-23T21:59:14+00:00; candle=2026-06-23T21:50:00+00:00
2026-06-23T21:59:41.225904+00:00 ALREADY_WRITTEN: Already handled candle 2026-06-23T21:50:00+00:00; mode=live; export=2026-06-23T21:59:14+00:00; candle=2026-06-23T21:50:00+00:00
2026-06-23T22:00:03.489299+00:00 ALREADY_WRITTEN: Already handled candle 2026-06-23T21:50:00+00:00; mode=live; export=2026-06-23T21:59:44+00:00; candle=2026-06-23T21:50:00+00:00
2026-06-23T22:00:11.291716+00:00 ALREADY_WRITTEN: Already handled candle 2026-06-23T21:50:00+00:00; mode=live; export=2026-06-23T21:59:44+00:00; candle=2026-06-23T21:50:00+00:00
2026-06-23T22:00:33.546762+00:00 WRITE_SPLIT: Writing split proposed orders: SELL USDCHF 1.78 as 2 capped chunks; mode=live; export=2026-06-23T22:00:14+00:00; candle=2026-06-23T21:55:00+00:00
2026-06-23T22:00:41.370767+00:00 ALREADY_WRITTEN: Already handled candle 2026-06-23T21:55:00+00:00; mode=live; export=2026-06-23T22:00:14+00:00; candle=2026-06-23T21:55:00+00:00
2026-06-23T22:01:03.629451+00:00 ALREADY_WRITTEN: Already handled candle 2026-06-23T21:55:00+00:00; mode=live; export=2026-06-23T22:00:44+00:00; candle=2026-06-23T21:55:00+00:00
2026-06-23T22:01:11.444757+00:00 ALREADY_WRITTEN: Already handled candle 2026-06-23T21:55:00+00:00; mode=live; export=2026-06-23T22:00:44+00:00; candle=2026-06-23T21:55:00+00:00
2026-06-23T22:01:33.710831+00:00 ALREADY_WRITTEN: Already handled candle 2026-06-23T21:55:00+00:00; mode=live; export=2026-06-23T22:01:14+00:00; candle=2026-06-23T21:55:00+00:00
2026-06-23T22:01:41.527035+00:00 ALREADY_WRITTEN: Already handled candle 2026-06-23T21:55:00+00:00; mode=live; export=2026-06-23T22:01:14+00:00; candle=2026-06-23T21:55:00+00:00
2026-06-23T22:02:03.792209+00:00 ALREADY_WRITTEN: Already handled candle 2026-06-23T21:55:00+00:00; mode=live; export=2026-06-23T22:01:44+00:00; candle=2026-06-23T21:55:00+00:00
2026-06-23T22:02:11.608251+00:00 ALREADY_WRITTEN: Already handled candle 2026-06-23T21:55:00+00:00; mode=live; export=2026-06-23T22:01:44+00:00; candle=2026-06-23T21:55:00+00:00
2026-06-23T22:02:33.866584+00:00 ALREADY_WRITTEN: Already handled candle 2026-06-23T21:55:00+00:00; mode=live; export=2026-06-23T22:02:14+00:00; candle=2026-06-23T21:55:00+00:00
2026-06-23T22:02:41.688793+00:00 ALREADY_WRITTEN: Already handled candle 2026-06-23T21:55:00+00:00; mode=live; export=2026-06-23T22:02:14+00:00; candle=2026-06-23T21:55:00+00:00
2026-06-23T22:03:03.950673+00:00 ALREADY_WRITTEN: Already handled candle 2026-06-23T21:55:00+00:00; mode=live; export=2026-06-23T22:02:44+00:00; candle=2026-06-23T21:55:00+00:00
2026-06-23T22:03:11.758929+00:00 ALREADY_WRITTEN: Already handled candle 2026-06-23T21:55:00+00:00; mode=live; export=2026-06-23T22:02:44+00:00; candle=2026-06-23T21:55:00+00:00
2026-06-23T22:03:34.031997+00:00 ALREADY_WRITTEN: Already handled candle 2026-06-23T21:55:00+00:00; mode=live; export=2026-06-23T22:03:14+00:00; candle=2026-06-23T21:55:00+00:00
2026-06-23T22:03:41.842402+00:00 ALREADY_WRITTEN: Already handled candle 2026-06-23T21:55:00+00:00; mode=live; export=2026-06-23T22:03:14+00:00; candle=2026-06-23T21:55:00+00:00
2026-06-23T22:04:04.113531+00:00 ALREADY_WRITTEN: Already handled candle 2026-06-23T21:55:00+00:00; mode=live; export=2026-06-23T22:03:44+00:00; candle=2026-06-23T21:55:00+00:00
2026-06-23T22:04:11.926649+00:00 ALREADY_WRITTEN: Already handled candle 2026-06-23T21:55:00+00:00; mode=live; export=2026-06-23T22:03:44+00:00; candle=2026-06-23T21:55:00+00:00
2026-06-23T22:04:34.196375+00:00 ALREADY_WRITTEN: Already handled candle 2026-06-23T21:55:00+00:00; mode=live; export=2026-06-23T22:04:14+00:00; candle=2026-06-23T21:55:00+00:00
2026-06-23T22:04:42.006976+00:00 ALREADY_WRITTEN: Already handled candle 2026-06-23T21:55:00+00:00; mode=live; export=2026-06-23T22:04:14+00:00; candle=2026-06-23T21:55:00+00:00
2026-06-23T22:05:04.278061+00:00 ALREADY_WRITTEN: Already handled candle 2026-06-23T21:55:00+00:00; mode=live; export=2026-06-23T22:04:44+00:00; candle=2026-06-23T21:55:00+00:00
2026-06-23T22:05:12.088337+00:00 ALREADY_WRITTEN: Already handled candle 2026-06-23T21:55:00+00:00; mode=live; export=2026-06-23T22:04:44+00:00; candle=2026-06-23T21:55:00+00:00
2026-06-23T22:05:34.357072+00:00 WRITE_SPLIT: Writing split proposed orders: BUY EURUSD 2.25; BUY USDCHF 1.78; SELL USDJPY 6.58 as 12 capped chunks; mode=live; export=2026-06-23T22:05:14+00:00; candle=2026-06-23T22:00:00+00:00
2026-06-23T22:05:42.167955+00:00 ALREADY_WRITTEN: Already handled candle 2026-06-23T22:00:00+00:00; mode=live; export=2026-06-23T22:05:14+00:00; candle=2026-06-23T22:00:00+00:00
2026-06-23T22:06:04.436397+00:00 ALREADY_WRITTEN: Already handled candle 2026-06-23T22:00:00+00:00; mode=live; export=2026-06-23T22:05:44+00:00; candle=2026-06-23T22:00:00+00:00
2026-06-23T22:06:12.251198+00:00 ALREADY_WRITTEN: Already handled candle 2026-06-23T22:00:00+00:00; mode=live; export=2026-06-23T22:05:44+00:00; candle=2026-06-23T22:00:00+00:00
2026-06-23T22:06:34.518096+00:00 ALREADY_WRITTEN: Already handled candle 2026-06-23T22:00:00+00:00; mode=live; export=2026-06-23T22:06:14+00:00; candle=2026-06-23T22:00:00+00:00
2026-06-23T22:06:42.332516+00:00 ALREADY_WRITTEN: Already handled candle 2026-06-23T22:00:00+00:00; mode=live; export=2026-06-23T22:06:14+00:00; candle=2026-06-23T22:00:00+00:00
2026-06-23T22:07:04.600805+00:00 ALREADY_WRITTEN: Already handled candle 2026-06-23T22:00:00+00:00; mode=live; export=2026-06-23T22:06:44+00:00; candle=2026-06-23T22:00:00+00:00
2026-06-23T22:07:12.416856+00:00 ALREADY_WRITTEN: Already handled candle 2026-06-23T22:00:00+00:00; mode=live; export=2026-06-23T22:06:44+00:00; candle=2026-06-23T22:00:00+00:00
2026-06-23T22:07:34.681986+00:00 ALREADY_WRITTEN: Already handled candle 2026-06-23T22:00:00+00:00; mode=live; export=2026-06-23T22:07:14+00:00; candle=2026-06-23T22:00:00+00:00
2026-06-23T22:07:42.498890+00:00 ALREADY_WRITTEN: Already handled candle 2026-06-23T22:00:00+00:00; mode=live; export=2026-06-23T22:07:14+00:00; candle=2026-06-23T22:00:00+00:00
2026-06-23T22:08:04.764127+00:00 ALREADY_WRITTEN: Already handled candle 2026-06-23T22:00:00+00:00; mode=live; export=2026-06-23T22:07:44+00:00; candle=2026-06-23T22:00:00+00:00
2026-06-23T22:08:12.580804+00:00 ALREADY_WRITTEN: Already handled candle 2026-06-23T22:00:00+00:00; mode=live; export=2026-06-23T22:07:44+00:00; candle=2026-06-23T22:00:00+00:00
2026-06-23T22:08:34.837717+00:00 ALREADY_WRITTEN: Already handled candle 2026-06-23T22:00:00+00:00; mode=live; export=2026-06-23T22:08:14+00:00; candle=2026-06-23T22:00:00+00:00
2026-06-23T22:08:42.663402+00:00 ALREADY_WRITTEN: Already handled candle 2026-06-23T22:00:00+00:00; mode=live; export=2026-06-23T22:08:14+00:00; candle=2026-06-23T22:00:00+00:00
2026-06-23T22:09:04.916980+00:00 ALREADY_WRITTEN: Already handled candle 2026-06-23T22:00:00+00:00; mode=live; export=2026-06-23T22:08:44+00:00; candle=2026-06-23T22:00:00+00:00
2026-06-23T22:09:12.746697+00:00 ALREADY_WRITTEN: Already handled candle 2026-06-23T22:00:00+00:00; mode=live; export=2026-06-23T22:08:44+00:00; candle=2026-06-23T22:00:00+00:00
2026-06-23T22:09:34.987495+00:00 ALREADY_WRITTEN: Already handled candle 2026-06-23T22:00:00+00:00; mode=live; export=2026-06-23T22:09:14+00:00; candle=2026-06-23T22:00:00+00:00
2026-06-23T22:09:42.830711+00:00 ALREADY_WRITTEN: Already handled candle 2026-06-23T22:00:00+00:00; mode=live; export=2026-06-23T22:09:14+00:00; candle=2026-06-23T22:00:00+00:00
2026-06-23T22:10:05.067491+00:00 ALREADY_WRITTEN: Already handled candle 2026-06-23T22:00:00+00:00; mode=live; export=2026-06-23T22:09:44+00:00; candle=2026-06-23T22:00:00+00:00
2026-06-23T22:10:12.913075+00:00 ALREADY_WRITTEN: Already handled candle 2026-06-23T22:00:00+00:00; mode=live; export=2026-06-23T22:09:44+00:00; candle=2026-06-23T22:00:00+00:00
2026-06-23T22:10:35.150564+00:00 HOLD: No meaningful orders after tiny-churn filter; mode=live; export=2026-06-23T22:10:14+00:00; candle=2026-06-23T22:05:00+00:00
2026-06-23T22:10:42.994173+00:00 HOLD: No meaningful orders after tiny-churn filter; mode=live; export=2026-06-23T22:10:14+00:00; candle=2026-06-23T22:05:00+00:00
2026-06-23T22:11:05.220326+00:00 HOLD: No meaningful orders after tiny-churn filter; mode=live; export=2026-06-23T22:10:44+00:00; candle=2026-06-23T22:05:00+00:00
2026-06-23T22:11:13.076020+00:00 HOLD: No meaningful orders after tiny-churn filter; mode=live; export=2026-06-23T22:10:44+00:00; candle=2026-06-23T22:05:00+00:00
2026-06-23T22:11:35.297501+00:00 HOLD: No meaningful orders after tiny-churn filter; mode=live; export=2026-06-23T22:11:14+00:00; candle=2026-06-23T22:05:00+00:00
2026-06-23T22:11:43.157904+00:00 HOLD: No meaningful orders after tiny-churn filter; mode=live; export=2026-06-23T22:11:14+00:00; candle=2026-06-23T22:05:00+00:00
2026-06-23T22:12:05.378721+00:00 HOLD: No meaningful orders after tiny-churn filter; mode=live; export=2026-06-23T22:11:44+00:00; candle=2026-06-23T22:05:00+00:00
2026-06-23T22:12:13.239882+00:00 HOLD: No meaningful orders after tiny-churn filter; mode=live; export=2026-06-23T22:11:44+00:00; candle=2026-06-23T22:05:00+00:00
2026-06-23T22:12:35.460185+00:00 HOLD: No meaningful orders after tiny-churn filter; mode=live; export=2026-06-23T22:12:14+00:00; candle=2026-06-23T22:05:00+00:00
2026-06-23T22:12:43.322368+00:00 HOLD: No meaningful orders after tiny-churn filter; mode=live; export=2026-06-23T22:12:14+00:00; candle=2026-06-23T22:05:00+00:00
2026-06-23T22:13:05.542238+00:00 HOLD: No meaningful orders after tiny-churn filter; mode=live; export=2026-06-23T22:12:44+00:00; candle=2026-06-23T22:05:00+00:00
2026-06-23T22:13:13.397518+00:00 HOLD: No meaningful orders after tiny-churn filter; mode=live; export=2026-06-23T22:12:44+00:00; candle=2026-06-23T22:05:00+00:00
2026-06-23T22:13:35.620631+00:00 HOLD: No meaningful orders after tiny-churn filter; mode=live; export=2026-06-23T22:13:14+00:00; candle=2026-06-23T22:05:00+00:00
2026-06-23T22:13:43.481316+00:00 HOLD: No meaningful orders after tiny-churn filter; mode=live; export=2026-06-23T22:13:14+00:00; candle=2026-06-23T22:05:00+00:00
2026-06-23T22:14:05.701685+00:00 HOLD: No meaningful orders after tiny-churn filter; mode=live; export=2026-06-23T22:13:44+00:00; candle=2026-06-23T22:05:00+00:00
2026-06-23T22:14:13.560544+00:00 HOLD: No meaningful orders after tiny-churn filter; mode=live; export=2026-06-23T22:13:44+00:00; candle=2026-06-23T22:05:00+00:00
2026-06-23T22:14:35.783372+00:00 HOLD: No meaningful orders after tiny-churn filter; mode=live; export=2026-06-23T22:14:14+00:00; candle=2026-06-23T22:05:00+00:00
2026-06-23T22:14:43.632801+00:00 HOLD: No meaningful orders after tiny-churn filter; mode=live; export=2026-06-23T22:14:14+00:00; candle=2026-06-23T22:05:00+00:00
2026-06-23T22:15:05.856276+00:00 HOLD: No meaningful orders after tiny-churn filter; mode=live; export=2026-06-23T22:14:44+00:00; candle=2026-06-23T22:05:00+00:00
2026-06-23T22:15:13.714366+00:00 HOLD: No meaningful orders after tiny-churn filter; mode=live; export=2026-06-23T22:14:44+00:00; candle=2026-06-23T22:05:00+00:00
2026-06-23T22:15:35.933304+00:00 HOLD: No meaningful orders after tiny-churn filter; mode=live; export=2026-06-23T22:15:14+00:00; candle=2026-06-23T22:10:00+00:00
2026-06-23T22:15:43.780941+00:00 HOLD: No meaningful orders after tiny-churn filter; mode=live; export=2026-06-23T22:15:14+00:00; candle=2026-06-23T22:10:00+00:00
2026-06-23T22:16:06.015917+00:00 HOLD: No meaningful orders after tiny-churn filter; mode=live; export=2026-06-23T22:15:44+00:00; candle=2026-06-23T22:10:00+00:00
2026-06-23T22:16:13.863879+00:00 HOLD: No meaningful orders after tiny-churn filter; mode=live; export=2026-06-23T22:15:44+00:00; candle=2026-06-23T22:10:00+00:00
2026-06-23T22:16:36.098290+00:00 HOLD: No meaningful orders after tiny-churn filter; mode=live; export=2026-06-23T22:16:14+00:00; candle=2026-06-23T22:10:00+00:00
2026-06-23T22:16:43.945111+00:00 HOLD: No meaningful orders after tiny-churn filter; mode=live; export=2026-06-23T22:16:14+00:00; candle=2026-06-23T22:10:00+00:00
2026-06-23T22:17:06.177983+00:00 HOLD: No meaningful orders after tiny-churn filter; mode=live; export=2026-06-23T22:16:44+00:00; candle=2026-06-23T22:10:00+00:00
2026-06-23T22:17:14.027837+00:00 HOLD: No meaningful orders after tiny-churn filter; mode=live; export=2026-06-23T22:16:44+00:00; candle=2026-06-23T22:10:00+00:00
2026-06-23T22:17:36.260591+00:00 HOLD: No meaningful orders after tiny-churn filter; mode=live; export=2026-06-23T22:17:14+00:00; candle=2026-06-23T22:10:00+00:00
2026-06-23T22:17:44.111046+00:00 HOLD: No meaningful orders after tiny-churn filter; mode=live; export=2026-06-23T22:17:14+00:00; candle=2026-06-23T22:10:00+00:00
2026-06-23T22:18:06.344012+00:00 HOLD: No meaningful orders after tiny-churn filter; mode=live; export=2026-06-23T22:17:44+00:00; candle=2026-06-23T22:10:00+00:00
2026-06-23T22:18:14.183034+00:00 HOLD: No meaningful orders after tiny-churn filter; mode=live; export=2026-06-23T22:17:44+00:00; candle=2026-06-23T22:10:00+00:00
2026-06-23T22:18:36.425453+00:00 HOLD: No meaningful orders after tiny-churn filter; mode=live; export=2026-06-23T22:18:14+00:00; candle=2026-06-23T22:10:00+00:00
2026-06-23T22:18:44.265783+00:00 HOLD: No meaningful orders after tiny-churn filter; mode=live; export=2026-06-23T22:18:14+00:00; candle=2026-06-23T22:10:00+00:00
2026-06-23T22:19:06.501136+00:00 HOLD: No meaningful orders after tiny-churn filter; mode=live; export=2026-06-23T22:18:44+00:00; candle=2026-06-23T22:10:00+00:00
2026-06-23T22:19:14.348259+00:00 HOLD: No meaningful orders after tiny-churn filter; mode=live; export=2026-06-23T22:18:44+00:00; candle=2026-06-23T22:10:00+00:00
2026-06-23T22:19:36.583989+00:00 HOLD: No meaningful orders after tiny-churn filter; mode=live; export=2026-06-23T22:19:14+00:00; candle=2026-06-23T22:10:00+00:00
2026-06-23T22:19:44.428703+00:00 HOLD: No meaningful orders after tiny-churn filter; mode=live; export=2026-06-23T22:19:14+00:00; candle=2026-06-23T22:10:00+00:00
2026-06-23T22:20:06.659012+00:00 HOLD: No meaningful orders after tiny-churn filter; mode=live; export=2026-06-23T22:19:44+00:00; candle=2026-06-23T22:10:00+00:00
2026-06-23T22:20:14.505803+00:00 HOLD: No meaningful orders after tiny-churn filter; mode=live; export=2026-06-23T22:19:44+00:00; candle=2026-06-23T22:10:00+00:00
2026-06-23T22:20:36.735592+00:00 HOLD: No meaningful orders after tiny-churn filter; mode=live; export=2026-06-23T22:20:14+00:00; candle=2026-06-23T22:15:00+00:00
2026-06-23T22:20:44.589830+00:00 HOLD: No meaningful orders after tiny-churn filter; mode=live; export=2026-06-23T22:20:14+00:00; candle=2026-06-23T22:15:00+00:00
2026-06-23T22:21:06.821613+00:00 HOLD: No meaningful orders after tiny-churn filter; mode=live; export=2026-06-23T22:20:44+00:00; candle=2026-06-23T22:15:00+00:00
2026-06-23T22:21:14.673476+00:00 HOLD: No meaningful orders after tiny-churn filter; mode=live; export=2026-06-23T22:20:44+00:00; candle=2026-06-23T22:15:00+00:00
2026-06-23T22:21:36.903876+00:00 HOLD: No meaningful orders after tiny-churn filter; mode=live; export=2026-06-23T22:21:14+00:00; candle=2026-06-23T22:15:00+00:00
2026-06-23T22:21:44.756893+00:00 HOLD: No meaningful orders after tiny-churn filter; mode=live; export=2026-06-23T22:21:14+00:00; candle=2026-06-23T22:15:00+00:00
2026-06-23T22:22:06.984518+00:00 HOLD: No meaningful orders after tiny-churn filter; mode=live; export=2026-06-23T22:21:44+00:00; candle=2026-06-23T22:15:00+00:00
2026-06-23T22:22:14.837221+00:00 HOLD: No meaningful orders after tiny-churn filter; mode=live; export=2026-06-23T22:21:44+00:00; candle=2026-06-23T22:15:00+00:00
2026-06-23T22:22:37.063892+00:00 HOLD: No meaningful orders after tiny-churn filter; mode=live; export=2026-06-23T22:22:14+00:00; candle=2026-06-23T22:15:00+00:00
2026-06-23T22:22:44.920282+00:00 HOLD: No meaningful orders after tiny-churn filter; mode=live; export=2026-06-23T22:22:14+00:00; candle=2026-06-23T22:15:00+00:00
2026-06-23T22:23:07.145544+00:00 HOLD: No meaningful orders after tiny-churn filter; mode=live; export=2026-06-23T22:22:44+00:00; candle=2026-06-23T22:15:00+00:00
2026-06-23T22:23:15.001575+00:00 HOLD: No meaningful orders after tiny-churn filter; mode=live; export=2026-06-23T22:23:14+00:00; candle=2026-06-23T22:15:00+00:00
2026-06-23T22:23:37.226037+00:00 HOLD: No meaningful orders after tiny-churn filter; mode=live; export=2026-06-23T22:23:14+00:00; candle=2026-06-23T22:15:00+00:00
2026-06-23T22:23:45.078102+00:00 HOLD: No meaningful orders after tiny-churn filter; mode=live; export=2026-06-23T22:23:44+00:00; candle=2026-06-23T22:15:00+00:00
2026-06-23T22:24:07.308695+00:00 HOLD: No meaningful orders after tiny-churn filter; mode=live; export=2026-06-23T22:23:44+00:00; candle=2026-06-23T22:15:00+00:00
2026-06-23T22:24:15.158670+00:00 HOLD: No meaningful orders after tiny-churn filter; mode=live; export=2026-06-23T22:24:14+00:00; candle=2026-06-23T22:15:00+00:00
2026-06-23T22:24:37.383699+00:00 HOLD: No meaningful orders after tiny-churn filter; mode=live; export=2026-06-23T22:24:14+00:00; candle=2026-06-23T22:15:00+00:00
2026-06-23T22:24:45.226894+00:00 HOLD: No meaningful orders after tiny-churn filter; mode=live; export=2026-06-23T22:24:44+00:00; candle=2026-06-23T22:15:00+00:00
2026-06-23T22:25:07.450793+00:00 HOLD: No meaningful orders after tiny-churn filter; mode=live; export=2026-06-23T22:24:44+00:00; candle=2026-06-23T22:15:00+00:00
2026-06-23T22:25:15.306940+00:00 HOLD: No meaningful orders after tiny-churn filter; mode=live; export=2026-06-23T22:25:14+00:00; candle=2026-06-23T22:15:00+00:00
2026-06-23T22:25:37.534095+00:00 WRITE_SPLIT: Writing split proposed orders: SELL USDCHF 1.78 as 2 capped chunks; mode=live; export=2026-06-23T22:25:14+00:00; candle=2026-06-23T22:20:00+00:00
2026-06-23T22:25:45.390153+00:00 ALREADY_WRITTEN: Already handled candle 2026-06-23T22:20:00+00:00; mode=live; export=2026-06-23T22:25:44+00:00; candle=2026-06-23T22:20:00+00:00
2026-06-23T22:26:07.612602+00:00 ALREADY_WRITTEN: Already handled candle 2026-06-23T22:20:00+00:00; mode=live; export=2026-06-23T22:25:44+00:00; candle=2026-06-23T22:20:00+00:00
2026-06-23T22:26:15.468301+00:00 ALREADY_WRITTEN: Already handled candle 2026-06-23T22:20:00+00:00; mode=live; export=2026-06-23T22:26:14+00:00; candle=2026-06-23T22:20:00+00:00
2026-06-23T22:26:37.694679+00:00 ALREADY_WRITTEN: Already handled candle 2026-06-23T22:20:00+00:00; mode=live; export=2026-06-23T22:26:14+00:00; candle=2026-06-23T22:20:00+00:00
2026-06-23T22:26:45.551363+00:00 ALREADY_WRITTEN: Already handled candle 2026-06-23T22:20:00+00:00; mode=live; export=2026-06-23T22:26:44+00:00; candle=2026-06-23T22:20:00+00:00
2026-06-23T22:27:07.774150+00:00 ALREADY_WRITTEN: Already handled candle 2026-06-23T22:20:00+00:00; mode=live; export=2026-06-23T22:26:44+00:00; candle=2026-06-23T22:20:00+00:00
2026-06-23T22:27:15.635422+00:00 ALREADY_WRITTEN: Already handled candle 2026-06-23T22:20:00+00:00; mode=live; export=2026-06-23T22:27:14+00:00; candle=2026-06-23T22:20:00+00:00
2026-06-23T22:27:37.855975+00:00 ALREADY_WRITTEN: Already handled candle 2026-06-23T22:20:00+00:00; mode=live; export=2026-06-23T22:27:14+00:00; candle=2026-06-23T22:20:00+00:00
2026-06-23T22:27:45.713793+00:00 ALREADY_WRITTEN: Already handled candle 2026-06-23T22:20:00+00:00; mode=live; export=2026-06-23T22:27:44+00:00; candle=2026-06-23T22:20:00+00:00
2026-06-23T22:28:07.935366+00:00 ALREADY_WRITTEN: Already handled candle 2026-06-23T22:20:00+00:00; mode=live; export=2026-06-23T22:27:44+00:00; candle=2026-06-23T22:20:00+00:00
2026-06-23T22:28:15.794902+00:00 ALREADY_WRITTEN: Already handled candle 2026-06-23T22:20:00+00:00; mode=live; export=2026-06-23T22:28:14+00:00; candle=2026-06-23T22:20:00+00:00
2026-06-23T22:28:38.017917+00:00 ALREADY_WRITTEN: Already handled candle 2026-06-23T22:20:00+00:00; mode=live; export=2026-06-23T22:28:14+00:00; candle=2026-06-23T22:20:00+00:00
2026-06-23T22:28:45.870761+00:00 ALREADY_WRITTEN: Already handled candle 2026-06-23T22:20:00+00:00; mode=live; export=2026-06-23T22:28:44+00:00; candle=2026-06-23T22:20:00+00:00
2026-06-23T22:29:08.082297+00:00 ALREADY_WRITTEN: Already handled candle 2026-06-23T22:20:00+00:00; mode=live; export=2026-06-23T22:28:44+00:00; candle=2026-06-23T22:20:00+00:00
2026-06-23T22:29:15.942887+00:00 ALREADY_WRITTEN: Already handled candle 2026-06-23T22:20:00+00:00; mode=live; export=2026-06-23T22:29:14+00:00; candle=2026-06-23T22:20:00+00:00
2026-06-23T22:29:38.163638+00:00 ALREADY_WRITTEN: Already handled candle 2026-06-23T22:20:00+00:00; mode=live; export=2026-06-23T22:29:14+00:00; candle=2026-06-23T22:20:00+00:00
2026-06-23T22:29:46.022937+00:00 ALREADY_WRITTEN: Already handled candle 2026-06-23T22:20:00+00:00; mode=live; export=2026-06-23T22:29:44+00:00; candle=2026-06-23T22:20:00+00:00
2026-06-23T22:30:08.242875+00:00 ALREADY_WRITTEN: Already handled candle 2026-06-23T22:20:00+00:00; mode=live; export=2026-06-23T22:29:44+00:00; candle=2026-06-23T22:20:00+00:00
2026-06-23T22:30:16.102521+00:00 ALREADY_WRITTEN: Already handled candle 2026-06-23T22:20:00+00:00; mode=live; export=2026-06-23T22:30:14+00:00; candle=2026-06-23T22:20:00+00:00
2026-06-23T22:30:38.325961+00:00 WRITE_SPLIT: Writing split proposed orders: SELL USDCHF 1.78 as 2 capped chunks; mode=live; export=2026-06-23T22:30:14+00:00; candle=2026-06-23T22:25:00+00:00
2026-06-23T22:30:46.175671+00:00 ALREADY_WRITTEN: Already handled candle 2026-06-23T22:25:00+00:00; mode=live; export=2026-06-23T22:30:44+00:00; candle=2026-06-23T22:25:00+00:00
2026-06-23T22:31:08.405608+00:00 ALREADY_WRITTEN: Already handled candle 2026-06-23T22:25:00+00:00; mode=live; export=2026-06-23T22:30:44+00:00; candle=2026-06-23T22:25:00+00:00
2026-06-23T22:31:16.253905+00:00 ALREADY_WRITTEN: Already handled candle 2026-06-23T22:25:00+00:00; mode=live; export=2026-06-23T22:31:14+00:00; candle=2026-06-23T22:25:00+00:00
2026-06-23T22:31:38.479006+00:00 ALREADY_WRITTEN: Already handled candle 2026-06-23T22:25:00+00:00; mode=live; export=2026-06-23T22:31:14+00:00; candle=2026-06-23T22:25:00+00:00
2026-06-23T22:31:46.336216+00:00 ALREADY_WRITTEN: Already handled candle 2026-06-23T22:25:00+00:00; mode=live; export=2026-06-23T22:31:44+00:00; candle=2026-06-23T22:25:00+00:00
2026-06-23T22:32:08.562289+00:00 ALREADY_WRITTEN: Already handled candle 2026-06-23T22:25:00+00:00; mode=live; export=2026-06-23T22:31:44+00:00; candle=2026-06-23T22:25:00+00:00
2026-06-23T22:32:16.418674+00:00 ALREADY_WRITTEN: Already handled candle 2026-06-23T22:25:00+00:00; mode=live; export=2026-06-23T22:32:14+00:00; candle=2026-06-23T22:25:00+00:00
2026-06-23T22:32:38.644172+00:00 ALREADY_WRITTEN: Already handled candle 2026-06-23T22:25:00+00:00; mode=live; export=2026-06-23T22:32:14+00:00; candle=2026-06-23T22:25:00+00:00
2026-06-23T22:32:46.498815+00:00 ALREADY_WRITTEN: Already handled candle 2026-06-23T22:25:00+00:00; mode=live; export=2026-06-23T22:32:44+00:00; candle=2026-06-23T22:25:00+00:00
2026-06-23T22:33:08.725553+00:00 ALREADY_WRITTEN: Already handled candle 2026-06-23T22:25:00+00:00; mode=live; export=2026-06-23T22:32:44+00:00; candle=2026-06-23T22:25:00+00:00
2026-06-23T22:33:16.580800+00:00 ALREADY_WRITTEN: Already handled candle 2026-06-23T22:25:00+00:00; mode=live; export=2026-06-23T22:33:14+00:00; candle=2026-06-23T22:25:00+00:00
2026-06-23T22:33:38.801146+00:00 ALREADY_WRITTEN: Already handled candle 2026-06-23T22:25:00+00:00; mode=live; export=2026-06-23T22:33:14+00:00; candle=2026-06-23T22:25:00+00:00
2026-06-23T22:33:46.662547+00:00 ALREADY_WRITTEN: Already handled candle 2026-06-23T22:25:00+00:00; mode=live; export=2026-06-23T22:33:44+00:00; candle=2026-06-23T22:25:00+00:00
2026-06-23T22:34:08.880801+00:00 ALREADY_WRITTEN: Already handled candle 2026-06-23T22:25:00+00:00; mode=live; export=2026-06-23T22:33:44+00:00; candle=2026-06-23T22:25:00+00:00
2026-06-23T22:34:16.746756+00:00 ALREADY_WRITTEN: Already handled candle 2026-06-23T22:25:00+00:00; mode=live; export=2026-06-23T22:34:14+00:00; candle=2026-06-23T22:25:00+00:00
2026-06-23T22:34:38.961215+00:00 ALREADY_WRITTEN: Already handled candle 2026-06-23T22:25:00+00:00; mode=live; export=2026-06-23T22:34:14+00:00; candle=2026-06-23T22:25:00+00:00
2026-06-23T22:34:46.823070+00:00 ALREADY_WRITTEN: Already handled candle 2026-06-23T22:25:00+00:00; mode=live; export=2026-06-23T22:34:44+00:00; candle=2026-06-23T22:25:00+00:00
2026-06-23T22:35:09.042412+00:00 ALREADY_WRITTEN: Already handled candle 2026-06-23T22:25:00+00:00; mode=live; export=2026-06-23T22:34:44+00:00; candle=2026-06-23T22:25:00+00:00
2026-06-23T22:35:16.903844+00:00 ALREADY_WRITTEN: Already handled candle 2026-06-23T22:25:00+00:00; mode=live; export=2026-06-23T22:35:14+00:00; candle=2026-06-23T22:25:00+00:00
2026-06-23T22:35:39.127524+00:00 WRITE_SPLIT: Writing split proposed orders: BUY USDJPY 6.58 as 7 capped chunks; mode=live; export=2026-06-23T22:35:14+00:00; candle=2026-06-23T22:30:00+00:00
2026-06-23T22:35:46.985963+00:00 ALREADY_WRITTEN: Already handled candle 2026-06-23T22:30:00+00:00; mode=live; export=2026-06-23T22:35:44+00:00; candle=2026-06-23T22:30:00+00:00
2026-06-23T22:36:09.201710+00:00 ALREADY_WRITTEN: Already handled candle 2026-06-23T22:30:00+00:00; mode=live; export=2026-06-23T22:35:44+00:00; candle=2026-06-23T22:30:00+00:00
2026-06-23T22:36:17.045009+00:00 ALREADY_WRITTEN: Already handled candle 2026-06-23T22:30:00+00:00; mode=live; export=2026-06-23T22:36:14+00:00; candle=2026-06-23T22:30:00+00:00
2026-06-23T22:36:39.281610+00:00 ALREADY_WRITTEN: Already handled candle 2026-06-23T22:30:00+00:00; mode=live; export=2026-06-23T22:36:14+00:00; candle=2026-06-23T22:30:00+00:00
2026-06-23T22:36:47.127295+00:00 ALREADY_WRITTEN: Already handled candle 2026-06-23T22:30:00+00:00; mode=live; export=2026-06-23T22:36:44+00:00; candle=2026-06-23T22:30:00+00:00
2026-06-23T22:37:09.358912+00:00 ALREADY_WRITTEN: Already handled candle 2026-06-23T22:30:00+00:00; mode=live; export=2026-06-23T22:36:44+00:00; candle=2026-06-23T22:30:00+00:00
2026-06-23T22:37:17.203765+00:00 ALREADY_WRITTEN: Already handled candle 2026-06-23T22:30:00+00:00; mode=live; export=2026-06-23T22:37:14+00:00; candle=2026-06-23T22:30:00+00:00
2026-06-23T22:37:39.440171+00:00 ALREADY_WRITTEN: Already handled candle 2026-06-23T22:30:00+00:00; mode=live; export=2026-06-23T22:37:14+00:00; candle=2026-06-23T22:30:00+00:00
2026-06-23T22:37:47.284776+00:00 ALREADY_WRITTEN: Already handled candle 2026-06-23T22:30:00+00:00; mode=live; export=2026-06-23T22:37:44+00:00; candle=2026-06-23T22:30:00+00:00
2026-06-23T22:38:09.523760+00:00 ALREADY_WRITTEN: Already handled candle 2026-06-23T22:30:00+00:00; mode=live; export=2026-06-23T22:37:44+00:00; candle=2026-06-23T22:30:00+00:00
2026-06-23T22:38:17.366595+00:00 ALREADY_WRITTEN: Already handled candle 2026-06-23T22:30:00+00:00; mode=live; export=2026-06-23T22:38:14+00:00; candle=2026-06-23T22:30:00+00:00
2026-06-23T22:38:39.606312+00:00 ALREADY_WRITTEN: Already handled candle 2026-06-23T22:30:00+00:00; mode=live; export=2026-06-23T22:38:14+00:00; candle=2026-06-23T22:30:00+00:00
2026-06-23T22:38:47.440033+00:00 ALREADY_WRITTEN: Already handled candle 2026-06-23T22:30:00+00:00; mode=live; export=2026-06-23T22:38:44+00:00; candle=2026-06-23T22:30:00+00:00
2026-06-23T22:39:09.688953+00:00 ALREADY_WRITTEN: Already handled candle 2026-06-23T22:30:00+00:00; mode=live; export=2026-06-23T22:38:44+00:00; candle=2026-06-23T22:30:00+00:00
2026-06-23T22:39:17.521210+00:00 ALREADY_WRITTEN: Already handled candle 2026-06-23T22:30:00+00:00; mode=live; export=2026-06-23T22:39:14+00:00; candle=2026-06-23T22:30:00+00:00
2026-06-23T22:39:39.764761+00:00 ALREADY_WRITTEN: Already handled candle 2026-06-23T22:30:00+00:00; mode=live; export=2026-06-23T22:39:14+00:00; candle=2026-06-23T22:30:00+00:00
2026-06-23T22:39:47.603888+00:00 ALREADY_WRITTEN: Already handled candle 2026-06-23T22:30:00+00:00; mode=live; export=2026-06-23T22:39:44+00:00; candle=2026-06-23T22:30:00+00:00
2026-06-23T22:40:09.842001+00:00 ALREADY_WRITTEN: Already handled candle 2026-06-23T22:30:00+00:00; mode=live; export=2026-06-23T22:39:44+00:00; candle=2026-06-23T22:30:00+00:00
2026-06-23T22:40:17.686137+00:00 ALREADY_WRITTEN: Already handled candle 2026-06-23T22:30:00+00:00; mode=live; export=2026-06-23T22:40:14+00:00; candle=2026-06-23T22:30:00+00:00
2026-06-23T22:40:39.921608+00:00 HOLD: No meaningful orders after tiny-churn filter; mode=live; export=2026-06-23T22:40:14+00:00; candle=2026-06-23T22:35:00+00:00
2026-06-23T22:40:47.767675+00:00 HOLD: No meaningful orders after tiny-churn filter; mode=live; export=2026-06-23T22:40:44+00:00; candle=2026-06-23T22:35:00+00:00
2026-06-23T22:41:10.003846+00:00 HOLD: No meaningful orders after tiny-churn filter; mode=live; export=2026-06-23T22:40:44+00:00; candle=2026-06-23T22:35:00+00:00
2026-06-23T22:41:17.844802+00:00 HOLD: No meaningful orders after tiny-churn filter; mode=live; export=2026-06-23T22:41:14+00:00; candle=2026-06-23T22:35:00+00:00
2026-06-23T22:41:40.085626+00:00 HOLD: No meaningful orders after tiny-churn filter; mode=live; export=2026-06-23T22:41:14+00:00; candle=2026-06-23T22:35:00+00:00
2026-06-23T22:41:47.923121+00:00 HOLD: No meaningful orders after tiny-churn filter; mode=live; export=2026-06-23T22:41:44+00:00; candle=2026-06-23T22:35:00+00:00
2026-06-23T22:42:10.154779+00:00 HOLD: No meaningful orders after tiny-churn filter; mode=live; export=2026-06-23T22:41:44+00:00; candle=2026-06-23T22:35:00+00:00
2026-06-23T22:42:18.004712+00:00 HOLD: No meaningful orders after tiny-churn filter; mode=live; export=2026-06-23T22:42:14+00:00; candle=2026-06-23T22:35:00+00:00
2026-06-23T22:42:40.225660+00:00 HOLD: No meaningful orders after tiny-churn filter; mode=live; export=2026-06-23T22:42:14+00:00; candle=2026-06-23T22:35:00+00:00
2026-06-23T22:42:48.088272+00:00 HOLD: No meaningful orders after tiny-churn filter; mode=live; export=2026-06-23T22:42:44+00:00; candle=2026-06-23T22:35:00+00:00
2026-06-23T22:43:10.288812+00:00 HOLD: No meaningful orders after tiny-churn filter; mode=live; export=2026-06-23T22:42:44+00:00; candle=2026-06-23T22:35:00+00:00
2026-06-23T22:43:18.159602+00:00 HOLD: No meaningful orders after tiny-churn filter; mode=live; export=2026-06-23T22:43:14+00:00; candle=2026-06-23T22:35:00+00:00
2026-06-23T22:43:40.368992+00:00 HOLD: No meaningful orders after tiny-churn filter; mode=live; export=2026-06-23T22:43:14+00:00; candle=2026-06-23T22:35:00+00:00
2026-06-23T22:43:48.241082+00:00 HOLD: No meaningful orders after tiny-churn filter; mode=live; export=2026-06-23T22:43:44+00:00; candle=2026-06-23T22:35:00+00:00
2026-06-23T22:44:10.450678+00:00 HOLD: No meaningful orders after tiny-churn filter; mode=live; export=2026-06-23T22:43:44+00:00; candle=2026-06-23T22:35:00+00:00
2026-06-23T22:44:18.322464+00:00 HOLD: No meaningful orders after tiny-churn filter; mode=live; export=2026-06-23T22:44:14+00:00; candle=2026-06-23T22:35:00+00:00
2026-06-23T22:44:40.515579+00:00 HOLD: No meaningful orders after tiny-churn filter; mode=live; export=2026-06-23T22:44:14+00:00; candle=2026-06-23T22:35:00+00:00
2026-06-23T22:44:48.403759+00:00 HOLD: No meaningful orders after tiny-churn filter; mode=live; export=2026-06-23T22:44:44+00:00; candle=2026-06-23T22:35:00+00:00
2026-06-23T22:45:10.596543+00:00 HOLD: No meaningful orders after tiny-churn filter; mode=live; export=2026-06-23T22:44:44+00:00; candle=2026-06-23T22:35:00+00:00
2026-06-23T22:45:18.485819+00:00 HOLD: No meaningful orders after tiny-churn filter; mode=live; export=2026-06-23T22:45:14+00:00; candle=2026-06-23T22:35:00+00:00
2026-06-23T22:45:40.679903+00:00 WRITE_SPLIT: Writing split proposed orders: SELL EURGBP 3.25; BUY USDCHF 1.78 as 6 capped chunks; mode=live; export=2026-06-23T22:45:14+00:00; candle=2026-06-23T22:40:00+00:00
2026-06-23T22:45:48.568506+00:00 ALREADY_WRITTEN: Already handled candle 2026-06-23T22:40:00+00:00; mode=live; export=2026-06-23T22:45:44+00:00; candle=2026-06-23T22:40:00+00:00
2026-06-23T22:46:10.764415+00:00 ALREADY_WRITTEN: Already handled candle 2026-06-23T22:40:00+00:00; mode=live; export=2026-06-23T22:45:44+00:00; candle=2026-06-23T22:40:00+00:00
2026-06-23T22:46:18.658650+00:00 ALREADY_WRITTEN: Already handled candle 2026-06-23T22:40:00+00:00; mode=live; export=2026-06-23T22:46:14+00:00; candle=2026-06-23T22:40:00+00:00
2026-06-23T22:46:40.846283+00:00 ALREADY_WRITTEN: Already handled candle 2026-06-23T22:40:00+00:00; mode=live; export=2026-06-23T22:46:14+00:00; candle=2026-06-23T22:40:00+00:00
2026-06-23T22:46:48.738325+00:00 ALREADY_WRITTEN: Already handled candle 2026-06-23T22:40:00+00:00; mode=live; export=2026-06-23T22:46:44+00:00; candle=2026-06-23T22:40:00+00:00
2026-06-23T22:47:10.933077+00:00 ALREADY_WRITTEN: Already handled candle 2026-06-23T22:40:00+00:00; mode=live; export=2026-06-23T22:46:44+00:00; candle=2026-06-23T22:40:00+00:00
2026-06-23T22:47:18.807154+00:00 ALREADY_WRITTEN: Already handled candle 2026-06-23T22:40:00+00:00; mode=live; export=2026-06-23T22:47:14+00:00; candle=2026-06-23T22:40:00+00:00
2026-06-23T22:47:41.017607+00:00 ALREADY_WRITTEN: Already handled candle 2026-06-23T22:40:00+00:00; mode=live; export=2026-06-23T22:47:14+00:00; candle=2026-06-23T22:40:00+00:00
2026-06-23T22:47:48.882815+00:00 ALREADY_WRITTEN: Already handled candle 2026-06-23T22:40:00+00:00; mode=live; export=2026-06-23T22:47:44+00:00; candle=2026-06-23T22:40:00+00:00
2026-06-23T22:48:11.101554+00:00 ALREADY_WRITTEN: Already handled candle 2026-06-23T22:40:00+00:00; mode=live; export=2026-06-23T22:47:44+00:00; candle=2026-06-23T22:40:00+00:00
2026-06-23T22:48:18.968329+00:00 ALREADY_WRITTEN: Already handled candle 2026-06-23T22:40:00+00:00; mode=live; export=2026-06-23T22:48:14+00:00; candle=2026-06-23T22:40:00+00:00
2026-06-23T22:48:41.182119+00:00 ALREADY_WRITTEN: Already handled candle 2026-06-23T22:40:00+00:00; mode=live; export=2026-06-23T22:48:14+00:00; candle=2026-06-23T22:40:00+00:00
2026-06-23T22:48:49.042619+00:00 ALREADY_WRITTEN: Already handled candle 2026-06-23T22:40:00+00:00; mode=live; export=2026-06-23T22:48:44+00:00; candle=2026-06-23T22:40:00+00:00
2026-06-23T22:49:11.264617+00:00 ALREADY_WRITTEN: Already handled candle 2026-06-23T22:40:00+00:00; mode=live; export=2026-06-23T22:48:44+00:00; candle=2026-06-23T22:40:00+00:00
2026-06-23T22:49:19.121995+00:00 ALREADY_WRITTEN: Already handled candle 2026-06-23T22:40:00+00:00; mode=live; export=2026-06-23T22:49:14+00:00; candle=2026-06-23T22:40:00+00:00
2026-06-23T22:49:41.347669+00:00 ALREADY_WRITTEN: Already handled candle 2026-06-23T22:40:00+00:00; mode=live; export=2026-06-23T22:49:14+00:00; candle=2026-06-23T22:40:00+00:00
2026-06-23T22:49:49.204920+00:00 ALREADY_WRITTEN: Already handled candle 2026-06-23T22:40:00+00:00; mode=live; export=2026-06-23T22:49:44+00:00; candle=2026-06-23T22:40:00+00:00
2026-06-23T22:50:11.411027+00:00 ALREADY_WRITTEN: Already handled candle 2026-06-23T22:40:00+00:00; mode=live; export=2026-06-23T22:49:44+00:00; candle=2026-06-23T22:40:00+00:00
2026-06-23T22:50:19.285463+00:00 ALREADY_WRITTEN: Already handled candle 2026-06-23T22:40:00+00:00; mode=live; export=2026-06-23T22:50:14+00:00; candle=2026-06-23T22:40:00+00:00
2026-06-23T22:50:41.491649+00:00 HOLD: No meaningful orders after tiny-churn filter; mode=live; export=2026-06-23T22:50:14+00:00; candle=2026-06-23T22:45:00+00:00
2026-06-23T22:50:49.368415+00:00 HOLD: No meaningful orders after tiny-churn filter; mode=live; export=2026-06-23T22:50:44+00:00; candle=2026-06-23T22:45:00+00:00
2026-06-23T22:51:11.572447+00:00 HOLD: No meaningful orders after tiny-churn filter; mode=live; export=2026-06-23T22:50:44+00:00; candle=2026-06-23T22:45:00+00:00
2026-06-23T22:51:19.449628+00:00 HOLD: No meaningful orders after tiny-churn filter; mode=live; export=2026-06-23T22:51:14+00:00; candle=2026-06-23T22:45:00+00:00
2026-06-23T22:51:41.654689+00:00 HOLD: No meaningful orders after tiny-churn filter; mode=live; export=2026-06-23T22:51:14+00:00; candle=2026-06-23T22:45:00+00:00
2026-06-23T22:51:49.525941+00:00 HOLD: No meaningful orders after tiny-churn filter; mode=live; export=2026-06-23T22:51:44+00:00; candle=2026-06-23T22:45:00+00:00
2026-06-23T22:52:11.736755+00:00 HOLD: No meaningful orders after tiny-churn filter; mode=live; export=2026-06-23T22:51:44+00:00; candle=2026-06-23T22:45:00+00:00
2026-06-23T22:52:19.608859+00:00 HOLD: No meaningful orders after tiny-churn filter; mode=live; export=2026-06-23T22:52:14+00:00; candle=2026-06-23T22:45:00+00:00
2026-06-23T22:52:41.819954+00:00 HOLD: No meaningful orders after tiny-churn filter; mode=live; export=2026-06-23T22:52:14+00:00; candle=2026-06-23T22:45:00+00:00
2026-06-23T22:52:49.691361+00:00 HOLD: No meaningful orders after tiny-churn filter; mode=live; export=2026-06-23T22:52:44+00:00; candle=2026-06-23T22:45:00+00:00
2026-06-23T22:53:11.903080+00:00 HOLD: No meaningful orders after tiny-churn filter; mode=live; export=2026-06-23T22:52:44+00:00; candle=2026-06-23T22:45:00+00:00
2026-06-23T22:53:19.773297+00:00 HOLD: No meaningful orders after tiny-churn filter; mode=live; export=2026-06-23T22:53:14+00:00; candle=2026-06-23T22:45:00+00:00
2026-06-23T22:53:41.978340+00:00 HOLD: No meaningful orders after tiny-churn filter; mode=live; export=2026-06-23T22:53:14+00:00; candle=2026-06-23T22:45:00+00:00
2026-06-23T22:53:49.851153+00:00 HOLD: No meaningful orders after tiny-churn filter; mode=live; export=2026-06-23T22:53:44+00:00; candle=2026-06-23T22:45:00+00:00
2026-06-23T22:54:12.059559+00:00 HOLD: No meaningful orders after tiny-churn filter; mode=live; export=2026-06-23T22:53:44+00:00; candle=2026-06-23T22:45:00+00:00
2026-06-23T22:54:19.932442+00:00 HOLD: No meaningful orders after tiny-churn filter; mode=live; export=2026-06-23T22:54:14+00:00; candle=2026-06-23T22:45:00+00:00
2026-06-23T22:54:42.136378+00:00 HOLD: No meaningful orders after tiny-churn filter; mode=live; export=2026-06-23T22:54:14+00:00; candle=2026-06-23T22:45:00+00:00
2026-06-23T22:54:50.013703+00:00 HOLD: No meaningful orders after tiny-churn filter; mode=live; export=2026-06-23T22:54:44+00:00; candle=2026-06-23T22:45:00+00:00
2026-06-23T22:55:12.218136+00:00 WRITE_SPLIT: Writing split proposed orders: SELL USDCHF 1.78 as 2 capped chunks; mode=live; export=2026-06-23T22:54:44+00:00; candle=2026-06-23T22:45:00+00:00
2026-06-23T22:55:20.096687+00:00 ALREADY_WRITTEN: Already handled candle 2026-06-23T22:45:00+00:00; mode=live; export=2026-06-23T22:55:14+00:00; candle=2026-06-23T22:45:00+00:00
2026-06-23T22:55:42.284165+00:00 HOLD: No meaningful orders after tiny-churn filter; mode=live; export=2026-06-23T22:55:14+00:00; candle=2026-06-23T22:50:00+00:00
2026-06-23T22:55:50.178362+00:00 WRITE_SPLIT: Writing split proposed orders: BUY USDCHF 1.78 as 2 capped chunks; mode=live; export=2026-06-23T22:55:44+00:00; candle=2026-06-23T22:50:00+00:00
2026-06-23T22:56:12.350507+00:00 ALREADY_WRITTEN: Already handled candle 2026-06-23T22:50:00+00:00; mode=live; export=2026-06-23T22:55:44+00:00; candle=2026-06-23T22:50:00+00:00
2026-06-23T22:56:20.252072+00:00 ALREADY_WRITTEN: Already handled candle 2026-06-23T22:50:00+00:00; mode=live; export=2026-06-23T22:56:14+00:00; candle=2026-06-23T22:50:00+00:00
2026-06-23T22:56:42.434833+00:00 ALREADY_WRITTEN: Already handled candle 2026-06-23T22:50:00+00:00; mode=live; export=2026-06-23T22:56:14+00:00; candle=2026-06-23T22:50:00+00:00
2026-06-23T22:56:50.335110+00:00 ALREADY_WRITTEN: Already handled candle 2026-06-23T22:50:00+00:00; mode=live; export=2026-06-23T22:56:44+00:00; candle=2026-06-23T22:50:00+00:00
2026-06-23T22:57:12.512738+00:00 ALREADY_WRITTEN: Already handled candle 2026-06-23T22:50:00+00:00; mode=live; export=2026-06-23T22:56:44+00:00; candle=2026-06-23T22:50:00+00:00
2026-06-23T22:57:20.417277+00:00 ALREADY_WRITTEN: Already handled candle 2026-06-23T22:50:00+00:00; mode=live; export=2026-06-23T22:57:14+00:00; candle=2026-06-23T22:50:00+00:00
2026-06-23T22:57:42.596842+00:00 ALREADY_WRITTEN: Already handled candle 2026-06-23T22:50:00+00:00; mode=live; export=2026-06-23T22:57:14+00:00; candle=2026-06-23T22:50:00+00:00
2026-06-23T22:57:50.495221+00:00 ALREADY_WRITTEN: Already handled candle 2026-06-23T22:50:00+00:00; mode=live; export=2026-06-23T22:57:44+00:00; candle=2026-06-23T22:50:00+00:00
2026-06-23T22:58:12.677155+00:00 ALREADY_WRITTEN: Already handled candle 2026-06-23T22:50:00+00:00; mode=live; export=2026-06-23T22:57:44+00:00; candle=2026-06-23T22:50:00+00:00
2026-06-23T22:58:20.566375+00:00 ALREADY_WRITTEN: Already handled candle 2026-06-23T22:50:00+00:00; mode=live; export=2026-06-23T22:58:14+00:00; candle=2026-06-23T22:50:00+00:00
2026-06-23T22:58:42.761058+00:00 ALREADY_WRITTEN: Already handled candle 2026-06-23T22:50:00+00:00; mode=live; export=2026-06-23T22:58:14+00:00; candle=2026-06-23T22:50:00+00:00
2026-06-23T22:58:50.648948+00:00 ALREADY_WRITTEN: Already handled candle 2026-06-23T22:50:00+00:00; mode=live; export=2026-06-23T22:58:44+00:00; candle=2026-06-23T22:50:00+00:00
2026-06-23T22:59:12.843070+00:00 ALREADY_WRITTEN: Already handled candle 2026-06-23T22:50:00+00:00; mode=live; export=2026-06-23T22:58:44+00:00; candle=2026-06-23T22:50:00+00:00
2026-06-23T22:59:20.726253+00:00 ALREADY_WRITTEN: Already handled candle 2026-06-23T22:50:00+00:00; mode=live; export=2026-06-23T22:59:14+00:00; candle=2026-06-23T22:50:00+00:00
2026-06-23T22:59:42.925027+00:00 ALREADY_WRITTEN: Already handled candle 2026-06-23T22:50:00+00:00; mode=live; export=2026-06-23T22:59:14+00:00; candle=2026-06-23T22:50:00+00:00
2026-06-23T22:59:50.804842+00:00 ALREADY_WRITTEN: Already handled candle 2026-06-23T22:50:00+00:00; mode=live; export=2026-06-23T22:59:44+00:00; candle=2026-06-23T22:50:00+00:00
2026-06-23T23:00:13.007256+00:00 ALREADY_WRITTEN: Already handled candle 2026-06-23T22:50:00+00:00; mode=live; export=2026-06-23T22:59:44+00:00; candle=2026-06-23T22:50:00+00:00
2026-06-23T23:00:20.885817+00:00 ALREADY_WRITTEN: Already handled candle 2026-06-23T22:50:00+00:00; mode=live; export=2026-06-23T23:00:14+00:00; candle=2026-06-23T22:50:00+00:00
2026-06-23T23:00:43.085113+00:00 HOLD: No meaningful orders after tiny-churn filter; mode=live; export=2026-06-23T23:00:14+00:00; candle=2026-06-23T22:55:00+00:00
2026-06-23T23:00:50.972327+00:00 HOLD: No meaningful orders after tiny-churn filter; mode=live; export=2026-06-23T23:00:44+00:00; candle=2026-06-23T22:55:00+00:00
2026-06-23T23:01:13.170923+00:00 HOLD: No meaningful orders after tiny-churn filter; mode=live; export=2026-06-23T23:00:44+00:00; candle=2026-06-23T22:55:00+00:00
2026-06-23T23:01:21.056514+00:00 HOLD: No meaningful orders after tiny-churn filter; mode=live; export=2026-06-23T23:01:14+00:00; candle=2026-06-23T22:55:00+00:00
2026-06-23T23:01:43.249958+00:00 HOLD: No meaningful orders after tiny-churn filter; mode=live; export=2026-06-23T23:01:14+00:00; candle=2026-06-23T22:55:00+00:00
2026-06-23T23:01:51.133794+00:00 HOLD: No meaningful orders after tiny-churn filter; mode=live; export=2026-06-23T23:01:44+00:00; candle=2026-06-23T22:55:00+00:00
2026-06-23T23:02:13.331310+00:00 HOLD: No meaningful orders after tiny-churn filter; mode=live; export=2026-06-23T23:01:44+00:00; candle=2026-06-23T22:55:00+00:00
2026-06-23T23:02:21.216595+00:00 HOLD: No meaningful orders after tiny-churn filter; mode=live; export=2026-06-23T23:02:14+00:00; candle=2026-06-23T22:55:00+00:00
2026-06-23T23:02:43.405841+00:00 HOLD: No meaningful orders after tiny-churn filter; mode=live; export=2026-06-23T23:02:14+00:00; candle=2026-06-23T22:55:00+00:00
2026-06-23T23:02:51.287783+00:00 HOLD: No meaningful orders after tiny-churn filter; mode=live; export=2026-06-23T23:02:44+00:00; candle=2026-06-23T22:55:00+00:00
2026-06-23T23:03:13.483231+00:00 HOLD: No meaningful orders after tiny-churn filter; mode=live; export=2026-06-23T23:02:44+00:00; candle=2026-06-23T22:55:00+00:00
2026-06-23T23:03:21.359093+00:00 HOLD: No meaningful orders after tiny-churn filter; mode=live; export=2026-06-23T23:03:14+00:00; candle=2026-06-23T22:55:00+00:00
2026-06-23T23:03:43.567934+00:00 HOLD: No meaningful orders after tiny-churn filter; mode=live; export=2026-06-23T23:03:14+00:00; candle=2026-06-23T22:55:00+00:00
2026-06-23T23:03:51.439660+00:00 HOLD: No meaningful orders after tiny-churn filter; mode=live; export=2026-06-23T23:03:44+00:00; candle=2026-06-23T22:55:00+00:00
2026-06-23T23:04:13.641409+00:00 HOLD: No meaningful orders after tiny-churn filter; mode=live; export=2026-06-23T23:03:44+00:00; candle=2026-06-23T22:55:00+00:00
2026-06-23T23:04:21.516659+00:00 HOLD: No meaningful orders after tiny-churn filter; mode=live; export=2026-06-23T23:04:14+00:00; candle=2026-06-23T22:55:00+00:00
2026-06-23T23:04:43.722030+00:00 HOLD: No meaningful orders after tiny-churn filter; mode=live; export=2026-06-23T23:04:14+00:00; candle=2026-06-23T22:55:00+00:00
2026-06-23T23:04:51.598481+00:00 HOLD: No meaningful orders after tiny-churn filter; mode=live; export=2026-06-23T23:04:44+00:00; candle=2026-06-23T22:55:00+00:00
2026-06-23T23:05:13.787031+00:00 HOLD: No meaningful orders after tiny-churn filter; mode=live; export=2026-06-23T23:04:44+00:00; candle=2026-06-23T22:55:00+00:00
2026-06-23T23:05:21.667506+00:00 HOLD: No meaningful orders after tiny-churn filter; mode=live; export=2026-06-23T23:05:14+00:00; candle=2026-06-23T22:55:00+00:00
2026-06-23T23:05:43.867487+00:00 HOLD: No meaningful orders after tiny-churn filter; mode=live; export=2026-06-23T23:05:14+00:00; candle=2026-06-23T23:00:00+00:00
2026-06-23T23:05:51.742843+00:00 HOLD: No meaningful orders after tiny-churn filter; mode=live; export=2026-06-23T23:05:44+00:00; candle=2026-06-23T23:00:00+00:00
2026-06-23T23:06:13.946938+00:00 HOLD: No meaningful orders after tiny-churn filter; mode=live; export=2026-06-23T23:05:44+00:00; candle=2026-06-23T23:00:00+00:00
2026-06-23T23:06:21.816583+00:00 HOLD: No meaningful orders after tiny-churn filter; mode=live; export=2026-06-23T23:06:14+00:00; candle=2026-06-23T23:00:00+00:00
2026-06-23T23:06:44.024995+00:00 HOLD: No meaningful orders after tiny-churn filter; mode=live; export=2026-06-23T23:06:14+00:00; candle=2026-06-23T23:00:00+00:00
2026-06-23T23:06:51.896538+00:00 HOLD: No meaningful orders after tiny-churn filter; mode=live; export=2026-06-23T23:06:44+00:00; candle=2026-06-23T23:00:00+00:00
2026-06-23T23:07:14.105250+00:00 HOLD: No meaningful orders after tiny-churn filter; mode=live; export=2026-06-23T23:06:44+00:00; candle=2026-06-23T23:00:00+00:00
2026-06-23T23:07:21.977735+00:00 HOLD: No meaningful orders after tiny-churn filter; mode=live; export=2026-06-23T23:07:14+00:00; candle=2026-06-23T23:00:00+00:00
2026-06-23T23:07:44.187612+00:00 HOLD: No meaningful orders after tiny-churn filter; mode=live; export=2026-06-23T23:07:14+00:00; candle=2026-06-23T23:00:00+00:00
2026-06-23T23:07:52.057576+00:00 HOLD: No meaningful orders after tiny-churn filter; mode=live; export=2026-06-23T23:07:44+00:00; candle=2026-06-23T23:00:00+00:00
2026-06-23T23:08:14.257983+00:00 HOLD: No meaningful orders after tiny-churn filter; mode=live; export=2026-06-23T23:07:44+00:00; candle=2026-06-23T23:00:00+00:00
2026-06-23T23:08:22.138175+00:00 HOLD: No meaningful orders after tiny-churn filter; mode=live; export=2026-06-23T23:08:14+00:00; candle=2026-06-23T23:00:00+00:00
2026-06-23T23:08:44.338079+00:00 HOLD: No meaningful orders after tiny-churn filter; mode=live; export=2026-06-23T23:08:14+00:00; candle=2026-06-23T23:00:00+00:00
2026-06-23T23:08:52.210825+00:00 HOLD: No meaningful orders after tiny-churn filter; mode=live; export=2026-06-23T23:08:44+00:00; candle=2026-06-23T23:00:00+00:00
2026-06-23T23:09:14.421296+00:00 HOLD: No meaningful orders after tiny-churn filter; mode=live; export=2026-06-23T23:08:44+00:00; candle=2026-06-23T23:00:00+00:00
2026-06-23T23:09:22.287420+00:00 HOLD: No meaningful orders after tiny-churn filter; mode=live; export=2026-06-23T23:09:14+00:00; candle=2026-06-23T23:00:00+00:00
2026-06-23T23:09:44.503917+00:00 HOLD: No meaningful orders after tiny-churn filter; mode=live; export=2026-06-23T23:09:14+00:00; candle=2026-06-23T23:00:00+00:00
2026-06-23T23:09:52.367702+00:00 HOLD: No meaningful orders after tiny-churn filter; mode=live; export=2026-06-23T23:09:44+00:00; candle=2026-06-23T23:00:00+00:00
2026-06-23T23:10:14.582881+00:00 HOLD: No meaningful orders after tiny-churn filter; mode=live; export=2026-06-23T23:09:44+00:00; candle=2026-06-23T23:00:00+00:00
2026-06-23T23:10:22.447845+00:00 HOLD: No meaningful orders after tiny-churn filter; mode=live; export=2026-06-23T23:10:14+00:00; candle=2026-06-23T23:00:00+00:00
2026-06-23T23:10:44.663596+00:00 WRITE_SPLIT: Writing split proposed orders: SELL USDCHF 1.78 as 2 capped chunks; mode=live; export=2026-06-23T23:10:14+00:00; candle=2026-06-23T23:05:00+00:00
2026-06-23T23:10:52.516264+00:00 ALREADY_WRITTEN: Already handled candle 2026-06-23T23:05:00+00:00; mode=live; export=2026-06-23T23:10:44+00:00; candle=2026-06-23T23:05:00+00:00
2026-06-23T23:11:14.747449+00:00 ALREADY_WRITTEN: Already handled candle 2026-06-23T23:05:00+00:00; mode=live; export=2026-06-23T23:10:44+00:00; candle=2026-06-23T23:05:00+00:00
2026-06-23T23:11:22.598532+00:00 ALREADY_WRITTEN: Already handled candle 2026-06-23T23:05:00+00:00; mode=live; export=2026-06-23T23:11:14+00:00; candle=2026-06-23T23:05:00+00:00
2026-06-23T23:11:44.828203+00:00 ALREADY_WRITTEN: Already handled candle 2026-06-23T23:05:00+00:00; mode=live; export=2026-06-23T23:11:14+00:00; candle=2026-06-23T23:05:00+00:00
2026-06-23T23:11:52.669868+00:00 ALREADY_WRITTEN: Already handled candle 2026-06-23T23:05:00+00:00; mode=live; export=2026-06-23T23:11:44+00:00; candle=2026-06-23T23:05:00+00:00
2026-06-23T23:12:14.906033+00:00 ALREADY_WRITTEN: Already handled candle 2026-06-23T23:05:00+00:00; mode=live; export=2026-06-23T23:12:14+00:00; candle=2026-06-23T23:05:00+00:00
2026-06-23T23:12:22.742630+00:00 ALREADY_WRITTEN: Already handled candle 2026-06-23T23:05:00+00:00; mode=live; export=2026-06-23T23:12:14+00:00; candle=2026-06-23T23:05:00+00:00
2026-06-23T23:12:44.985100+00:00 ALREADY_WRITTEN: Already handled candle 2026-06-23T23:05:00+00:00; mode=live; export=2026-06-23T23:12:44+00:00; candle=2026-06-23T23:05:00+00:00
2026-06-23T23:12:52.819425+00:00 ALREADY_WRITTEN: Already handled candle 2026-06-23T23:05:00+00:00; mode=live; export=2026-06-23T23:12:44+00:00; candle=2026-06-23T23:05:00+00:00
2026-06-23T23:13:15.066755+00:00 ALREADY_WRITTEN: Already handled candle 2026-06-23T23:05:00+00:00; mode=live; export=2026-06-23T23:13:14+00:00; candle=2026-06-23T23:05:00+00:00
2026-06-23T23:13:22.903055+00:00 ALREADY_WRITTEN: Already handled candle 2026-06-23T23:05:00+00:00; mode=live; export=2026-06-23T23:13:14+00:00; candle=2026-06-23T23:05:00+00:00
2026-06-23T23:13:45.147863+00:00 ALREADY_WRITTEN: Already handled candle 2026-06-23T23:05:00+00:00; mode=live; export=2026-06-23T23:13:44+00:00; candle=2026-06-23T23:05:00+00:00
2026-06-23T23:13:52.977707+00:00 ALREADY_WRITTEN: Already handled candle 2026-06-23T23:05:00+00:00; mode=live; export=2026-06-23T23:13:44+00:00; candle=2026-06-23T23:05:00+00:00
2026-06-23T23:14:15.224948+00:00 ALREADY_WRITTEN: Already handled candle 2026-06-23T23:05:00+00:00; mode=live; export=2026-06-23T23:14:14+00:00; candle=2026-06-23T23:05:00+00:00
2026-06-23T23:14:23.059422+00:00 ALREADY_WRITTEN: Already handled candle 2026-06-23T23:05:00+00:00; mode=live; export=2026-06-23T23:14:14+00:00; candle=2026-06-23T23:05:00+00:00
2026-06-23T23:14:45.307864+00:00 ALREADY_WRITTEN: Already handled candle 2026-06-23T23:05:00+00:00; mode=live; export=2026-06-23T23:14:44+00:00; candle=2026-06-23T23:05:00+00:00
2026-06-23T23:14:53.134475+00:00 ALREADY_WRITTEN: Already handled candle 2026-06-23T23:05:00+00:00; mode=live; export=2026-06-23T23:14:44+00:00; candle=2026-06-23T23:05:00+00:00
2026-06-23T23:15:15.388105+00:00 ALREADY_WRITTEN: Already handled candle 2026-06-23T23:05:00+00:00; mode=live; export=2026-06-23T23:15:14+00:00; candle=2026-06-23T23:05:00+00:00
2026-06-23T23:15:23.212955+00:00 ALREADY_WRITTEN: Already handled candle 2026-06-23T23:05:00+00:00; mode=live; export=2026-06-23T23:15:14+00:00; candle=2026-06-23T23:05:00+00:00
2026-06-23T23:15:45.469024+00:00 HOLD: No meaningful orders after tiny-churn filter; mode=live; export=2026-06-23T23:15:44+00:00; candle=2026-06-23T23:10:00+00:00
2026-06-23T23:15:53.290487+00:00 HOLD: No meaningful orders after tiny-churn filter; mode=live; export=2026-06-23T23:15:44+00:00; candle=2026-06-23T23:10:00+00:00
2026-06-23T23:16:15.551027+00:00 HOLD: No meaningful orders after tiny-churn filter; mode=live; export=2026-06-23T23:16:14+00:00; candle=2026-06-23T23:10:00+00:00
2026-06-23T23:16:23.363317+00:00 HOLD: No meaningful orders after tiny-churn filter; mode=live; export=2026-06-23T23:16:14+00:00; candle=2026-06-23T23:10:00+00:00
2026-06-23T23:16:45.631695+00:00 HOLD: No meaningful orders after tiny-churn filter; mode=live; export=2026-06-23T23:16:44+00:00; candle=2026-06-23T23:10:00+00:00
2026-06-23T23:16:53.445099+00:00 HOLD: No meaningful orders after tiny-churn filter; mode=live; export=2026-06-23T23:16:44+00:00; candle=2026-06-23T23:10:00+00:00
2026-06-23T23:17:15.714682+00:00 HOLD: No meaningful orders after tiny-churn filter; mode=live; export=2026-06-23T23:17:14+00:00; candle=2026-06-23T23:10:00+00:00
2026-06-23T23:17:23.527200+00:00 HOLD: No meaningful orders after tiny-churn filter; mode=live; export=2026-06-23T23:17:14+00:00; candle=2026-06-23T23:10:00+00:00
2026-06-23T23:17:45.793096+00:00 HOLD: No meaningful orders after tiny-churn filter; mode=live; export=2026-06-23T23:17:44+00:00; candle=2026-06-23T23:10:00+00:00
2026-06-23T23:17:53.608232+00:00 HOLD: No meaningful orders after tiny-churn filter; mode=live; export=2026-06-23T23:17:44+00:00; candle=2026-06-23T23:10:00+00:00
2026-06-23T23:18:15.875041+00:00 HOLD: No meaningful orders after tiny-churn filter; mode=live; export=2026-06-23T23:18:14+00:00; candle=2026-06-23T23:10:00+00:00
2026-06-23T23:18:23.681415+00:00 HOLD: No meaningful orders after tiny-churn filter; mode=live; export=2026-06-23T23:18:14+00:00; candle=2026-06-23T23:10:00+00:00
2026-06-23T23:18:45.958615+00:00 HOLD: No meaningful orders after tiny-churn filter; mode=live; export=2026-06-23T23:18:44+00:00; candle=2026-06-23T23:10:00+00:00
2026-06-23T23:18:53.765164+00:00 HOLD: No meaningful orders after tiny-churn filter; mode=live; export=2026-06-23T23:18:44+00:00; candle=2026-06-23T23:10:00+00:00
2026-06-23T23:19:16.039786+00:00 HOLD: No meaningful orders after tiny-churn filter; mode=live; export=2026-06-23T23:19:14+00:00; candle=2026-06-23T23:10:00+00:00
2026-06-23T23:19:23.848436+00:00 HOLD: No meaningful orders after tiny-churn filter; mode=live; export=2026-06-23T23:19:14+00:00; candle=2026-06-23T23:10:00+00:00
2026-06-23T23:19:46.118073+00:00 HOLD: No meaningful orders after tiny-churn filter; mode=live; export=2026-06-23T23:19:44+00:00; candle=2026-06-23T23:10:00+00:00
2026-06-23T23:19:53.929319+00:00 HOLD: No meaningful orders after tiny-churn filter; mode=live; export=2026-06-23T23:19:44+00:00; candle=2026-06-23T23:10:00+00:00
2026-06-23T23:20:16.192945+00:00 HOLD: No meaningful orders after tiny-churn filter; mode=live; export=2026-06-23T23:20:14+00:00; candle=2026-06-23T23:10:00+00:00
2026-06-23T23:20:24.015090+00:00 HOLD: No meaningful orders after tiny-churn filter; mode=live; export=2026-06-23T23:20:14+00:00; candle=2026-06-23T23:10:00+00:00
2026-06-23T23:20:46.273517+00:00 HOLD: No meaningful orders after tiny-churn filter; mode=live; export=2026-06-23T23:20:44+00:00; candle=2026-06-23T23:15:00+00:00
2026-06-23T23:20:54.075356+00:00 HOLD: No meaningful orders after tiny-churn filter; mode=live; export=2026-06-23T23:20:44+00:00; candle=2026-06-23T23:15:00+00:00
2026-06-23T23:21:16.347057+00:00 HOLD: No meaningful orders after tiny-churn filter; mode=live; export=2026-06-23T23:21:14+00:00; candle=2026-06-23T23:15:00+00:00
2026-06-23T23:21:24.153225+00:00 HOLD: No meaningful orders after tiny-churn filter; mode=live; export=2026-06-23T23:21:14+00:00; candle=2026-06-23T23:15:00+00:00
2026-06-23T23:21:46.425479+00:00 HOLD: No meaningful orders after tiny-churn filter; mode=live; export=2026-06-23T23:21:44+00:00; candle=2026-06-23T23:15:00+00:00
2026-06-23T23:21:54.236515+00:00 HOLD: No meaningful orders after tiny-churn filter; mode=live; export=2026-06-23T23:21:44+00:00; candle=2026-06-23T23:15:00+00:00
2026-06-23T23:22:16.508727+00:00 HOLD: No meaningful orders after tiny-churn filter; mode=live; export=2026-06-23T23:22:14+00:00; candle=2026-06-23T23:15:00+00:00
2026-06-23T23:22:24.316044+00:00 HOLD: No meaningful orders after tiny-churn filter; mode=live; export=2026-06-23T23:22:14+00:00; candle=2026-06-23T23:15:00+00:00
2026-06-23T23:22:46.581681+00:00 HOLD: No meaningful orders after tiny-churn filter; mode=live; export=2026-06-23T23:22:44+00:00; candle=2026-06-23T23:15:00+00:00
2026-06-23T23:22:54.393531+00:00 HOLD: No meaningful orders after tiny-churn filter; mode=live; export=2026-06-23T23:22:44+00:00; candle=2026-06-23T23:15:00+00:00
2026-06-23T23:23:16.662381+00:00 HOLD: No meaningful orders after tiny-churn filter; mode=live; export=2026-06-23T23:23:14+00:00; candle=2026-06-23T23:15:00+00:00
2026-06-23T23:23:24.472200+00:00 HOLD: No meaningful orders after tiny-churn filter; mode=live; export=2026-06-23T23:23:14+00:00; candle=2026-06-23T23:15:00+00:00
2026-06-23T23:23:46.743695+00:00 HOLD: No meaningful orders after tiny-churn filter; mode=live; export=2026-06-23T23:23:44+00:00; candle=2026-06-23T23:15:00+00:00
2026-06-23T23:23:54.553935+00:00 HOLD: No meaningful orders after tiny-churn filter; mode=live; export=2026-06-23T23:23:44+00:00; candle=2026-06-23T23:15:00+00:00
2026-06-23T23:24:16.824693+00:00 HOLD: No meaningful orders after tiny-churn filter; mode=live; export=2026-06-23T23:24:14+00:00; candle=2026-06-23T23:15:00+00:00
2026-06-23T23:24:24.627419+00:00 HOLD: No meaningful orders after tiny-churn filter; mode=live; export=2026-06-23T23:24:14+00:00; candle=2026-06-23T23:15:00+00:00
2026-06-23T23:24:46.905254+00:00 HOLD: No meaningful orders after tiny-churn filter; mode=live; export=2026-06-23T23:24:44+00:00; candle=2026-06-23T23:15:00+00:00
2026-06-23T23:24:54.710135+00:00 HOLD: No meaningful orders after tiny-churn filter; mode=live; export=2026-06-23T23:24:44+00:00; candle=2026-06-23T23:15:00+00:00
2026-06-23T23:25:16.988483+00:00 HOLD: No meaningful orders after tiny-churn filter; mode=live; export=2026-06-23T23:25:14+00:00; candle=2026-06-23T23:15:00+00:00
2026-06-23T23:25:24.791490+00:00 HOLD: No meaningful orders after tiny-churn filter; mode=live; export=2026-06-23T23:25:14+00:00; candle=2026-06-23T23:20:00+00:00
2026-06-23T23:25:47.069663+00:00 HOLD: No meaningful orders after tiny-churn filter; mode=live; export=2026-06-23T23:25:44+00:00; candle=2026-06-23T23:20:00+00:00
2026-06-23T23:25:54.870294+00:00 HOLD: No meaningful orders after tiny-churn filter; mode=live; export=2026-06-23T23:25:44+00:00; candle=2026-06-23T23:20:00+00:00
2026-06-23T23:26:17.143493+00:00 HOLD: No meaningful orders after tiny-churn filter; mode=live; export=2026-06-23T23:26:14+00:00; candle=2026-06-23T23:20:00+00:00
2026-06-23T23:26:24.953342+00:00 HOLD: No meaningful orders after tiny-churn filter; mode=live; export=2026-06-23T23:26:14+00:00; candle=2026-06-23T23:20:00+00:00
2026-06-23T23:26:47.225563+00:00 HOLD: No meaningful orders after tiny-churn filter; mode=live; export=2026-06-23T23:26:44+00:00; candle=2026-06-23T23:20:00+00:00
2026-06-23T23:26:55.028782+00:00 HOLD: No meaningful orders after tiny-churn filter; mode=live; export=2026-06-23T23:26:44+00:00; candle=2026-06-23T23:20:00+00:00
2026-06-23T23:27:17.302559+00:00 HOLD: No meaningful orders after tiny-churn filter; mode=live; export=2026-06-23T23:27:14+00:00; candle=2026-06-23T23:20:00+00:00
2026-06-23T23:27:25.100519+00:00 HOLD: No meaningful orders after tiny-churn filter; mode=live; export=2026-06-23T23:27:14+00:00; candle=2026-06-23T23:20:00+00:00
2026-06-23T23:27:47.382340+00:00 HOLD: No meaningful orders after tiny-churn filter; mode=live; export=2026-06-23T23:27:44+00:00; candle=2026-06-23T23:20:00+00:00
2026-06-23T23:27:55.179972+00:00 HOLD: No meaningful orders after tiny-churn filter; mode=live; export=2026-06-23T23:27:44+00:00; candle=2026-06-23T23:20:00+00:00
2026-06-23T23:28:17.460554+00:00 HOLD: No meaningful orders after tiny-churn filter; mode=live; export=2026-06-23T23:28:14+00:00; candle=2026-06-23T23:20:00+00:00
2026-06-23T23:28:25.260188+00:00 HOLD: No meaningful orders after tiny-churn filter; mode=live; export=2026-06-23T23:28:14+00:00; candle=2026-06-23T23:20:00+00:00
2026-06-23T23:28:47.535706+00:00 HOLD: No meaningful orders after tiny-churn filter; mode=live; export=2026-06-23T23:28:44+00:00; candle=2026-06-23T23:20:00+00:00
2026-06-23T23:28:55.341399+00:00 HOLD: No meaningful orders after tiny-churn filter; mode=live; export=2026-06-23T23:28:44+00:00; candle=2026-06-23T23:20:00+00:00
2026-06-23T23:29:17.603932+00:00 HOLD: No meaningful orders after tiny-churn filter; mode=live; export=2026-06-23T23:29:14+00:00; candle=2026-06-23T23:20:00+00:00
2026-06-23T23:29:25.423402+00:00 HOLD: No meaningful orders after tiny-churn filter; mode=live; export=2026-06-23T23:29:14+00:00; candle=2026-06-23T23:20:00+00:00
2026-06-23T23:29:47.686235+00:00 HOLD: No meaningful orders after tiny-churn filter; mode=live; export=2026-06-23T23:29:44+00:00; candle=2026-06-23T23:20:00+00:00
2026-06-23T23:29:55.507691+00:00 HOLD: No meaningful orders after tiny-churn filter; mode=live; export=2026-06-23T23:29:44+00:00; candle=2026-06-23T23:20:00+00:00
2026-06-23T23:30:17.762465+00:00 HOLD: No meaningful orders after tiny-churn filter; mode=live; export=2026-06-23T23:30:14+00:00; candle=2026-06-23T23:20:00+00:00
2026-06-23T23:30:25.589065+00:00 WRITE_SPLIT: Writing split proposed orders: BUY USDCHF 1.78 as 2 capped chunks; mode=live; export=2026-06-23T23:30:14+00:00; candle=2026-06-23T23:25:00+00:00
2026-06-23T23:30:47.846009+00:00 ALREADY_WRITTEN: Already handled candle 2026-06-23T23:25:00+00:00; mode=live; export=2026-06-23T23:30:44+00:00; candle=2026-06-23T23:25:00+00:00
2026-06-23T23:30:55.668191+00:00 ALREADY_WRITTEN: Already handled candle 2026-06-23T23:25:00+00:00; mode=live; export=2026-06-23T23:30:44+00:00; candle=2026-06-23T23:25:00+00:00
2026-06-23T23:31:17.918160+00:00 ALREADY_WRITTEN: Already handled candle 2026-06-23T23:25:00+00:00; mode=live; export=2026-06-23T23:31:14+00:00; candle=2026-06-23T23:25:00+00:00
2026-06-23T23:31:25.750432+00:00 ALREADY_WRITTEN: Already handled candle 2026-06-23T23:25:00+00:00; mode=live; export=2026-06-23T23:31:14+00:00; candle=2026-06-23T23:25:00+00:00
2026-06-23T23:31:47.998206+00:00 ALREADY_WRITTEN: Already handled candle 2026-06-23T23:25:00+00:00; mode=live; export=2026-06-23T23:31:44+00:00; candle=2026-06-23T23:25:00+00:00
2026-06-23T23:31:55.829127+00:00 ALREADY_WRITTEN: Already handled candle 2026-06-23T23:25:00+00:00; mode=live; export=2026-06-23T23:31:44+00:00; candle=2026-06-23T23:25:00+00:00
2026-06-23T23:32:18.082427+00:00 ALREADY_WRITTEN: Already handled candle 2026-06-23T23:25:00+00:00; mode=live; export=2026-06-23T23:32:14+00:00; candle=2026-06-23T23:25:00+00:00
2026-06-23T23:32:25.912159+00:00 ALREADY_WRITTEN: Already handled candle 2026-06-23T23:25:00+00:00; mode=live; export=2026-06-23T23:32:14+00:00; candle=2026-06-23T23:25:00+00:00
2026-06-23T23:32:48.149924+00:00 ALREADY_WRITTEN: Already handled candle 2026-06-23T23:25:00+00:00; mode=live; export=2026-06-23T23:32:44+00:00; candle=2026-06-23T23:25:00+00:00
2026-06-23T23:32:55.994780+00:00 ALREADY_WRITTEN: Already handled candle 2026-06-23T23:25:00+00:00; mode=live; export=2026-06-23T23:32:44+00:00; candle=2026-06-23T23:25:00+00:00
2026-06-23T23:33:18.232763+00:00 ALREADY_WRITTEN: Already handled candle 2026-06-23T23:25:00+00:00; mode=live; export=2026-06-23T23:33:14+00:00; candle=2026-06-23T23:25:00+00:00
2026-06-23T23:33:26.074895+00:00 ALREADY_WRITTEN: Already handled candle 2026-06-23T23:25:00+00:00; mode=live; export=2026-06-23T23:33:14+00:00; candle=2026-06-23T23:25:00+00:00
2026-06-23T23:33:48.315902+00:00 ALREADY_WRITTEN: Already handled candle 2026-06-23T23:25:00+00:00; mode=live; export=2026-06-23T23:33:44+00:00; candle=2026-06-23T23:25:00+00:00
2026-06-23T23:33:56.156137+00:00 ALREADY_WRITTEN: Already handled candle 2026-06-23T23:25:00+00:00; mode=live; export=2026-06-23T23:33:44+00:00; candle=2026-06-23T23:25:00+00:00
2026-06-23T23:34:18.394384+00:00 ALREADY_WRITTEN: Already handled candle 2026-06-23T23:25:00+00:00; mode=live; export=2026-06-23T23:34:14+00:00; candle=2026-06-23T23:25:00+00:00
2026-06-23T23:34:26.238147+00:00 ALREADY_WRITTEN: Already handled candle 2026-06-23T23:25:00+00:00; mode=live; export=2026-06-23T23:34:14+00:00; candle=2026-06-23T23:25:00+00:00
2026-06-23T23:34:48.469096+00:00 ALREADY_WRITTEN: Already handled candle 2026-06-23T23:25:00+00:00; mode=live; export=2026-06-23T23:34:44+00:00; candle=2026-06-23T23:25:00+00:00
2026-06-23T23:34:56.322330+00:00 ALREADY_WRITTEN: Already handled candle 2026-06-23T23:25:00+00:00; mode=live; export=2026-06-23T23:34:44+00:00; candle=2026-06-23T23:25:00+00:00
2026-06-23T23:35:18.545615+00:00 ALREADY_WRITTEN: Already handled candle 2026-06-23T23:25:00+00:00; mode=live; export=2026-06-23T23:35:14+00:00; candle=2026-06-23T23:25:00+00:00
2026-06-23T23:35:26.404595+00:00 WRITE_SPLIT: Writing split proposed orders: BUY EURUSD 2.25; BUY USDCHF 1.78 as 5 capped chunks; mode=live; export=2026-06-23T23:35:14+00:00; candle=2026-06-23T23:30:00+00:00
2026-06-23T23:35:48.627259+00:00 ALREADY_WRITTEN: Already handled candle 2026-06-23T23:30:00+00:00; mode=live; export=2026-06-23T23:35:44+00:00; candle=2026-06-23T23:30:00+00:00
2026-06-23T23:35:56.483394+00:00 ALREADY_WRITTEN: Already handled candle 2026-06-23T23:30:00+00:00; mode=live; export=2026-06-23T23:35:44+00:00; candle=2026-06-23T23:30:00+00:00
2026-06-23T23:36:18.710861+00:00 ALREADY_WRITTEN: Already handled candle 2026-06-23T23:30:00+00:00; mode=live; export=2026-06-23T23:36:14+00:00; candle=2026-06-23T23:30:00+00:00
2026-06-23T23:36:26.564021+00:00 ALREADY_WRITTEN: Already handled candle 2026-06-23T23:30:00+00:00; mode=live; export=2026-06-23T23:36:14+00:00; candle=2026-06-23T23:30:00+00:00
2026-06-23T23:36:48.792656+00:00 ALREADY_WRITTEN: Already handled candle 2026-06-23T23:30:00+00:00; mode=live; export=2026-06-23T23:36:44+00:00; candle=2026-06-23T23:30:00+00:00
2026-06-23T23:36:56.627052+00:00 ALREADY_WRITTEN: Already handled candle 2026-06-23T23:30:00+00:00; mode=live; export=2026-06-23T23:36:44+00:00; candle=2026-06-23T23:30:00+00:00
2026-06-23T23:37:18.866635+00:00 ALREADY_WRITTEN: Already handled candle 2026-06-23T23:30:00+00:00; mode=live; export=2026-06-23T23:37:14+00:00; candle=2026-06-23T23:30:00+00:00
2026-06-23T23:37:26.709096+00:00 ALREADY_WRITTEN: Already handled candle 2026-06-23T23:30:00+00:00; mode=live; export=2026-06-23T23:37:14+00:00; candle=2026-06-23T23:30:00+00:00
2026-06-23T23:37:48.950443+00:00 ALREADY_WRITTEN: Already handled candle 2026-06-23T23:30:00+00:00; mode=live; export=2026-06-23T23:37:44+00:00; candle=2026-06-23T23:30:00+00:00
2026-06-23T23:37:56.786569+00:00 ALREADY_WRITTEN: Already handled candle 2026-06-23T23:30:00+00:00; mode=live; export=2026-06-23T23:37:44+00:00; candle=2026-06-23T23:30:00+00:00
2026-06-23T23:38:19.030798+00:00 ALREADY_WRITTEN: Already handled candle 2026-06-23T23:30:00+00:00; mode=live; export=2026-06-23T23:38:14+00:00; candle=2026-06-23T23:30:00+00:00
2026-06-23T23:38:26.859089+00:00 ALREADY_WRITTEN: Already handled candle 2026-06-23T23:30:00+00:00; mode=live; export=2026-06-23T23:38:14+00:00; candle=2026-06-23T23:30:00+00:00
2026-06-23T23:38:49.109188+00:00 ALREADY_WRITTEN: Already handled candle 2026-06-23T23:30:00+00:00; mode=live; export=2026-06-23T23:38:44+00:00; candle=2026-06-23T23:30:00+00:00
2026-06-23T23:38:56.939271+00:00 ALREADY_WRITTEN: Already handled candle 2026-06-23T23:30:00+00:00; mode=live; export=2026-06-23T23:38:44+00:00; candle=2026-06-23T23:30:00+00:00
2026-06-23T23:39:19.173815+00:00 ALREADY_WRITTEN: Already handled candle 2026-06-23T23:30:00+00:00; mode=live; export=2026-06-23T23:39:14+00:00; candle=2026-06-23T23:30:00+00:00
2026-06-23T23:39:27.016195+00:00 ALREADY_WRITTEN: Already handled candle 2026-06-23T23:30:00+00:00; mode=live; export=2026-06-23T23:39:14+00:00; candle=2026-06-23T23:30:00+00:00
2026-06-23T23:39:49.251848+00:00 ALREADY_WRITTEN: Already handled candle 2026-06-23T23:30:00+00:00; mode=live; export=2026-06-23T23:39:44+00:00; candle=2026-06-23T23:30:00+00:00
2026-06-23T23:39:57.085472+00:00 ALREADY_WRITTEN: Already handled candle 2026-06-23T23:30:00+00:00; mode=live; export=2026-06-23T23:39:44+00:00; candle=2026-06-23T23:30:00+00:00
2026-06-23T23:40:19.333546+00:00 ALREADY_WRITTEN: Already handled candle 2026-06-23T23:30:00+00:00; mode=live; export=2026-06-23T23:40:14+00:00; candle=2026-06-23T23:30:00+00:00
2026-06-23T23:40:27.160448+00:00 HOLD: No meaningful orders after tiny-churn filter; mode=live; export=2026-06-23T23:40:14+00:00; candle=2026-06-23T23:35:00+00:00
2026-06-23T23:40:49.415123+00:00 HOLD: No meaningful orders after tiny-churn filter; mode=live; export=2026-06-23T23:40:44+00:00; candle=2026-06-23T23:35:00+00:00
2026-06-23T23:40:57.231391+00:00 HOLD: No meaningful orders after tiny-churn filter; mode=live; export=2026-06-23T23:40:44+00:00; candle=2026-06-23T23:35:00+00:00
2026-06-23T23:41:19.497350+00:00 HOLD: No meaningful orders after tiny-churn filter; mode=live; export=2026-06-23T23:41:14+00:00; candle=2026-06-23T23:35:00+00:00
2026-06-23T23:41:27.308437+00:00 HOLD: No meaningful orders after tiny-churn filter; mode=live; export=2026-06-23T23:41:14+00:00; candle=2026-06-23T23:35:00+00:00
2026-06-23T23:41:49.575808+00:00 HOLD: No meaningful orders after tiny-churn filter; mode=live; export=2026-06-23T23:41:44+00:00; candle=2026-06-23T23:35:00+00:00
2026-06-23T23:41:57.391495+00:00 HOLD: No meaningful orders after tiny-churn filter; mode=live; export=2026-06-23T23:41:44+00:00; candle=2026-06-23T23:35:00+00:00
2026-06-23T23:42:19.655815+00:00 HOLD: No meaningful orders after tiny-churn filter; mode=live; export=2026-06-23T23:42:14+00:00; candle=2026-06-23T23:35:00+00:00
2026-06-23T23:42:27.471624+00:00 HOLD: No meaningful orders after tiny-churn filter; mode=live; export=2026-06-23T23:42:14+00:00; candle=2026-06-23T23:35:00+00:00
2026-06-23T23:42:49.738622+00:00 HOLD: No meaningful orders after tiny-churn filter; mode=live; export=2026-06-23T23:42:44+00:00; candle=2026-06-23T23:35:00+00:00
2026-06-23T23:42:57.550852+00:00 HOLD: No meaningful orders after tiny-churn filter; mode=live; export=2026-06-23T23:42:44+00:00; candle=2026-06-23T23:35:00+00:00
2026-06-23T23:43:19.820290+00:00 HOLD: No meaningful orders after tiny-churn filter; mode=live; export=2026-06-23T23:43:14+00:00; candle=2026-06-23T23:35:00+00:00
2026-06-23T23:43:27.629625+00:00 HOLD: No meaningful orders after tiny-churn filter; mode=live; export=2026-06-23T23:43:14+00:00; candle=2026-06-23T23:35:00+00:00
2026-06-23T23:43:49.901346+00:00 HOLD: No meaningful orders after tiny-churn filter; mode=live; export=2026-06-23T23:43:44+00:00; candle=2026-06-23T23:35:00+00:00
2026-06-23T23:43:57.711194+00:00 HOLD: No meaningful orders after tiny-churn filter; mode=live; export=2026-06-23T23:43:44+00:00; candle=2026-06-23T23:35:00+00:00
2026-06-23T23:44:19.971620+00:00 HOLD: No meaningful orders after tiny-churn filter; mode=live; export=2026-06-23T23:44:14+00:00; candle=2026-06-23T23:35:00+00:00
2026-06-23T23:44:27.789774+00:00 HOLD: No meaningful orders after tiny-churn filter; mode=live; export=2026-06-23T23:44:14+00:00; candle=2026-06-23T23:35:00+00:00
2026-06-23T23:44:50.034631+00:00 HOLD: No meaningful orders after tiny-churn filter; mode=live; export=2026-06-23T23:44:44+00:00; candle=2026-06-23T23:35:00+00:00
2026-06-23T23:44:57.862984+00:00 HOLD: No meaningful orders after tiny-churn filter; mode=live; export=2026-06-23T23:44:44+00:00; candle=2026-06-23T23:35:00+00:00
2026-06-23T23:45:20.114199+00:00 HOLD: No meaningful orders after tiny-churn filter; mode=live; export=2026-06-23T23:45:14+00:00; candle=2026-06-23T23:35:00+00:00
2026-06-23T23:45:27.937959+00:00 WRITE_SPLIT: Writing split proposed orders: BUY EURGBP 3.25; SELL EURUSD 2.25; SELL USDCHF 1.78 as 9 capped chunks; mode=live; export=2026-06-23T23:45:14+00:00; candle=2026-06-23T23:40:00+00:00
2026-06-23T23:45:50.181495+00:00 ALREADY_WRITTEN: Already handled candle 2026-06-23T23:40:00+00:00; mode=live; export=2026-06-23T23:45:44+00:00; candle=2026-06-23T23:40:00+00:00
2026-06-23T23:45:58.022078+00:00 ALREADY_WRITTEN: Already handled candle 2026-06-23T23:40:00+00:00; mode=live; export=2026-06-23T23:45:44+00:00; candle=2026-06-23T23:40:00+00:00
2026-06-23T23:46:20.255995+00:00 ALREADY_WRITTEN: Already handled candle 2026-06-23T23:40:00+00:00; mode=live; export=2026-06-23T23:46:14+00:00; candle=2026-06-23T23:40:00+00:00
2026-06-23T23:46:28.102625+00:00 ALREADY_WRITTEN: Already handled candle 2026-06-23T23:40:00+00:00; mode=live; export=2026-06-23T23:46:14+00:00; candle=2026-06-23T23:40:00+00:00
2026-06-23T23:46:50.326947+00:00 ALREADY_WRITTEN: Already handled candle 2026-06-23T23:40:00+00:00; mode=live; export=2026-06-23T23:46:44+00:00; candle=2026-06-23T23:40:00+00:00
2026-06-23T23:46:58.182094+00:00 ALREADY_WRITTEN: Already handled candle 2026-06-23T23:40:00+00:00; mode=live; export=2026-06-23T23:46:44+00:00; candle=2026-06-23T23:40:00+00:00
2026-06-23T23:47:20.398769+00:00 ALREADY_WRITTEN: Already handled candle 2026-06-23T23:40:00+00:00; mode=live; export=2026-06-23T23:47:14+00:00; candle=2026-06-23T23:40:00+00:00
2026-06-23T23:47:28.261499+00:00 ALREADY_WRITTEN: Already handled candle 2026-06-23T23:40:00+00:00; mode=live; export=2026-06-23T23:47:14+00:00; candle=2026-06-23T23:40:00+00:00
2026-06-23T23:47:50.473724+00:00 ALREADY_WRITTEN: Already handled candle 2026-06-23T23:40:00+00:00; mode=live; export=2026-06-23T23:47:44+00:00; candle=2026-06-23T23:40:00+00:00
2026-06-23T23:47:58.342551+00:00 ALREADY_WRITTEN: Already handled candle 2026-06-23T23:40:00+00:00; mode=live; export=2026-06-23T23:47:44+00:00; candle=2026-06-23T23:40:00+00:00
2026-06-23T23:48:20.554788+00:00 ALREADY_WRITTEN: Already handled candle 2026-06-23T23:40:00+00:00; mode=live; export=2026-06-23T23:48:14+00:00; candle=2026-06-23T23:40:00+00:00
2026-06-23T23:48:28.425886+00:00 ALREADY_WRITTEN: Already handled candle 2026-06-23T23:40:00+00:00; mode=live; export=2026-06-23T23:48:14+00:00; candle=2026-06-23T23:40:00+00:00
2026-06-23T23:48:50.621416+00:00 ALREADY_WRITTEN: Already handled candle 2026-06-23T23:40:00+00:00; mode=live; export=2026-06-23T23:48:44+00:00; candle=2026-06-23T23:40:00+00:00
2026-06-23T23:48:58.502790+00:00 ALREADY_WRITTEN: Already handled candle 2026-06-23T23:40:00+00:00; mode=live; export=2026-06-23T23:48:44+00:00; candle=2026-06-23T23:40:00+00:00
2026-06-23T23:49:20.703404+00:00 ALREADY_WRITTEN: Already handled candle 2026-06-23T23:40:00+00:00; mode=live; export=2026-06-23T23:49:14+00:00; candle=2026-06-23T23:40:00+00:00
2026-06-23T23:49:28.582783+00:00 ALREADY_WRITTEN: Already handled candle 2026-06-23T23:40:00+00:00; mode=live; export=2026-06-23T23:49:14+00:00; candle=2026-06-23T23:40:00+00:00
2026-06-23T23:49:50.777569+00:00 ALREADY_WRITTEN: Already handled candle 2026-06-23T23:40:00+00:00; mode=live; export=2026-06-23T23:49:44+00:00; candle=2026-06-23T23:40:00+00:00
2026-06-23T23:49:58.664725+00:00 ALREADY_WRITTEN: Already handled candle 2026-06-23T23:40:00+00:00; mode=live; export=2026-06-23T23:49:44+00:00; candle=2026-06-23T23:40:00+00:00
2026-06-23T23:50:20.858601+00:00 ALREADY_WRITTEN: Already handled candle 2026-06-23T23:40:00+00:00; mode=live; export=2026-06-23T23:50:14+00:00; candle=2026-06-23T23:40:00+00:00
2026-06-23T23:50:28.748497+00:00 WRITE_SPLIT: Writing split proposed orders: SELL EURUSD 2.25; SELL USDCHF 1.78; SELL USDJPY 6.58 as 12 capped chunks; mode=live; export=2026-06-23T23:50:14+00:00; candle=2026-06-23T23:45:00+00:00
2026-06-23T23:50:50.925297+00:00 ALREADY_WRITTEN: Already handled candle 2026-06-23T23:45:00+00:00; mode=live; export=2026-06-23T23:50:44+00:00; candle=2026-06-23T23:45:00+00:00
2026-06-23T23:50:58.826186+00:00 ALREADY_WRITTEN: Already handled candle 2026-06-23T23:45:00+00:00; mode=live; export=2026-06-23T23:50:44+00:00; candle=2026-06-23T23:45:00+00:00
2026-06-23T23:51:21.007229+00:00 ALREADY_WRITTEN: Already handled candle 2026-06-23T23:45:00+00:00; mode=live; export=2026-06-23T23:51:14+00:00; candle=2026-06-23T23:45:00+00:00
2026-06-23T23:51:28.907806+00:00 ALREADY_WRITTEN: Already handled candle 2026-06-23T23:45:00+00:00; mode=live; export=2026-06-23T23:51:14+00:00; candle=2026-06-23T23:45:00+00:00
2026-06-23T23:51:51.077226+00:00 ALREADY_WRITTEN: Already handled candle 2026-06-23T23:45:00+00:00; mode=live; export=2026-06-23T23:51:44+00:00; candle=2026-06-23T23:45:00+00:00
2026-06-23T23:51:58.992172+00:00 ALREADY_WRITTEN: Already handled candle 2026-06-23T23:45:00+00:00; mode=live; export=2026-06-23T23:51:44+00:00; candle=2026-06-23T23:45:00+00:00
2026-06-23T23:52:21.150512+00:00 ALREADY_WRITTEN: Already handled candle 2026-06-23T23:45:00+00:00; mode=live; export=2026-06-23T23:52:14+00:00; candle=2026-06-23T23:45:00+00:00
2026-06-23T23:52:29.057301+00:00 ALREADY_WRITTEN: Already handled candle 2026-06-23T23:45:00+00:00; mode=live; export=2026-06-23T23:52:14+00:00; candle=2026-06-23T23:45:00+00:00
2026-06-23T23:52:51.227059+00:00 ALREADY_WRITTEN: Already handled candle 2026-06-23T23:45:00+00:00; mode=live; export=2026-06-23T23:52:44+00:00; candle=2026-06-23T23:45:00+00:00
2026-06-23T23:52:59.145441+00:00 ALREADY_WRITTEN: Already handled candle 2026-06-23T23:45:00+00:00; mode=live; export=2026-06-23T23:52:44+00:00; candle=2026-06-23T23:45:00+00:00
2026-06-23T23:53:21.287090+00:00 ALREADY_WRITTEN: Already handled candle 2026-06-23T23:45:00+00:00; mode=live; export=2026-06-23T23:53:14+00:00; candle=2026-06-23T23:45:00+00:00
2026-06-23T23:53:29.221632+00:00 ALREADY_WRITTEN: Already handled candle 2026-06-23T23:45:00+00:00; mode=live; export=2026-06-23T23:53:14+00:00; candle=2026-06-23T23:45:00+00:00
2026-06-23T23:53:51.377650+00:00 ALREADY_WRITTEN: Already handled candle 2026-06-23T23:45:00+00:00; mode=live; export=2026-06-23T23:53:44+00:00; candle=2026-06-23T23:45:00+00:00
2026-06-23T23:53:59.294411+00:00 ALREADY_WRITTEN: Already handled candle 2026-06-23T23:45:00+00:00; mode=live; export=2026-06-23T23:53:44+00:00; candle=2026-06-23T23:45:00+00:00
2026-06-23T23:54:21.447929+00:00 ALREADY_WRITTEN: Already handled candle 2026-06-23T23:45:00+00:00; mode=live; export=2026-06-23T23:54:14+00:00; candle=2026-06-23T23:45:00+00:00
2026-06-23T23:54:29.369832+00:00 ALREADY_WRITTEN: Already handled candle 2026-06-23T23:45:00+00:00; mode=live; export=2026-06-23T23:54:14+00:00; candle=2026-06-23T23:45:00+00:00
2026-06-23T23:54:51.526169+00:00 ALREADY_WRITTEN: Already handled candle 2026-06-23T23:45:00+00:00; mode=live; export=2026-06-23T23:54:44+00:00; candle=2026-06-23T23:45:00+00:00
2026-06-23T23:54:59.443537+00:00 ALREADY_WRITTEN: Already handled candle 2026-06-23T23:45:00+00:00; mode=live; export=2026-06-23T23:54:44+00:00; candle=2026-06-23T23:45:00+00:00
2026-06-23T23:55:21.606869+00:00 ALREADY_WRITTEN: Already handled candle 2026-06-23T23:45:00+00:00; mode=live; export=2026-06-23T23:55:14+00:00; candle=2026-06-23T23:45:00+00:00
2026-06-23T23:55:29.526238+00:00 WRITE_SPLIT: Writing split proposed orders: BUY EURUSD 2.25 as 3 capped chunks; mode=live; export=2026-06-23T23:55:14+00:00; candle=2026-06-23T23:50:00+00:00
2026-06-23T23:55:51.674448+00:00 ALREADY_WRITTEN: Already handled candle 2026-06-23T23:50:00+00:00; mode=live; export=2026-06-23T23:55:44+00:00; candle=2026-06-23T23:50:00+00:00
2026-06-23T23:55:59.598679+00:00 ALREADY_WRITTEN: Already handled candle 2026-06-23T23:50:00+00:00; mode=live; export=2026-06-23T23:55:44+00:00; candle=2026-06-23T23:50:00+00:00
2026-06-23T23:56:21.756272+00:00 ALREADY_WRITTEN: Already handled candle 2026-06-23T23:50:00+00:00; mode=live; export=2026-06-23T23:56:14+00:00; candle=2026-06-23T23:50:00+00:00
2026-06-23T23:56:29.682305+00:00 ALREADY_WRITTEN: Already handled candle 2026-06-23T23:50:00+00:00; mode=live; export=2026-06-23T23:56:14+00:00; candle=2026-06-23T23:50:00+00:00
2026-06-23T23:56:51.832784+00:00 ALREADY_WRITTEN: Already handled candle 2026-06-23T23:50:00+00:00; mode=live; export=2026-06-23T23:56:44+00:00; candle=2026-06-23T23:50:00+00:00
2026-06-23T23:56:59.762710+00:00 ALREADY_WRITTEN: Already handled candle 2026-06-23T23:50:00+00:00; mode=live; export=2026-06-23T23:56:44+00:00; candle=2026-06-23T23:50:00+00:00
2026-06-23T23:57:21.893684+00:00 ALREADY_WRITTEN: Already handled candle 2026-06-23T23:50:00+00:00; mode=live; export=2026-06-23T23:57:14+00:00; candle=2026-06-23T23:50:00+00:00
2026-06-23T23:57:29.842645+00:00 ALREADY_WRITTEN: Already handled candle 2026-06-23T23:50:00+00:00; mode=live; export=2026-06-23T23:57:14+00:00; candle=2026-06-23T23:50:00+00:00
2026-06-23T23:57:51.975752+00:00 ALREADY_WRITTEN: Already handled candle 2026-06-23T23:50:00+00:00; mode=live; export=2026-06-23T23:57:44+00:00; candle=2026-06-23T23:50:00+00:00
2026-06-23T23:57:59.926665+00:00 ALREADY_WRITTEN: Already handled candle 2026-06-23T23:50:00+00:00; mode=live; export=2026-06-23T23:57:44+00:00; candle=2026-06-23T23:50:00+00:00
2026-06-23T23:58:22.053355+00:00 ALREADY_WRITTEN: Already handled candle 2026-06-23T23:50:00+00:00; mode=live; export=2026-06-23T23:58:14+00:00; candle=2026-06-23T23:50:00+00:00
2026-06-23T23:58:30.000006+00:00 ALREADY_WRITTEN: Already handled candle 2026-06-23T23:50:00+00:00; mode=live; export=2026-06-23T23:58:14+00:00; candle=2026-06-23T23:50:00+00:00
2026-06-23T23:58:52.138062+00:00 ALREADY_WRITTEN: Already handled candle 2026-06-23T23:50:00+00:00; mode=live; export=2026-06-23T23:58:44+00:00; candle=2026-06-23T23:50:00+00:00
2026-06-23T23:59:00.082623+00:00 ALREADY_WRITTEN: Already handled candle 2026-06-23T23:50:00+00:00; mode=live; export=2026-06-23T23:58:44+00:00; candle=2026-06-23T23:50:00+00:00
2026-06-23T23:59:22.209864+00:00 ALREADY_WRITTEN: Already handled candle 2026-06-23T23:50:00+00:00; mode=live; export=2026-06-23T23:59:14+00:00; candle=2026-06-23T23:50:00+00:00
2026-06-23T23:59:30.165170+00:00 ALREADY_WRITTEN: Already handled candle 2026-06-23T23:50:00+00:00; mode=live; export=2026-06-23T23:59:14+00:00; candle=2026-06-23T23:50:00+00:00
2026-06-23T23:59:52.291492+00:00 ALREADY_WRITTEN: Already handled candle 2026-06-23T23:50:00+00:00; mode=live; export=2026-06-23T23:59:44+00:00; candle=2026-06-23T23:50:00+00:00
2026-06-24T00:00:00.235234+00:00 ALREADY_WRITTEN: Already handled candle 2026-06-23T23:50:00+00:00; mode=live; export=2026-06-23T23:59:44+00:00; candle=2026-06-23T23:50:00+00:00
2026-06-24T00:00:22.350652+00:00 ALREADY_WRITTEN: Already handled candle 2026-06-23T23:50:00+00:00; mode=live; export=2026-06-24T00:00:14+00:00; candle=2026-06-23T23:50:00+00:00
2026-06-24T00:00:30.315349+00:00 WRITE_SPLIT: Writing split proposed orders: BUY EURGBP 3.25; BUY EURUSD 2.25; BUY USDCHF 1.78 as 9 capped chunks; mode=live; export=2026-06-24T00:00:14+00:00; candle=2026-06-23T23:55:00+00:00
2026-06-24T00:00:52.431420+00:00 ALREADY_WRITTEN: Already handled candle 2026-06-23T23:55:00+00:00; mode=live; export=2026-06-24T00:00:44+00:00; candle=2026-06-23T23:55:00+00:00
2026-06-24T00:01:00.373615+00:00 ALREADY_WRITTEN: Already handled candle 2026-06-23T23:55:00+00:00; mode=live; export=2026-06-24T00:00:44+00:00; candle=2026-06-23T23:55:00+00:00
2026-06-24T00:01:22.499268+00:00 ALREADY_WRITTEN: Already handled candle 2026-06-23T23:55:00+00:00; mode=live; export=2026-06-24T00:01:14+00:00; candle=2026-06-23T23:55:00+00:00
2026-06-24T00:01:30.430274+00:00 ALREADY_WRITTEN: Already handled candle 2026-06-23T23:55:00+00:00; mode=live; export=2026-06-24T00:01:14+00:00; candle=2026-06-23T23:55:00+00:00
2026-06-24T00:01:52.563662+00:00 ALREADY_WRITTEN: Already handled candle 2026-06-23T23:55:00+00:00; mode=live; export=2026-06-24T00:01:44+00:00; candle=2026-06-23T23:55:00+00:00
2026-06-24T00:02:00.498506+00:00 ALREADY_WRITTEN: Already handled candle 2026-06-23T23:55:00+00:00; mode=live; export=2026-06-24T00:01:44+00:00; candle=2026-06-23T23:55:00+00:00
2026-06-24T00:02:22.638567+00:00 ALREADY_WRITTEN: Already handled candle 2026-06-23T23:55:00+00:00; mode=live; export=2026-06-24T00:02:14+00:00; candle=2026-06-23T23:55:00+00:00
2026-06-24T00:02:30.569869+00:00 ALREADY_WRITTEN: Already handled candle 2026-06-23T23:55:00+00:00; mode=live; export=2026-06-24T00:02:14+00:00; candle=2026-06-23T23:55:00+00:00
2026-06-24T00:02:52.715839+00:00 ALREADY_WRITTEN: Already handled candle 2026-06-23T23:55:00+00:00; mode=live; export=2026-06-24T00:02:44+00:00; candle=2026-06-23T23:55:00+00:00
2026-06-24T00:03:00.645787+00:00 ALREADY_WRITTEN: Already handled candle 2026-06-23T23:55:00+00:00; mode=live; export=2026-06-24T00:02:44+00:00; candle=2026-06-23T23:55:00+00:00
2026-06-24T00:03:22.795129+00:00 ALREADY_WRITTEN: Already handled candle 2026-06-23T23:55:00+00:00; mode=live; export=2026-06-24T00:03:14+00:00; candle=2026-06-23T23:55:00+00:00
2026-06-24T00:03:30.726425+00:00 ALREADY_WRITTEN: Already handled candle 2026-06-23T23:55:00+00:00; mode=live; export=2026-06-24T00:03:14+00:00; candle=2026-06-23T23:55:00+00:00
2026-06-24T00:03:52.873550+00:00 ALREADY_WRITTEN: Already handled candle 2026-06-23T23:55:00+00:00; mode=live; export=2026-06-24T00:03:44+00:00; candle=2026-06-23T23:55:00+00:00
2026-06-24T00:04:00.784686+00:00 ALREADY_WRITTEN: Already handled candle 2026-06-23T23:55:00+00:00; mode=live; export=2026-06-24T00:03:44+00:00; candle=2026-06-23T23:55:00+00:00
2026-06-24T00:04:22.925003+00:00 ALREADY_WRITTEN: Already handled candle 2026-06-23T23:55:00+00:00; mode=live; export=2026-06-24T00:04:14+00:00; candle=2026-06-23T23:55:00+00:00
2026-06-24T00:04:30.847881+00:00 ALREADY_WRITTEN: Already handled candle 2026-06-23T23:55:00+00:00; mode=live; export=2026-06-24T00:04:14+00:00; candle=2026-06-23T23:55:00+00:00
2026-06-24T00:04:52.990651+00:00 ALREADY_WRITTEN: Already handled candle 2026-06-23T23:55:00+00:00; mode=live; export=2026-06-24T00:04:44+00:00; candle=2026-06-23T23:55:00+00:00
2026-06-24T00:05:00.903824+00:00 ALREADY_WRITTEN: Already handled candle 2026-06-23T23:55:00+00:00; mode=live; export=2026-06-24T00:04:44+00:00; candle=2026-06-23T23:55:00+00:00
2026-06-24T00:05:23.067206+00:00 ALREADY_WRITTEN: Already handled candle 2026-06-23T23:55:00+00:00; mode=live; export=2026-06-24T00:05:14+00:00; candle=2026-06-23T23:55:00+00:00
2026-06-24T00:05:30.980778+00:00 WRITE_SPLIT: Writing split proposed orders: SELL EURGBP 3.25; BUY USDCHF 1.78; BUY USDJPY 6.58 as 13 capped chunks; mode=live; export=2026-06-24T00:05:14+00:00; candle=2026-06-24T00:00:00+00:00
2026-06-24T00:05:53.136333+00:00 ALREADY_WRITTEN: Already handled candle 2026-06-24T00:00:00+00:00; mode=live; export=2026-06-24T00:05:44+00:00; candle=2026-06-24T00:00:00+00:00
2026-06-24T00:06:01.052503+00:00 ALREADY_WRITTEN: Already handled candle 2026-06-24T00:00:00+00:00; mode=live; export=2026-06-24T00:05:44+00:00; candle=2026-06-24T00:00:00+00:00
2026-06-24T00:06:23.203419+00:00 ALREADY_WRITTEN: Already handled candle 2026-06-24T00:00:00+00:00; mode=live; export=2026-06-24T00:06:14+00:00; candle=2026-06-24T00:00:00+00:00
2026-06-24T00:06:31.128887+00:00 ALREADY_WRITTEN: Already handled candle 2026-06-24T00:00:00+00:00; mode=live; export=2026-06-24T00:06:14+00:00; candle=2026-06-24T00:00:00+00:00
2026-06-24T00:06:53.284972+00:00 ALREADY_WRITTEN: Already handled candle 2026-06-24T00:00:00+00:00; mode=live; export=2026-06-24T00:06:44+00:00; candle=2026-06-24T00:00:00+00:00
2026-06-24T00:07:01.194923+00:00 ALREADY_WRITTEN: Already handled candle 2026-06-24T00:00:00+00:00; mode=live; export=2026-06-24T00:06:44+00:00; candle=2026-06-24T00:00:00+00:00
2026-06-24T00:07:23.354985+00:00 ALREADY_WRITTEN: Already handled candle 2026-06-24T00:00:00+00:00; mode=live; export=2026-06-24T00:07:14+00:00; candle=2026-06-24T00:00:00+00:00
2026-06-24T00:07:31.271354+00:00 ALREADY_WRITTEN: Already handled candle 2026-06-24T00:00:00+00:00; mode=live; export=2026-06-24T00:07:14+00:00; candle=2026-06-24T00:00:00+00:00
2026-06-24T00:07:53.422309+00:00 ALREADY_WRITTEN: Already handled candle 2026-06-24T00:00:00+00:00; mode=live; export=2026-06-24T00:07:44+00:00; candle=2026-06-24T00:00:00+00:00
2026-06-24T00:08:01.346502+00:00 ALREADY_WRITTEN: Already handled candle 2026-06-24T00:00:00+00:00; mode=live; export=2026-06-24T00:07:44+00:00; candle=2026-06-24T00:00:00+00:00
2026-06-24T00:08:23.499537+00:00 ALREADY_WRITTEN: Already handled candle 2026-06-24T00:00:00+00:00; mode=live; export=2026-06-24T00:08:14+00:00; candle=2026-06-24T00:00:00+00:00
2026-06-24T00:08:31.412503+00:00 ALREADY_WRITTEN: Already handled candle 2026-06-24T00:00:00+00:00; mode=live; export=2026-06-24T00:08:14+00:00; candle=2026-06-24T00:00:00+00:00
2026-06-24T00:08:53.580783+00:00 ALREADY_WRITTEN: Already handled candle 2026-06-24T00:00:00+00:00; mode=live; export=2026-06-24T00:08:44+00:00; candle=2026-06-24T00:00:00+00:00
2026-06-24T00:09:01.489520+00:00 ALREADY_WRITTEN: Already handled candle 2026-06-24T00:00:00+00:00; mode=live; export=2026-06-24T00:08:44+00:00; candle=2026-06-24T00:00:00+00:00
2026-06-24T00:09:23.656208+00:00 ALREADY_WRITTEN: Already handled candle 2026-06-24T00:00:00+00:00; mode=live; export=2026-06-24T00:09:14+00:00; candle=2026-06-24T00:00:00+00:00
2026-06-24T00:09:31.565617+00:00 ALREADY_WRITTEN: Already handled candle 2026-06-24T00:00:00+00:00; mode=live; export=2026-06-24T00:09:14+00:00; candle=2026-06-24T00:00:00+00:00
2026-06-24T00:09:53.736575+00:00 ALREADY_WRITTEN: Already handled candle 2026-06-24T00:00:00+00:00; mode=live; export=2026-06-24T00:09:44+00:00; candle=2026-06-24T00:00:00+00:00
2026-06-24T00:10:01.629774+00:00 ALREADY_WRITTEN: Already handled candle 2026-06-24T00:00:00+00:00; mode=live; export=2026-06-24T00:09:44+00:00; candle=2026-06-24T00:00:00+00:00
2026-06-24T00:10:23.810471+00:00 ALREADY_WRITTEN: Already handled candle 2026-06-24T00:00:00+00:00; mode=live; export=2026-06-24T00:10:14+00:00; candle=2026-06-24T00:00:00+00:00
2026-06-24T00:10:31.697168+00:00 WRITE_SPLIT: Writing split proposed orders: BUY EURGBP 3.25; SELL EURUSD 2.25 as 7 capped chunks; mode=live; export=2026-06-24T00:10:14+00:00; candle=2026-06-24T00:05:00+00:00
2026-06-24T00:10:53.883957+00:00 ALREADY_WRITTEN: Already handled candle 2026-06-24T00:05:00+00:00; mode=live; export=2026-06-24T00:10:44+00:00; candle=2026-06-24T00:05:00+00:00
2026-06-24T00:11:01.777992+00:00 ALREADY_WRITTEN: Already handled candle 2026-06-24T00:05:00+00:00; mode=live; export=2026-06-24T00:10:44+00:00; candle=2026-06-24T00:05:00+00:00
2026-06-24T00:11:23.965485+00:00 ALREADY_WRITTEN: Already handled candle 2026-06-24T00:05:00+00:00; mode=live; export=2026-06-24T00:11:14+00:00; candle=2026-06-24T00:05:00+00:00
2026-06-24T00:11:31.859964+00:00 ALREADY_WRITTEN: Already handled candle 2026-06-24T00:05:00+00:00; mode=live; export=2026-06-24T00:11:14+00:00; candle=2026-06-24T00:05:00+00:00
2026-06-24T00:11:54.045208+00:00 ALREADY_WRITTEN: Already handled candle 2026-06-24T00:05:00+00:00; mode=live; export=2026-06-24T00:11:44+00:00; candle=2026-06-24T00:05:00+00:00
2026-06-24T00:12:01.928838+00:00 ALREADY_WRITTEN: Already handled candle 2026-06-24T00:05:00+00:00; mode=live; export=2026-06-24T00:11:44+00:00; candle=2026-06-24T00:05:00+00:00
2026-06-24T00:12:24.117819+00:00 ALREADY_WRITTEN: Already handled candle 2026-06-24T00:05:00+00:00; mode=live; export=2026-06-24T00:12:14+00:00; candle=2026-06-24T00:05:00+00:00
2026-06-24T00:12:32.010477+00:00 ALREADY_WRITTEN: Already handled candle 2026-06-24T00:05:00+00:00; mode=live; export=2026-06-24T00:12:14+00:00; candle=2026-06-24T00:05:00+00:00
2026-06-24T00:12:54.183175+00:00 ALREADY_WRITTEN: Already handled candle 2026-06-24T00:05:00+00:00; mode=live; export=2026-06-24T00:12:44+00:00; candle=2026-06-24T00:05:00+00:00
2026-06-24T00:13:02.072568+00:00 ALREADY_WRITTEN: Already handled candle 2026-06-24T00:05:00+00:00; mode=live; export=2026-06-24T00:12:44+00:00; candle=2026-06-24T00:05:00+00:00
2026-06-24T00:13:24.265967+00:00 ALREADY_WRITTEN: Already handled candle 2026-06-24T00:05:00+00:00; mode=live; export=2026-06-24T00:13:14+00:00; candle=2026-06-24T00:05:00+00:00
2026-06-24T00:13:32.155239+00:00 ALREADY_WRITTEN: Already handled candle 2026-06-24T00:05:00+00:00; mode=live; export=2026-06-24T00:13:14+00:00; candle=2026-06-24T00:05:00+00:00
2026-06-24T00:13:54.347931+00:00 ALREADY_WRITTEN: Already handled candle 2026-06-24T00:05:00+00:00; mode=live; export=2026-06-24T00:13:44+00:00; candle=2026-06-24T00:05:00+00:00
2026-06-24T00:14:02.228730+00:00 ALREADY_WRITTEN: Already handled candle 2026-06-24T00:05:00+00:00; mode=live; export=2026-06-24T00:13:44+00:00; candle=2026-06-24T00:05:00+00:00
2026-06-24T00:14:24.408805+00:00 ALREADY_WRITTEN: Already handled candle 2026-06-24T00:05:00+00:00; mode=live; export=2026-06-24T00:14:14+00:00; candle=2026-06-24T00:05:00+00:00
2026-06-24T00:14:32.301499+00:00 ALREADY_WRITTEN: Already handled candle 2026-06-24T00:05:00+00:00; mode=live; export=2026-06-24T00:14:14+00:00; candle=2026-06-24T00:05:00+00:00
2026-06-24T00:14:54.490277+00:00 ALREADY_WRITTEN: Already handled candle 2026-06-24T00:05:00+00:00; mode=live; export=2026-06-24T00:14:44+00:00; candle=2026-06-24T00:05:00+00:00
2026-06-24T00:15:02.365113+00:00 ALREADY_WRITTEN: Already handled candle 2026-06-24T00:05:00+00:00; mode=live; export=2026-06-24T00:14:44+00:00; candle=2026-06-24T00:05:00+00:00
2026-06-24T00:15:24.548749+00:00 WRITE_SPLIT: Writing split proposed orders: BUY EURUSD 2.25 as 3 capped chunks; mode=live; export=2026-06-24T00:15:14+00:00; candle=2026-06-24T00:10:00+00:00
2026-06-24T00:15:32.444976+00:00 ALREADY_WRITTEN: Already handled candle 2026-06-24T00:10:00+00:00; mode=live; export=2026-06-24T00:15:14+00:00; candle=2026-06-24T00:10:00+00:00
2026-06-24T00:15:54.631671+00:00 ALREADY_WRITTEN: Already handled candle 2026-06-24T00:10:00+00:00; mode=live; export=2026-06-24T00:15:44+00:00; candle=2026-06-24T00:10:00+00:00
2026-06-24T00:16:02.519353+00:00 ALREADY_WRITTEN: Already handled candle 2026-06-24T00:10:00+00:00; mode=live; export=2026-06-24T00:15:44+00:00; candle=2026-06-24T00:10:00+00:00
2026-06-24T00:16:24.695317+00:00 ALREADY_WRITTEN: Already handled candle 2026-06-24T00:10:00+00:00; mode=live; export=2026-06-24T00:16:14+00:00; candle=2026-06-24T00:10:00+00:00
2026-06-24T00:16:32.599161+00:00 ALREADY_WRITTEN: Already handled candle 2026-06-24T00:10:00+00:00; mode=live; export=2026-06-24T00:16:14+00:00; candle=2026-06-24T00:10:00+00:00
2026-06-24T00:16:54.766770+00:00 ALREADY_WRITTEN: Already handled candle 2026-06-24T00:10:00+00:00; mode=live; export=2026-06-24T00:16:44+00:00; candle=2026-06-24T00:10:00+00:00
2026-06-24T00:17:02.676203+00:00 ALREADY_WRITTEN: Already handled candle 2026-06-24T00:10:00+00:00; mode=live; export=2026-06-24T00:16:44+00:00; candle=2026-06-24T00:10:00+00:00
2026-06-24T00:17:24.843077+00:00 ALREADY_WRITTEN: Already handled candle 2026-06-24T00:10:00+00:00; mode=live; export=2026-06-24T00:17:14+00:00; candle=2026-06-24T00:10:00+00:00
2026-06-24T00:17:32.731385+00:00 ALREADY_WRITTEN: Already handled candle 2026-06-24T00:10:00+00:00; mode=live; export=2026-06-24T00:17:14+00:00; candle=2026-06-24T00:10:00+00:00
2026-06-24T00:17:54.920788+00:00 ALREADY_WRITTEN: Already handled candle 2026-06-24T00:10:00+00:00; mode=live; export=2026-06-24T00:17:44+00:00; candle=2026-06-24T00:10:00+00:00
2026-06-24T00:18:02.803562+00:00 ALREADY_WRITTEN: Already handled candle 2026-06-24T00:10:00+00:00; mode=live; export=2026-06-24T00:17:44+00:00; candle=2026-06-24T00:10:00+00:00
2026-06-24T00:18:25.002135+00:00 ALREADY_WRITTEN: Already handled candle 2026-06-24T00:10:00+00:00; mode=live; export=2026-06-24T00:18:14+00:00; candle=2026-06-24T00:10:00+00:00
2026-06-24T00:18:32.875274+00:00 ALREADY_WRITTEN: Already handled candle 2026-06-24T00:10:00+00:00; mode=live; export=2026-06-24T00:18:14+00:00; candle=2026-06-24T00:10:00+00:00
2026-06-24T00:18:55.070232+00:00 ALREADY_WRITTEN: Already handled candle 2026-06-24T00:10:00+00:00; mode=live; export=2026-06-24T00:18:44+00:00; candle=2026-06-24T00:10:00+00:00
2026-06-24T00:19:02.938120+00:00 ALREADY_WRITTEN: Already handled candle 2026-06-24T00:10:00+00:00; mode=live; export=2026-06-24T00:18:44+00:00; candle=2026-06-24T00:10:00+00:00
2026-06-24T00:19:25.137490+00:00 ALREADY_WRITTEN: Already handled candle 2026-06-24T00:10:00+00:00; mode=live; export=2026-06-24T00:19:14+00:00; candle=2026-06-24T00:10:00+00:00
2026-06-24T00:19:33.014683+00:00 ALREADY_WRITTEN: Already handled candle 2026-06-24T00:10:00+00:00; mode=live; export=2026-06-24T00:19:14+00:00; candle=2026-06-24T00:10:00+00:00
2026-06-24T00:19:55.216483+00:00 ALREADY_WRITTEN: Already handled candle 2026-06-24T00:10:00+00:00; mode=live; export=2026-06-24T00:19:44+00:00; candle=2026-06-24T00:10:00+00:00
2026-06-24T00:20:03.079917+00:00 ALREADY_WRITTEN: Already handled candle 2026-06-24T00:10:00+00:00; mode=live; export=2026-06-24T00:19:44+00:00; candle=2026-06-24T00:10:00+00:00
2026-06-24T00:20:25.292231+00:00 WRITE_SPLIT: Writing split proposed orders: SELL EURUSD 2.25; SELL USDJPY 6.58 as 10 capped chunks; mode=live; export=2026-06-24T00:20:14+00:00; candle=2026-06-24T00:15:00+00:00
2026-06-24T00:20:33.148528+00:00 ALREADY_WRITTEN: Already handled candle 2026-06-24T00:15:00+00:00; mode=live; export=2026-06-24T00:20:14+00:00; candle=2026-06-24T00:15:00+00:00
2026-06-24T00:20:55.353135+00:00 ALREADY_WRITTEN: Already handled candle 2026-06-24T00:15:00+00:00; mode=live; export=2026-06-24T00:20:44+00:00; candle=2026-06-24T00:15:00+00:00
2026-06-24T00:21:03.209935+00:00 ALREADY_WRITTEN: Already handled candle 2026-06-24T00:15:00+00:00; mode=live; export=2026-06-24T00:20:44+00:00; candle=2026-06-24T00:15:00+00:00
2026-06-24T00:21:25.435642+00:00 ALREADY_WRITTEN: Already handled candle 2026-06-24T00:15:00+00:00; mode=live; export=2026-06-24T00:21:14+00:00; candle=2026-06-24T00:15:00+00:00
2026-06-24T00:21:33.280828+00:00 ALREADY_WRITTEN: Already handled candle 2026-06-24T00:15:00+00:00; mode=live; export=2026-06-24T00:21:14+00:00; candle=2026-06-24T00:15:00+00:00
2026-06-24T00:21:55.515154+00:00 ALREADY_WRITTEN: Already handled candle 2026-06-24T00:15:00+00:00; mode=live; export=2026-06-24T00:21:44+00:00; candle=2026-06-24T00:15:00+00:00
2026-06-24T00:22:03.363610+00:00 ALREADY_WRITTEN: Already handled candle 2026-06-24T00:15:00+00:00; mode=live; export=2026-06-24T00:21:44+00:00; candle=2026-06-24T00:15:00+00:00
2026-06-24T00:22:25.595314+00:00 ALREADY_WRITTEN: Already handled candle 2026-06-24T00:15:00+00:00; mode=live; export=2026-06-24T00:22:14+00:00; candle=2026-06-24T00:15:00+00:00
2026-06-24T00:22:33.444110+00:00 ALREADY_WRITTEN: Already handled candle 2026-06-24T00:15:00+00:00; mode=live; export=2026-06-24T00:22:14+00:00; candle=2026-06-24T00:15:00+00:00
2026-06-24T00:22:55.662267+00:00 ALREADY_WRITTEN: Already handled candle 2026-06-24T00:15:00+00:00; mode=live; export=2026-06-24T00:22:44+00:00; candle=2026-06-24T00:15:00+00:00
2026-06-24T00:23:03.517266+00:00 ALREADY_WRITTEN: Already handled candle 2026-06-24T00:15:00+00:00; mode=live; export=2026-06-24T00:22:44+00:00; candle=2026-06-24T00:15:00+00:00
2026-06-24T00:23:25.734532+00:00 ALREADY_WRITTEN: Already handled candle 2026-06-24T00:15:00+00:00; mode=live; export=2026-06-24T00:23:14+00:00; candle=2026-06-24T00:15:00+00:00
2026-06-24T00:23:33.595036+00:00 ALREADY_WRITTEN: Already handled candle 2026-06-24T00:15:00+00:00; mode=live; export=2026-06-24T00:23:14+00:00; candle=2026-06-24T00:15:00+00:00
2026-06-24T00:23:55.799971+00:00 ALREADY_WRITTEN: Already handled candle 2026-06-24T00:15:00+00:00; mode=live; export=2026-06-24T00:23:44+00:00; candle=2026-06-24T00:15:00+00:00
2026-06-24T00:24:03.669757+00:00 ALREADY_WRITTEN: Already handled candle 2026-06-24T00:15:00+00:00; mode=live; export=2026-06-24T00:23:44+00:00; candle=2026-06-24T00:15:00+00:00
2026-06-24T00:24:25.882181+00:00 ALREADY_WRITTEN: Already handled candle 2026-06-24T00:15:00+00:00; mode=live; export=2026-06-24T00:24:14+00:00; candle=2026-06-24T00:15:00+00:00
2026-06-24T00:24:33.750955+00:00 ALREADY_WRITTEN: Already handled candle 2026-06-24T00:15:00+00:00; mode=live; export=2026-06-24T00:24:14+00:00; candle=2026-06-24T00:15:00+00:00
2026-06-24T00:24:55.963445+00:00 ALREADY_WRITTEN: Already handled candle 2026-06-24T00:15:00+00:00; mode=live; export=2026-06-24T00:24:44+00:00; candle=2026-06-24T00:15:00+00:00
2026-06-24T00:25:03.819970+00:00 ALREADY_WRITTEN: Already handled candle 2026-06-24T00:15:00+00:00; mode=live; export=2026-06-24T00:24:44+00:00; candle=2026-06-24T00:15:00+00:00
2026-06-24T00:25:26.025377+00:00 WRITE_SPLIT: Writing split proposed orders: BUY EURUSD 2.25; BUY USDJPY 6.58 as 10 capped chunks; mode=live; export=2026-06-24T00:25:14+00:00; candle=2026-06-24T00:20:00+00:00
2026-06-24T00:25:33.896810+00:00 ALREADY_WRITTEN: Already handled candle 2026-06-24T00:20:00+00:00; mode=live; export=2026-06-24T00:25:14+00:00; candle=2026-06-24T00:20:00+00:00
2026-06-24T00:25:56.104046+00:00 ALREADY_WRITTEN: Already handled candle 2026-06-24T00:20:00+00:00; mode=live; export=2026-06-24T00:25:44+00:00; candle=2026-06-24T00:20:00+00:00
2026-06-24T00:26:03.960876+00:00 ALREADY_WRITTEN: Already handled candle 2026-06-24T00:20:00+00:00; mode=live; export=2026-06-24T00:25:44+00:00; candle=2026-06-24T00:20:00+00:00
2026-06-24T00:26:26.170589+00:00 ALREADY_WRITTEN: Already handled candle 2026-06-24T00:20:00+00:00; mode=live; export=2026-06-24T00:26:14+00:00; candle=2026-06-24T00:20:00+00:00
2026-06-24T00:26:34.015833+00:00 ALREADY_WRITTEN: Already handled candle 2026-06-24T00:20:00+00:00; mode=live; export=2026-06-24T00:26:14+00:00; candle=2026-06-24T00:20:00+00:00
2026-06-24T00:26:56.233014+00:00 ALREADY_WRITTEN: Already handled candle 2026-06-24T00:20:00+00:00; mode=live; export=2026-06-24T00:26:44+00:00; candle=2026-06-24T00:20:00+00:00
2026-06-24T00:27:04.067485+00:00 ALREADY_WRITTEN: Already handled candle 2026-06-24T00:20:00+00:00; mode=live; export=2026-06-24T00:26:44+00:00; candle=2026-06-24T00:20:00+00:00
2026-06-24T00:27:26.305319+00:00 ALREADY_WRITTEN: Already handled candle 2026-06-24T00:20:00+00:00; mode=live; export=2026-06-24T00:27:14+00:00; candle=2026-06-24T00:20:00+00:00
2026-06-24T00:27:34.138403+00:00 ALREADY_WRITTEN: Already handled candle 2026-06-24T00:20:00+00:00; mode=live; export=2026-06-24T00:27:14+00:00; candle=2026-06-24T00:20:00+00:00
2026-06-24T00:27:56.387759+00:00 ALREADY_WRITTEN: Already handled candle 2026-06-24T00:20:00+00:00; mode=live; export=2026-06-24T00:27:44+00:00; candle=2026-06-24T00:20:00+00:00
2026-06-24T00:28:04.209362+00:00 ALREADY_WRITTEN: Already handled candle 2026-06-24T00:20:00+00:00; mode=live; export=2026-06-24T00:27:44+00:00; candle=2026-06-24T00:20:00+00:00
2026-06-24T00:28:26.465324+00:00 ALREADY_WRITTEN: Already handled candle 2026-06-24T00:20:00+00:00; mode=live; export=2026-06-24T00:28:14+00:00; candle=2026-06-24T00:20:00+00:00
2026-06-24T00:28:34.283114+00:00 ALREADY_WRITTEN: Already handled candle 2026-06-24T00:20:00+00:00; mode=live; export=2026-06-24T00:28:14+00:00; candle=2026-06-24T00:20:00+00:00
2026-06-24T00:28:56.532251+00:00 ALREADY_WRITTEN: Already handled candle 2026-06-24T00:20:00+00:00; mode=live; export=2026-06-24T00:28:44+00:00; candle=2026-06-24T00:20:00+00:00
2026-06-24T00:29:04.357125+00:00 ALREADY_WRITTEN: Already handled candle 2026-06-24T00:20:00+00:00; mode=live; export=2026-06-24T00:28:44+00:00; candle=2026-06-24T00:20:00+00:00
2026-06-24T00:29:26.611882+00:00 ALREADY_WRITTEN: Already handled candle 2026-06-24T00:20:00+00:00; mode=live; export=2026-06-24T00:29:14+00:00; candle=2026-06-24T00:20:00+00:00
2026-06-24T00:29:34.434468+00:00 ALREADY_WRITTEN: Already handled candle 2026-06-24T00:20:00+00:00; mode=live; export=2026-06-24T00:29:14+00:00; candle=2026-06-24T00:20:00+00:00
2026-06-24T00:29:56.694375+00:00 ALREADY_WRITTEN: Already handled candle 2026-06-24T00:20:00+00:00; mode=live; export=2026-06-24T00:29:44+00:00; candle=2026-06-24T00:20:00+00:00
2026-06-24T00:30:04.511821+00:00 ALREADY_WRITTEN: Already handled candle 2026-06-24T00:20:00+00:00; mode=live; export=2026-06-24T00:29:44+00:00; candle=2026-06-24T00:20:00+00:00
2026-06-24T00:30:26.772626+00:00 BLOCKED_TOTAL_SIZE: Total action 12.08 lots exceeds safety limit 12.00: SELL EURGBP 3.25; SELL EURUSD 2.25; SELL USDJPY 6.58; mode=live; export=2026-06-24T00:30:14+00:00; candle=2026-06-24T00:25:00+00:00
2026-06-24T00:30:34.592218+00:00 BLOCKED_TOTAL_SIZE: Total action 12.08 lots exceeds safety limit 12.00: SELL EURGBP 3.25; SELL EURUSD 2.25; SELL USDJPY 6.58; mode=live; export=2026-06-24T00:30:14+00:00; candle=2026-06-24T00:25:00+00:00
2026-06-24T00:30:56.841468+00:00 WRITE_SPLIT: Writing split proposed orders: SELL USDJPY 6.58 as 7 capped chunks; mode=live; export=2026-06-24T00:30:44+00:00; candle=2026-06-24T00:25:00+00:00
2026-06-24T00:31:04.670646+00:00 ALREADY_WRITTEN: Already handled candle 2026-06-24T00:25:00+00:00; mode=live; export=2026-06-24T00:30:44+00:00; candle=2026-06-24T00:25:00+00:00
2026-06-24T00:31:26.921643+00:00 ALREADY_WRITTEN: Already handled candle 2026-06-24T00:25:00+00:00; mode=live; export=2026-06-24T00:31:14+00:00; candle=2026-06-24T00:25:00+00:00
2026-06-24T00:31:34.740014+00:00 ALREADY_WRITTEN: Already handled candle 2026-06-24T00:25:00+00:00; mode=live; export=2026-06-24T00:31:14+00:00; candle=2026-06-24T00:25:00+00:00
2026-06-24T00:31:56.996310+00:00 ALREADY_WRITTEN: Already handled candle 2026-06-24T00:25:00+00:00; mode=live; export=2026-06-24T00:31:44+00:00; candle=2026-06-24T00:25:00+00:00
2026-06-24T00:32:04.813682+00:00 ALREADY_WRITTEN: Already handled candle 2026-06-24T00:25:00+00:00; mode=live; export=2026-06-24T00:31:44+00:00; candle=2026-06-24T00:25:00+00:00
2026-06-24T00:32:27.076348+00:00 ALREADY_WRITTEN: Already handled candle 2026-06-24T00:25:00+00:00; mode=live; export=2026-06-24T00:32:14+00:00; candle=2026-06-24T00:25:00+00:00
2026-06-24T00:32:34.896217+00:00 ALREADY_WRITTEN: Already handled candle 2026-06-24T00:25:00+00:00; mode=live; export=2026-06-24T00:32:14+00:00; candle=2026-06-24T00:25:00+00:00
2026-06-24T00:32:57.143954+00:00 ALREADY_WRITTEN: Already handled candle 2026-06-24T00:25:00+00:00; mode=live; export=2026-06-24T00:32:44+00:00; candle=2026-06-24T00:25:00+00:00
2026-06-24T00:33:04.974986+00:00 ALREADY_WRITTEN: Already handled candle 2026-06-24T00:25:00+00:00; mode=live; export=2026-06-24T00:32:44+00:00; candle=2026-06-24T00:25:00+00:00
2026-06-24T00:33:27.209084+00:00 ALREADY_WRITTEN: Already handled candle 2026-06-24T00:25:00+00:00; mode=live; export=2026-06-24T00:33:14+00:00; candle=2026-06-24T00:25:00+00:00
2026-06-24T00:33:35.047225+00:00 ALREADY_WRITTEN: Already handled candle 2026-06-24T00:25:00+00:00; mode=live; export=2026-06-24T00:33:14+00:00; candle=2026-06-24T00:25:00+00:00
2026-06-24T00:33:57.282846+00:00 ALREADY_WRITTEN: Already handled candle 2026-06-24T00:25:00+00:00; mode=live; export=2026-06-24T00:33:44+00:00; candle=2026-06-24T00:25:00+00:00
2026-06-24T00:34:05.116742+00:00 ALREADY_WRITTEN: Already handled candle 2026-06-24T00:25:00+00:00; mode=live; export=2026-06-24T00:33:44+00:00; candle=2026-06-24T00:25:00+00:00
2026-06-24T00:34:27.351301+00:00 ALREADY_WRITTEN: Already handled candle 2026-06-24T00:25:00+00:00; mode=live; export=2026-06-24T00:34:14+00:00; candle=2026-06-24T00:25:00+00:00
2026-06-24T00:34:35.192444+00:00 ALREADY_WRITTEN: Already handled candle 2026-06-24T00:25:00+00:00; mode=live; export=2026-06-24T00:34:14+00:00; candle=2026-06-24T00:25:00+00:00
2026-06-24T00:34:57.414717+00:00 ALREADY_WRITTEN: Already handled candle 2026-06-24T00:25:00+00:00; mode=live; export=2026-06-24T00:34:44+00:00; candle=2026-06-24T00:25:00+00:00
2026-06-24T00:35:05.268790+00:00 ALREADY_WRITTEN: Already handled candle 2026-06-24T00:25:00+00:00; mode=live; export=2026-06-24T00:34:44+00:00; candle=2026-06-24T00:25:00+00:00
2026-06-24T00:35:27.498889+00:00 HOLD: No meaningful orders after tiny-churn filter; mode=live; export=2026-06-24T00:35:14+00:00; candle=2026-06-24T00:30:00+00:00
2026-06-24T00:35:35.345084+00:00 HOLD: No meaningful orders after tiny-churn filter; mode=live; export=2026-06-24T00:35:14+00:00; candle=2026-06-24T00:30:00+00:00
2026-06-24T00:35:57.585318+00:00 HOLD: No meaningful orders after tiny-churn filter; mode=live; export=2026-06-24T00:35:44+00:00; candle=2026-06-24T00:30:00+00:00
2026-06-24T00:36:05.429625+00:00 HOLD: No meaningful orders after tiny-churn filter; mode=live; export=2026-06-24T00:35:44+00:00; candle=2026-06-24T00:30:00+00:00
2026-06-24T00:36:27.654830+00:00 HOLD: No meaningful orders after tiny-churn filter; mode=live; export=2026-06-24T00:36:14+00:00; candle=2026-06-24T00:30:00+00:00
2026-06-24T00:36:35.497410+00:00 HOLD: No meaningful orders after tiny-churn filter; mode=live; export=2026-06-24T00:36:14+00:00; candle=2026-06-24T00:30:00+00:00
2026-06-24T00:36:57.730435+00:00 WRITE_SPLIT: Writing split proposed orders: SELL EURUSD 2.25 as 3 capped chunks; mode=live; export=2026-06-24T00:36:44+00:00; candle=2026-06-24T00:30:00+00:00
2026-06-24T00:37:05.574752+00:00 ALREADY_WRITTEN: Already handled candle 2026-06-24T00:30:00+00:00; mode=live; export=2026-06-24T00:36:44+00:00; candle=2026-06-24T00:30:00+00:00
2026-06-24T00:37:27.807282+00:00 ALREADY_WRITTEN: Already handled candle 2026-06-24T00:30:00+00:00; mode=live; export=2026-06-24T00:37:14+00:00; candle=2026-06-24T00:30:00+00:00
2026-06-24T00:37:35.644981+00:00 ALREADY_WRITTEN: Already handled candle 2026-06-24T00:30:00+00:00; mode=live; export=2026-06-24T00:37:14+00:00; candle=2026-06-24T00:30:00+00:00
2026-06-24T00:37:57.884873+00:00 ALREADY_WRITTEN: Already handled candle 2026-06-24T00:30:00+00:00; mode=live; export=2026-06-24T00:37:44+00:00; candle=2026-06-24T00:30:00+00:00
2026-06-24T00:38:05.726377+00:00 ALREADY_WRITTEN: Already handled candle 2026-06-24T00:30:00+00:00; mode=live; export=2026-06-24T00:37:44+00:00; candle=2026-06-24T00:30:00+00:00
2026-06-24T00:38:27.952691+00:00 ALREADY_WRITTEN: Already handled candle 2026-06-24T00:30:00+00:00; mode=live; export=2026-06-24T00:38:14+00:00; candle=2026-06-24T00:30:00+00:00
2026-06-24T00:38:35.806559+00:00 ALREADY_WRITTEN: Already handled candle 2026-06-24T00:30:00+00:00; mode=live; export=2026-06-24T00:38:14+00:00; candle=2026-06-24T00:30:00+00:00
2026-06-24T00:38:58.035830+00:00 ALREADY_WRITTEN: Already handled candle 2026-06-24T00:30:00+00:00; mode=live; export=2026-06-24T00:38:44+00:00; candle=2026-06-24T00:30:00+00:00
2026-06-24T00:39:05.884233+00:00 ALREADY_WRITTEN: Already handled candle 2026-06-24T00:30:00+00:00; mode=live; export=2026-06-24T00:38:44+00:00; candle=2026-06-24T00:30:00+00:00
2026-06-24T00:39:28.121117+00:00 ALREADY_WRITTEN: Already handled candle 2026-06-24T00:30:00+00:00; mode=live; export=2026-06-24T00:39:14+00:00; candle=2026-06-24T00:30:00+00:00
2026-06-24T00:39:35.946602+00:00 ALREADY_WRITTEN: Already handled candle 2026-06-24T00:30:00+00:00; mode=live; export=2026-06-24T00:39:14+00:00; candle=2026-06-24T00:30:00+00:00
2026-06-24T00:39:58.200192+00:00 ALREADY_WRITTEN: Already handled candle 2026-06-24T00:30:00+00:00; mode=live; export=2026-06-24T00:39:44+00:00; candle=2026-06-24T00:30:00+00:00
2026-06-24T00:40:06.008344+00:00 ALREADY_WRITTEN: Already handled candle 2026-06-24T00:30:00+00:00; mode=live; export=2026-06-24T00:39:44+00:00; candle=2026-06-24T00:30:00+00:00
2026-06-24T00:40:28.279264+00:00 HOLD: No meaningful orders after tiny-churn filter; mode=live; export=2026-06-24T00:40:14+00:00; candle=2026-06-24T00:35:00+00:00
2026-06-24T00:40:36.090928+00:00 HOLD: No meaningful orders after tiny-churn filter; mode=live; export=2026-06-24T00:40:14+00:00; candle=2026-06-24T00:35:00+00:00
2026-06-24T00:40:58.354053+00:00 HOLD: No meaningful orders after tiny-churn filter; mode=live; export=2026-06-24T00:40:44+00:00; candle=2026-06-24T00:35:00+00:00
2026-06-24T00:41:06.153470+00:00 HOLD: No meaningful orders after tiny-churn filter; mode=live; export=2026-06-24T00:40:44+00:00; candle=2026-06-24T00:35:00+00:00
2026-06-24T00:41:28.437718+00:00 HOLD: No meaningful orders after tiny-churn filter; mode=live; export=2026-06-24T00:41:14+00:00; candle=2026-06-24T00:35:00+00:00
2026-06-24T00:41:36.216198+00:00 HOLD: No meaningful orders after tiny-churn filter; mode=live; export=2026-06-24T00:41:14+00:00; candle=2026-06-24T00:35:00+00:00
2026-06-24T00:41:58.511980+00:00 HOLD: No meaningful orders after tiny-churn filter; mode=live; export=2026-06-24T00:41:44+00:00; candle=2026-06-24T00:35:00+00:00
2026-06-24T00:42:06.297731+00:00 HOLD: No meaningful orders after tiny-churn filter; mode=live; export=2026-06-24T00:41:44+00:00; candle=2026-06-24T00:35:00+00:00
2026-06-24T00:42:28.594482+00:00 WRITE_SPLIT: Writing split proposed orders: BUY EURUSD 2.25 as 3 capped chunks; mode=live; export=2026-06-24T00:42:14+00:00; candle=2026-06-24T00:35:00+00:00
2026-06-24T00:42:36.375637+00:00 ALREADY_WRITTEN: Already handled candle 2026-06-24T00:35:00+00:00; mode=live; export=2026-06-24T00:42:14+00:00; candle=2026-06-24T00:35:00+00:00
2026-06-24T00:42:58.672045+00:00 ALREADY_WRITTEN: Already handled candle 2026-06-24T00:35:00+00:00; mode=live; export=2026-06-24T00:42:44+00:00; candle=2026-06-24T00:35:00+00:00
2026-06-24T00:43:06.438279+00:00 ALREADY_WRITTEN: Already handled candle 2026-06-24T00:35:00+00:00; mode=live; export=2026-06-24T00:42:44+00:00; candle=2026-06-24T00:35:00+00:00
2026-06-24T00:43:28.736840+00:00 ALREADY_WRITTEN: Already handled candle 2026-06-24T00:35:00+00:00; mode=live; export=2026-06-24T00:43:14+00:00; candle=2026-06-24T00:35:00+00:00
2026-06-24T00:43:36.518612+00:00 ALREADY_WRITTEN: Already handled candle 2026-06-24T00:35:00+00:00; mode=live; export=2026-06-24T00:43:14+00:00; candle=2026-06-24T00:35:00+00:00
2026-06-24T00:43:58.818472+00:00 ALREADY_WRITTEN: Already handled candle 2026-06-24T00:35:00+00:00; mode=live; export=2026-06-24T00:43:44+00:00; candle=2026-06-24T00:35:00+00:00
2026-06-24T00:44:06.591132+00:00 ALREADY_WRITTEN: Already handled candle 2026-06-24T00:35:00+00:00; mode=live; export=2026-06-24T00:43:44+00:00; candle=2026-06-24T00:35:00+00:00
2026-06-24T00:44:28.902925+00:00 ALREADY_WRITTEN: Already handled candle 2026-06-24T00:35:00+00:00; mode=live; export=2026-06-24T00:44:14+00:00; candle=2026-06-24T00:35:00+00:00
2026-06-24T00:44:36.668346+00:00 ALREADY_WRITTEN: Already handled candle 2026-06-24T00:35:00+00:00; mode=live; export=2026-06-24T00:44:14+00:00; candle=2026-06-24T00:35:00+00:00
2026-06-24T00:44:58.983543+00:00 ALREADY_WRITTEN: Already handled candle 2026-06-24T00:35:00+00:00; mode=live; export=2026-06-24T00:44:44+00:00; candle=2026-06-24T00:35:00+00:00
2026-06-24T00:45:06.734179+00:00 ALREADY_WRITTEN: Already handled candle 2026-06-24T00:35:00+00:00; mode=live; export=2026-06-24T00:44:44+00:00; candle=2026-06-24T00:35:00+00:00
2026-06-24T00:45:29.057133+00:00 WRITE_SPLIT: Writing split proposed orders: SELL EURGBP 3.25 as 4 capped chunks; mode=live; export=2026-06-24T00:45:14+00:00; candle=2026-06-24T00:40:00+00:00
2026-06-24T00:45:36.796557+00:00 ALREADY_WRITTEN: Already handled candle 2026-06-24T00:40:00+00:00; mode=live; export=2026-06-24T00:45:14+00:00; candle=2026-06-24T00:40:00+00:00
2026-06-24T00:45:59.135850+00:00 ALREADY_WRITTEN: Already handled candle 2026-06-24T00:40:00+00:00; mode=live; export=2026-06-24T00:45:44+00:00; candle=2026-06-24T00:40:00+00:00
2026-06-24T00:46:06.874359+00:00 ALREADY_WRITTEN: Already handled candle 2026-06-24T00:40:00+00:00; mode=live; export=2026-06-24T00:45:44+00:00; candle=2026-06-24T00:40:00+00:00
2026-06-24T00:46:29.219287+00:00 ALREADY_WRITTEN: Already handled candle 2026-06-24T00:40:00+00:00; mode=live; export=2026-06-24T00:46:14+00:00; candle=2026-06-24T00:40:00+00:00
2026-06-24T00:46:36.956934+00:00 ALREADY_WRITTEN: Already handled candle 2026-06-24T00:40:00+00:00; mode=live; export=2026-06-24T00:46:14+00:00; candle=2026-06-24T00:40:00+00:00
2026-06-24T00:46:59.283019+00:00 ALREADY_WRITTEN: Already handled candle 2026-06-24T00:40:00+00:00; mode=live; export=2026-06-24T00:46:44+00:00; candle=2026-06-24T00:40:00+00:00
2026-06-24T00:47:07.038837+00:00 ALREADY_WRITTEN: Already handled candle 2026-06-24T00:40:00+00:00; mode=live; export=2026-06-24T00:46:44+00:00; candle=2026-06-24T00:40:00+00:00
2026-06-24T00:47:29.349322+00:00 ALREADY_WRITTEN: Already handled candle 2026-06-24T00:40:00+00:00; mode=live; export=2026-06-24T00:47:14+00:00; candle=2026-06-24T00:40:00+00:00
2026-06-24T00:47:37.110836+00:00 ALREADY_WRITTEN: Already handled candle 2026-06-24T00:40:00+00:00; mode=live; export=2026-06-24T00:47:14+00:00; candle=2026-06-24T00:40:00+00:00
2026-06-24T00:47:59.430704+00:00 ALREADY_WRITTEN: Already handled candle 2026-06-24T00:40:00+00:00; mode=live; export=2026-06-24T00:47:44+00:00; candle=2026-06-24T00:40:00+00:00
2026-06-24T00:48:07.180155+00:00 ALREADY_WRITTEN: Already handled candle 2026-06-24T00:40:00+00:00; mode=live; export=2026-06-24T00:47:44+00:00; candle=2026-06-24T00:40:00+00:00
2026-06-24T00:48:29.508917+00:00 ALREADY_WRITTEN: Already handled candle 2026-06-24T00:40:00+00:00; mode=live; export=2026-06-24T00:48:14+00:00; candle=2026-06-24T00:40:00+00:00
2026-06-24T00:48:37.263066+00:00 ALREADY_WRITTEN: Already handled candle 2026-06-24T00:40:00+00:00; mode=live; export=2026-06-24T00:48:14+00:00; candle=2026-06-24T00:40:00+00:00
2026-06-24T00:48:59.576314+00:00 ALREADY_WRITTEN: Already handled candle 2026-06-24T00:40:00+00:00; mode=live; export=2026-06-24T00:48:44+00:00; candle=2026-06-24T00:40:00+00:00
2026-06-24T00:49:07.339519+00:00 ALREADY_WRITTEN: Already handled candle 2026-06-24T00:40:00+00:00; mode=live; export=2026-06-24T00:48:44+00:00; candle=2026-06-24T00:40:00+00:00
2026-06-24T00:49:29.653947+00:00 ALREADY_WRITTEN: Already handled candle 2026-06-24T00:40:00+00:00; mode=live; export=2026-06-24T00:49:14+00:00; candle=2026-06-24T00:40:00+00:00
2026-06-24T00:49:37.412069+00:00 ALREADY_WRITTEN: Already handled candle 2026-06-24T00:40:00+00:00; mode=live; export=2026-06-24T00:49:14+00:00; candle=2026-06-24T00:40:00+00:00
2026-06-24T00:49:59.718885+00:00 ALREADY_WRITTEN: Already handled candle 2026-06-24T00:40:00+00:00; mode=live; export=2026-06-24T00:49:44+00:00; candle=2026-06-24T00:40:00+00:00
2026-06-24T00:50:07.494713+00:00 ALREADY_WRITTEN: Already handled candle 2026-06-24T00:40:00+00:00; mode=live; export=2026-06-24T00:49:44+00:00; candle=2026-06-24T00:40:00+00:00
2026-06-24T00:50:29.780106+00:00 WRITE_SPLIT: Writing split proposed orders: BUY EURGBP 3.25; SELL EURUSD 2.25 as 7 capped chunks; mode=live; export=2026-06-24T00:50:14+00:00; candle=2026-06-24T00:45:00+00:00
2026-06-24T00:50:37.569214+00:00 ALREADY_WRITTEN: Already handled candle 2026-06-24T00:45:00+00:00; mode=live; export=2026-06-24T00:50:14+00:00; candle=2026-06-24T00:45:00+00:00
2026-06-24T00:50:59.850251+00:00 ALREADY_WRITTEN: Already handled candle 2026-06-24T00:45:00+00:00; mode=live; export=2026-06-24T00:50:44+00:00; candle=2026-06-24T00:45:00+00:00
2026-06-24T00:51:07.652590+00:00 ALREADY_WRITTEN: Already handled candle 2026-06-24T00:45:00+00:00; mode=live; export=2026-06-24T00:50:44+00:00; candle=2026-06-24T00:45:00+00:00
2026-06-24T00:51:29.934384+00:00 ALREADY_WRITTEN: Already handled candle 2026-06-24T00:45:00+00:00; mode=live; export=2026-06-24T00:51:14+00:00; candle=2026-06-24T00:45:00+00:00
2026-06-24T00:51:37.731437+00:00 ALREADY_WRITTEN: Already handled candle 2026-06-24T00:45:00+00:00; mode=live; export=2026-06-24T00:51:14+00:00; candle=2026-06-24T00:45:00+00:00
2026-06-24T00:52:00.006251+00:00 ALREADY_WRITTEN: Already handled candle 2026-06-24T00:45:00+00:00; mode=live; export=2026-06-24T00:51:44+00:00; candle=2026-06-24T00:45:00+00:00
2026-06-24T00:52:07.805289+00:00 ALREADY_WRITTEN: Already handled candle 2026-06-24T00:45:00+00:00; mode=live; export=2026-06-24T00:51:44+00:00; candle=2026-06-24T00:45:00+00:00
2026-06-24T00:52:30.077067+00:00 ALREADY_WRITTEN: Already handled candle 2026-06-24T00:45:00+00:00; mode=live; export=2026-06-24T00:52:14+00:00; candle=2026-06-24T00:45:00+00:00
2026-06-24T00:52:37.887016+00:00 ALREADY_WRITTEN: Already handled candle 2026-06-24T00:45:00+00:00; mode=live; export=2026-06-24T00:52:14+00:00; candle=2026-06-24T00:45:00+00:00
2026-06-24T00:53:00.143751+00:00 ALREADY_WRITTEN: Already handled candle 2026-06-24T00:45:00+00:00; mode=live; export=2026-06-24T00:52:44+00:00; candle=2026-06-24T00:45:00+00:00
2026-06-24T00:53:07.965386+00:00 ALREADY_WRITTEN: Already handled candle 2026-06-24T00:45:00+00:00; mode=live; export=2026-06-24T00:52:44+00:00; candle=2026-06-24T00:45:00+00:00
2026-06-24T00:53:30.226785+00:00 ALREADY_WRITTEN: Already handled candle 2026-06-24T00:45:00+00:00; mode=live; export=2026-06-24T00:53:14+00:00; candle=2026-06-24T00:45:00+00:00
2026-06-24T00:53:38.040011+00:00 ALREADY_WRITTEN: Already handled candle 2026-06-24T00:45:00+00:00; mode=live; export=2026-06-24T00:53:14+00:00; candle=2026-06-24T00:45:00+00:00
2026-06-24T00:54:00.293444+00:00 ALREADY_WRITTEN: Already handled candle 2026-06-24T00:45:00+00:00; mode=live; export=2026-06-24T00:53:44+00:00; candle=2026-06-24T00:45:00+00:00
2026-06-24T00:54:08.103546+00:00 ALREADY_WRITTEN: Already handled candle 2026-06-24T00:45:00+00:00; mode=live; export=2026-06-24T00:53:44+00:00; candle=2026-06-24T00:45:00+00:00
2026-06-24T00:54:30.374540+00:00 ALREADY_WRITTEN: Already handled candle 2026-06-24T00:45:00+00:00; mode=live; export=2026-06-24T00:54:14+00:00; candle=2026-06-24T00:45:00+00:00
2026-06-24T00:54:38.173883+00:00 ALREADY_WRITTEN: Already handled candle 2026-06-24T00:45:00+00:00; mode=live; export=2026-06-24T00:54:14+00:00; candle=2026-06-24T00:45:00+00:00
2026-06-24T00:55:00.436159+00:00 ALREADY_WRITTEN: Already handled candle 2026-06-24T00:45:00+00:00; mode=live; export=2026-06-24T00:54:44+00:00; candle=2026-06-24T00:45:00+00:00
2026-06-24T00:55:08.240469+00:00 ALREADY_WRITTEN: Already handled candle 2026-06-24T00:45:00+00:00; mode=live; export=2026-06-24T00:54:44+00:00; candle=2026-06-24T00:45:00+00:00
2026-06-24T00:55:30.516891+00:00 WRITE_SPLIT: Writing split proposed orders: SELL EURGBP 3.25 as 4 capped chunks; mode=live; export=2026-06-24T00:55:14+00:00; candle=2026-06-24T00:50:00+00:00
2026-06-24T00:55:38.323684+00:00 ALREADY_WRITTEN: Already handled candle 2026-06-24T00:50:00+00:00; mode=live; export=2026-06-24T00:55:14+00:00; candle=2026-06-24T00:50:00+00:00
2026-06-24T00:56:00.597306+00:00 ALREADY_WRITTEN: Already handled candle 2026-06-24T00:50:00+00:00; mode=live; export=2026-06-24T00:55:44+00:00; candle=2026-06-24T00:50:00+00:00
2026-06-24T00:56:08.399465+00:00 ALREADY_WRITTEN: Already handled candle 2026-06-24T00:50:00+00:00; mode=live; export=2026-06-24T00:55:44+00:00; candle=2026-06-24T00:50:00+00:00
2026-06-24T00:56:30.661309+00:00 ALREADY_WRITTEN: Already handled candle 2026-06-24T00:50:00+00:00; mode=live; export=2026-06-24T00:56:14+00:00; candle=2026-06-24T00:50:00+00:00
2026-06-24T00:56:38.465203+00:00 ALREADY_WRITTEN: Already handled candle 2026-06-24T00:50:00+00:00; mode=live; export=2026-06-24T00:56:14+00:00; candle=2026-06-24T00:50:00+00:00
2026-06-24T00:57:00.742305+00:00 ALREADY_WRITTEN: Already handled candle 2026-06-24T00:50:00+00:00; mode=live; export=2026-06-24T00:56:44+00:00; candle=2026-06-24T00:50:00+00:00
2026-06-24T00:57:08.539605+00:00 ALREADY_WRITTEN: Already handled candle 2026-06-24T00:50:00+00:00; mode=live; export=2026-06-24T00:56:44+00:00; candle=2026-06-24T00:50:00+00:00
2026-06-24T00:57:30.818281+00:00 ALREADY_WRITTEN: Already handled candle 2026-06-24T00:50:00+00:00; mode=live; export=2026-06-24T00:57:14+00:00; candle=2026-06-24T00:50:00+00:00
2026-06-24T00:57:38.622948+00:00 ALREADY_WRITTEN: Already handled candle 2026-06-24T00:50:00+00:00; mode=live; export=2026-06-24T00:57:14+00:00; candle=2026-06-24T00:50:00+00:00
2026-06-24T00:58:00.899104+00:00 ALREADY_WRITTEN: Already handled candle 2026-06-24T00:50:00+00:00; mode=live; export=2026-06-24T00:57:44+00:00; candle=2026-06-24T00:50:00+00:00
2026-06-24T00:58:08.704427+00:00 ALREADY_WRITTEN: Already handled candle 2026-06-24T00:50:00+00:00; mode=live; export=2026-06-24T00:57:44+00:00; candle=2026-06-24T00:50:00+00:00
2026-06-24T00:58:30.978202+00:00 ALREADY_WRITTEN: Already handled candle 2026-06-24T00:50:00+00:00; mode=live; export=2026-06-24T00:58:14+00:00; candle=2026-06-24T00:50:00+00:00
2026-06-24T00:58:38.780128+00:00 ALREADY_WRITTEN: Already handled candle 2026-06-24T00:50:00+00:00; mode=live; export=2026-06-24T00:58:14+00:00; candle=2026-06-24T00:50:00+00:00
2026-06-24T00:59:01.052132+00:00 ALREADY_WRITTEN: Already handled candle 2026-06-24T00:50:00+00:00; mode=live; export=2026-06-24T00:58:44+00:00; candle=2026-06-24T00:50:00+00:00
2026-06-24T00:59:08.828214+00:00 ALREADY_WRITTEN: Already handled candle 2026-06-24T00:50:00+00:00; mode=live; export=2026-06-24T00:58:44+00:00; candle=2026-06-24T00:50:00+00:00
2026-06-24T00:59:31.108749+00:00 ALREADY_WRITTEN: Already handled candle 2026-06-24T00:50:00+00:00; mode=live; export=2026-06-24T00:59:14+00:00; candle=2026-06-24T00:50:00+00:00
2026-06-24T00:59:38.918219+00:00 ALREADY_WRITTEN: Already handled candle 2026-06-24T00:50:00+00:00; mode=live; export=2026-06-24T00:59:14+00:00; candle=2026-06-24T00:50:00+00:00
2026-06-24T01:00:01.179605+00:00 ALREADY_WRITTEN: Already handled candle 2026-06-24T00:50:00+00:00; mode=live; export=2026-06-24T00:59:44+00:00; candle=2026-06-24T00:50:00+00:00
2026-06-24T01:00:08.986021+00:00 ALREADY_WRITTEN: Already handled candle 2026-06-24T00:50:00+00:00; mode=live; export=2026-06-24T00:59:44+00:00; candle=2026-06-24T00:50:00+00:00
2026-06-24T01:00:31.267629+00:00 HOLD: No meaningful orders after tiny-churn filter; mode=live; export=2026-06-24T01:00:14+00:00; candle=2026-06-24T00:55:00+00:00
2026-06-24T01:00:39.063694+00:00 HOLD: No meaningful orders after tiny-churn filter; mode=live; export=2026-06-24T01:00:14+00:00; candle=2026-06-24T00:55:00+00:00
2026-06-24T01:01:01.339573+00:00 HOLD: No meaningful orders after tiny-churn filter; mode=live; export=2026-06-24T01:00:44+00:00; candle=2026-06-24T00:55:00+00:00
2026-06-24T01:01:09.134833+00:00 HOLD: No meaningful orders after tiny-churn filter; mode=live; export=2026-06-24T01:00:44+00:00; candle=2026-06-24T00:55:00+00:00
2026-06-24T01:01:31.410958+00:00 HOLD: No meaningful orders after tiny-churn filter; mode=live; export=2026-06-24T01:01:14+00:00; candle=2026-06-24T00:55:00+00:00
2026-06-24T01:01:39.212504+00:00 HOLD: No meaningful orders after tiny-churn filter; mode=live; export=2026-06-24T01:01:14+00:00; candle=2026-06-24T00:55:00+00:00
2026-06-24T01:02:01.486204+00:00 HOLD: No meaningful orders after tiny-churn filter; mode=live; export=2026-06-24T01:01:44+00:00; candle=2026-06-24T00:55:00+00:00
2026-06-24T01:02:09.281022+00:00 HOLD: No meaningful orders after tiny-churn filter; mode=live; export=2026-06-24T01:01:44+00:00; candle=2026-06-24T00:55:00+00:00
2026-06-24T01:02:31.556351+00:00 HOLD: No meaningful orders after tiny-churn filter; mode=live; export=2026-06-24T01:02:14+00:00; candle=2026-06-24T00:55:00+00:00
2026-06-24T01:02:39.337637+00:00 HOLD: No meaningful orders after tiny-churn filter; mode=live; export=2026-06-24T01:02:14+00:00; candle=2026-06-24T00:55:00+00:00
2026-06-24T01:03:01.636018+00:00 HOLD: No meaningful orders after tiny-churn filter; mode=live; export=2026-06-24T01:02:44+00:00; candle=2026-06-24T00:55:00+00:00
2026-06-24T01:03:09.414133+00:00 HOLD: No meaningful orders after tiny-churn filter; mode=live; export=2026-06-24T01:02:44+00:00; candle=2026-06-24T00:55:00+00:00
2026-06-24T01:03:31.705299+00:00 WRITE_SPLIT: Writing split proposed orders: BUY EURUSD 2.25 as 3 capped chunks; mode=live; export=2026-06-24T01:03:14+00:00; candle=2026-06-24T00:55:00+00:00
2026-06-24T01:03:39.483421+00:00 ALREADY_WRITTEN: Already handled candle 2026-06-24T00:55:00+00:00; mode=live; export=2026-06-24T01:03:14+00:00; candle=2026-06-24T00:55:00+00:00
2026-06-24T01:04:01.772562+00:00 ALREADY_WRITTEN: Already handled candle 2026-06-24T00:55:00+00:00; mode=live; export=2026-06-24T01:03:44+00:00; candle=2026-06-24T00:55:00+00:00
2026-06-24T01:04:09.533031+00:00 ALREADY_WRITTEN: Already handled candle 2026-06-24T00:55:00+00:00; mode=live; export=2026-06-24T01:03:44+00:00; candle=2026-06-24T00:55:00+00:00
2026-06-24T01:04:31.837177+00:00 ALREADY_WRITTEN: Already handled candle 2026-06-24T00:55:00+00:00; mode=live; export=2026-06-24T01:04:14+00:00; candle=2026-06-24T00:55:00+00:00
2026-06-24T01:04:39.615055+00:00 ALREADY_WRITTEN: Already handled candle 2026-06-24T00:55:00+00:00; mode=live; export=2026-06-24T01:04:14+00:00; candle=2026-06-24T00:55:00+00:00
2026-06-24T01:05:01.886562+00:00 ALREADY_WRITTEN: Already handled candle 2026-06-24T00:55:00+00:00; mode=live; export=2026-06-24T01:04:44+00:00; candle=2026-06-24T00:55:00+00:00
2026-06-24T01:05:09.690627+00:00 ALREADY_WRITTEN: Already handled candle 2026-06-24T00:55:00+00:00; mode=live; export=2026-06-24T01:04:44+00:00; candle=2026-06-24T00:55:00+00:00
2026-06-24T01:05:31.965857+00:00 WRITE_SPLIT: Writing split proposed orders: SELL EURUSD 2.25; BUY USDJPY 6.58 as 10 capped chunks; mode=live; export=2026-06-24T01:05:14+00:00; candle=2026-06-24T01:00:00+00:00
2026-06-24T01:05:39.761045+00:00 ALREADY_WRITTEN: Already handled candle 2026-06-24T01:00:00+00:00; mode=live; export=2026-06-24T01:05:14+00:00; candle=2026-06-24T01:00:00+00:00
2026-06-24T01:06:02.039375+00:00 ALREADY_WRITTEN: Already handled candle 2026-06-24T01:00:00+00:00; mode=live; export=2026-06-24T01:05:44+00:00; candle=2026-06-24T01:00:00+00:00
2026-06-24T01:06:09.843092+00:00 ALREADY_WRITTEN: Already handled candle 2026-06-24T01:00:00+00:00; mode=live; export=2026-06-24T01:05:44+00:00; candle=2026-06-24T01:00:00+00:00
2026-06-24T01:06:32.112781+00:00 ALREADY_WRITTEN: Already handled candle 2026-06-24T01:00:00+00:00; mode=live; export=2026-06-24T01:06:14+00:00; candle=2026-06-24T01:00:00+00:00
2026-06-24T01:06:39.909480+00:00 ALREADY_WRITTEN: Already handled candle 2026-06-24T01:00:00+00:00; mode=live; export=2026-06-24T01:06:14+00:00; candle=2026-06-24T01:00:00+00:00
2026-06-24T01:07:02.182221+00:00 ALREADY_WRITTEN: Already handled candle 2026-06-24T01:00:00+00:00; mode=live; export=2026-06-24T01:06:44+00:00; candle=2026-06-24T01:00:00+00:00
2026-06-24T01:07:09.965956+00:00 ALREADY_WRITTEN: Already handled candle 2026-06-24T01:00:00+00:00; mode=live; export=2026-06-24T01:06:44+00:00; candle=2026-06-24T01:00:00+00:00
2026-06-24T01:07:40.032086+00:00 ALREADY_WRITTEN: Already handled candle 2026-06-24T01:00:00+00:00; mode=live; export=2026-06-24T01:07:14+00:00; candle=2026-06-24T01:00:00+00:00
2026-06-24T01:08:10.074121+00:00 ALREADY_WRITTEN: Already handled candle 2026-06-24T01:00:00+00:00; mode=live; export=2026-06-24T01:07:44+00:00; candle=2026-06-24T01:00:00+00:00
2026-06-24T01:08:40.123146+00:00 ALREADY_WRITTEN: Already handled candle 2026-06-24T01:00:00+00:00; mode=live; export=2026-06-24T01:08:14+00:00; candle=2026-06-24T01:00:00+00:00
2026-06-24T01:08:51.095570+00:00 ALREADY_WRITTEN: Already handled candle 2026-06-24T01:00:00+00:00; mode=live; export=2026-06-24T01:08:44+00:00; candle=2026-06-24T01:00:00+00:00
2026-06-24T01:09:10.182355+00:00 ALREADY_WRITTEN: Already handled candle 2026-06-24T01:00:00+00:00; mode=live; export=2026-06-24T01:08:44+00:00; candle=2026-06-24T01:00:00+00:00
2026-06-24T01:09:21.175191+00:00 ALREADY_WRITTEN: Already handled candle 2026-06-24T01:00:00+00:00; mode=live; export=2026-06-24T01:09:14+00:00; candle=2026-06-24T01:00:00+00:00
2026-06-24T01:09:40.245169+00:00 ALREADY_WRITTEN: Already handled candle 2026-06-24T01:00:00+00:00; mode=live; export=2026-06-24T01:09:14+00:00; candle=2026-06-24T01:00:00+00:00
2026-06-24T01:09:51.259275+00:00 ALREADY_WRITTEN: Already handled candle 2026-06-24T01:00:00+00:00; mode=live; export=2026-06-24T01:09:44+00:00; candle=2026-06-24T01:00:00+00:00
2026-06-24T01:10:10.315813+00:00 ALREADY_WRITTEN: Already handled candle 2026-06-24T01:00:00+00:00; mode=live; export=2026-06-24T01:09:44+00:00; candle=2026-06-24T01:00:00+00:00
2026-06-24T01:10:21.339698+00:00 ALREADY_WRITTEN: Already handled candle 2026-06-24T01:00:00+00:00; mode=live; export=2026-06-24T01:10:14+00:00; candle=2026-06-24T01:00:00+00:00
2026-06-24T01:10:40.393369+00:00 WRITE_SPLIT: Writing split proposed orders: BUY EURUSD 2.25 as 3 capped chunks; mode=live; export=2026-06-24T01:10:14+00:00; candle=2026-06-24T01:05:00+00:00
2026-06-24T01:10:51.426069+00:00 ALREADY_WRITTEN: Already handled candle 2026-06-24T01:05:00+00:00; mode=live; export=2026-06-24T01:10:44+00:00; candle=2026-06-24T01:05:00+00:00
2026-06-24T01:11:10.456138+00:00 ALREADY_WRITTEN: Already handled candle 2026-06-24T01:05:00+00:00; mode=live; export=2026-06-24T01:10:44+00:00; candle=2026-06-24T01:05:00+00:00
2026-06-24T01:11:21.505685+00:00 ALREADY_WRITTEN: Already handled candle 2026-06-24T01:05:00+00:00; mode=live; export=2026-06-24T01:11:14+00:00; candle=2026-06-24T01:05:00+00:00
2026-06-24T01:11:40.531732+00:00 ALREADY_WRITTEN: Already handled candle 2026-06-24T01:05:00+00:00; mode=live; export=2026-06-24T01:11:14+00:00; candle=2026-06-24T01:05:00+00:00
2026-06-24T01:11:51.588465+00:00 ALREADY_WRITTEN: Already handled candle 2026-06-24T01:05:00+00:00; mode=live; export=2026-06-24T01:11:44+00:00; candle=2026-06-24T01:05:00+00:00
2026-06-24T01:12:10.609452+00:00 ALREADY_WRITTEN: Already handled candle 2026-06-24T01:05:00+00:00; mode=live; export=2026-06-24T01:11:44+00:00; candle=2026-06-24T01:05:00+00:00
2026-06-24T01:12:21.658404+00:00 ALREADY_WRITTEN: Already handled candle 2026-06-24T01:05:00+00:00; mode=live; export=2026-06-24T01:12:14+00:00; candle=2026-06-24T01:05:00+00:00
2026-06-24T01:12:40.683042+00:00 ALREADY_WRITTEN: Already handled candle 2026-06-24T01:05:00+00:00; mode=live; export=2026-06-24T01:12:14+00:00; candle=2026-06-24T01:05:00+00:00
2026-06-24T01:12:51.737269+00:00 ALREADY_WRITTEN: Already handled candle 2026-06-24T01:05:00+00:00; mode=live; export=2026-06-24T01:12:44+00:00; candle=2026-06-24T01:05:00+00:00
2026-06-24T01:13:10.760195+00:00 ALREADY_WRITTEN: Already handled candle 2026-06-24T01:05:00+00:00; mode=live; export=2026-06-24T01:12:44+00:00; candle=2026-06-24T01:05:00+00:00
2026-06-24T01:13:21.820041+00:00 ALREADY_WRITTEN: Already handled candle 2026-06-24T01:05:00+00:00; mode=live; export=2026-06-24T01:13:14+00:00; candle=2026-06-24T01:05:00+00:00
2026-06-24T01:13:40.826256+00:00 ALREADY_WRITTEN: Already handled candle 2026-06-24T01:05:00+00:00; mode=live; export=2026-06-24T01:13:14+00:00; candle=2026-06-24T01:05:00+00:00
2026-06-24T01:13:51.906623+00:00 ALREADY_WRITTEN: Already handled candle 2026-06-24T01:05:00+00:00; mode=live; export=2026-06-24T01:13:44+00:00; candle=2026-06-24T01:05:00+00:00
2026-06-24T01:14:10.885515+00:00 ALREADY_WRITTEN: Already handled candle 2026-06-24T01:05:00+00:00; mode=live; export=2026-06-24T01:13:44+00:00; candle=2026-06-24T01:05:00+00:00
2026-06-24T01:14:21.992115+00:00 ALREADY_WRITTEN: Already handled candle 2026-06-24T01:05:00+00:00; mode=live; export=2026-06-24T01:14:14+00:00; candle=2026-06-24T01:05:00+00:00
2026-06-24T01:14:40.966632+00:00 ALREADY_WRITTEN: Already handled candle 2026-06-24T01:05:00+00:00; mode=live; export=2026-06-24T01:14:14+00:00; candle=2026-06-24T01:05:00+00:00
2026-06-24T01:14:52.071401+00:00 ALREADY_WRITTEN: Already handled candle 2026-06-24T01:05:00+00:00; mode=live; export=2026-06-24T01:14:44+00:00; candle=2026-06-24T01:05:00+00:00
2026-06-24T01:15:11.032801+00:00 ALREADY_WRITTEN: Already handled candle 2026-06-24T01:05:00+00:00; mode=live; export=2026-06-24T01:14:44+00:00; candle=2026-06-24T01:05:00+00:00
2026-06-24T01:15:22.157115+00:00 ALREADY_WRITTEN: Already handled candle 2026-06-24T01:05:00+00:00; mode=live; export=2026-06-24T01:15:14+00:00; candle=2026-06-24T01:05:00+00:00
2026-06-24T01:15:41.104074+00:00 WRITE_SPLIT: Writing split proposed orders: BUY EURGBP 3.25; SELL EURUSD 2.25 as 7 capped chunks; mode=live; export=2026-06-24T01:15:14+00:00; candle=2026-06-24T01:10:00+00:00
2026-06-24T01:15:52.238681+00:00 ALREADY_WRITTEN: Already handled candle 2026-06-24T01:10:00+00:00; mode=live; export=2026-06-24T01:15:44+00:00; candle=2026-06-24T01:10:00+00:00
2026-06-24T01:16:11.173886+00:00 ALREADY_WRITTEN: Already handled candle 2026-06-24T01:10:00+00:00; mode=live; export=2026-06-24T01:15:44+00:00; candle=2026-06-24T01:10:00+00:00
2026-06-24T01:16:22.323484+00:00 ALREADY_WRITTEN: Already handled candle 2026-06-24T01:10:00+00:00; mode=live; export=2026-06-24T01:16:14+00:00; candle=2026-06-24T01:10:00+00:00
2026-06-24T01:16:41.249737+00:00 ALREADY_WRITTEN: Already handled candle 2026-06-24T01:10:00+00:00; mode=live; export=2026-06-24T01:16:14+00:00; candle=2026-06-24T01:10:00+00:00
2026-06-24T01:16:52.387647+00:00 ALREADY_WRITTEN: Already handled candle 2026-06-24T01:10:00+00:00; mode=live; export=2026-06-24T01:16:44+00:00; candle=2026-06-24T01:10:00+00:00
2026-06-24T01:17:11.329313+00:00 ALREADY_WRITTEN: Already handled candle 2026-06-24T01:10:00+00:00; mode=live; export=2026-06-24T01:16:44+00:00; candle=2026-06-24T01:10:00+00:00
2026-06-24T01:17:22.472479+00:00 ALREADY_WRITTEN: Already handled candle 2026-06-24T01:10:00+00:00; mode=live; export=2026-06-24T01:17:14+00:00; candle=2026-06-24T01:10:00+00:00
2026-06-24T01:17:41.409922+00:00 ALREADY_WRITTEN: Already handled candle 2026-06-24T01:10:00+00:00; mode=live; export=2026-06-24T01:17:14+00:00; candle=2026-06-24T01:10:00+00:00
2026-06-24T01:17:52.554428+00:00 ALREADY_WRITTEN: Already handled candle 2026-06-24T01:10:00+00:00; mode=live; export=2026-06-24T01:17:44+00:00; candle=2026-06-24T01:10:00+00:00
2026-06-24T01:18:11.492237+00:00 ALREADY_WRITTEN: Already handled candle 2026-06-24T01:10:00+00:00; mode=live; export=2026-06-24T01:17:44+00:00; candle=2026-06-24T01:10:00+00:00
2026-06-24T01:18:22.628462+00:00 ALREADY_WRITTEN: Already handled candle 2026-06-24T01:10:00+00:00; mode=live; export=2026-06-24T01:18:14+00:00; candle=2026-06-24T01:10:00+00:00
2026-06-24T01:18:41.574198+00:00 ALREADY_WRITTEN: Already handled candle 2026-06-24T01:10:00+00:00; mode=live; export=2026-06-24T01:18:14+00:00; candle=2026-06-24T01:10:00+00:00
2026-06-24T01:18:52.710264+00:00 ALREADY_WRITTEN: Already handled candle 2026-06-24T01:10:00+00:00; mode=live; export=2026-06-24T01:18:44+00:00; candle=2026-06-24T01:10:00+00:00
2026-06-24T01:19:11.649860+00:00 ALREADY_WRITTEN: Already handled candle 2026-06-24T01:10:00+00:00; mode=live; export=2026-06-24T01:18:44+00:00; candle=2026-06-24T01:10:00+00:00
2026-06-24T01:19:22.794085+00:00 ALREADY_WRITTEN: Already handled candle 2026-06-24T01:10:00+00:00; mode=live; export=2026-06-24T01:19:14+00:00; candle=2026-06-24T01:10:00+00:00
2026-06-24T01:19:41.725428+00:00 ALREADY_WRITTEN: Already handled candle 2026-06-24T01:10:00+00:00; mode=live; export=2026-06-24T01:19:14+00:00; candle=2026-06-24T01:10:00+00:00
2026-06-24T01:19:52.876881+00:00 ALREADY_WRITTEN: Already handled candle 2026-06-24T01:10:00+00:00; mode=live; export=2026-06-24T01:19:44+00:00; candle=2026-06-24T01:10:00+00:00
2026-06-24T01:20:11.807435+00:00 ALREADY_WRITTEN: Already handled candle 2026-06-24T01:10:00+00:00; mode=live; export=2026-06-24T01:19:44+00:00; candle=2026-06-24T01:10:00+00:00
2026-06-24T01:20:22.958533+00:00 ALREADY_WRITTEN: Already handled candle 2026-06-24T01:10:00+00:00; mode=live; export=2026-06-24T01:20:14+00:00; candle=2026-06-24T01:10:00+00:00
2026-06-24T01:20:41.882215+00:00 WRITE_SPLIT: Writing split proposed orders: SELL EURGBP 3.25; BUY USDJPY 6.58 as 11 capped chunks; mode=live; export=2026-06-24T01:20:14+00:00; candle=2026-06-24T01:15:00+00:00
2026-06-24T01:20:53.031870+00:00 ALREADY_WRITTEN: Already handled candle 2026-06-24T01:15:00+00:00; mode=live; export=2026-06-24T01:20:44+00:00; candle=2026-06-24T01:15:00+00:00
2026-06-24T01:21:11.956027+00:00 ALREADY_WRITTEN: Already handled candle 2026-06-24T01:15:00+00:00; mode=live; export=2026-06-24T01:20:44+00:00; candle=2026-06-24T01:15:00+00:00
2026-06-24T01:21:23.119188+00:00 ALREADY_WRITTEN: Already handled candle 2026-06-24T01:15:00+00:00; mode=live; export=2026-06-24T01:21:14+00:00; candle=2026-06-24T01:15:00+00:00
2026-06-24T01:21:42.023058+00:00 ALREADY_WRITTEN: Already handled candle 2026-06-24T01:15:00+00:00; mode=live; export=2026-06-24T01:21:14+00:00; candle=2026-06-24T01:15:00+00:00
2026-06-24T01:21:53.196707+00:00 ALREADY_WRITTEN: Already handled candle 2026-06-24T01:15:00+00:00; mode=live; export=2026-06-24T01:21:44+00:00; candle=2026-06-24T01:15:00+00:00
2026-06-24T01:22:12.103395+00:00 ALREADY_WRITTEN: Already handled candle 2026-06-24T01:15:00+00:00; mode=live; export=2026-06-24T01:21:44+00:00; candle=2026-06-24T01:15:00+00:00
2026-06-24T01:22:23.272277+00:00 ALREADY_WRITTEN: Already handled candle 2026-06-24T01:15:00+00:00; mode=live; export=2026-06-24T01:22:14+00:00; candle=2026-06-24T01:15:00+00:00
2026-06-24T01:22:42.172193+00:00 ALREADY_WRITTEN: Already handled candle 2026-06-24T01:15:00+00:00; mode=live; export=2026-06-24T01:22:14+00:00; candle=2026-06-24T01:15:00+00:00
2026-06-24T01:22:53.348740+00:00 ALREADY_WRITTEN: Already handled candle 2026-06-24T01:15:00+00:00; mode=live; export=2026-06-24T01:22:44+00:00; candle=2026-06-24T01:15:00+00:00
2026-06-24T01:23:12.253289+00:00 ALREADY_WRITTEN: Already handled candle 2026-06-24T01:15:00+00:00; mode=live; export=2026-06-24T01:22:44+00:00; candle=2026-06-24T01:15:00+00:00
2026-06-24T01:23:23.434395+00:00 ALREADY_WRITTEN: Already handled candle 2026-06-24T01:15:00+00:00; mode=live; export=2026-06-24T01:23:14+00:00; candle=2026-06-24T01:15:00+00:00
2026-06-24T01:23:42.318658+00:00 ALREADY_WRITTEN: Already handled candle 2026-06-24T01:15:00+00:00; mode=live; export=2026-06-24T01:23:14+00:00; candle=2026-06-24T01:15:00+00:00
2026-06-24T01:23:53.505345+00:00 ALREADY_WRITTEN: Already handled candle 2026-06-24T01:15:00+00:00; mode=live; export=2026-06-24T01:23:44+00:00; candle=2026-06-24T01:15:00+00:00
2026-06-24T01:24:12.391229+00:00 ALREADY_WRITTEN: Already handled candle 2026-06-24T01:15:00+00:00; mode=live; export=2026-06-24T01:23:44+00:00; candle=2026-06-24T01:15:00+00:00
2026-06-24T01:24:23.588785+00:00 ALREADY_WRITTEN: Already handled candle 2026-06-24T01:15:00+00:00; mode=live; export=2026-06-24T01:24:14+00:00; candle=2026-06-24T01:15:00+00:00
2026-06-24T01:24:42.468851+00:00 ALREADY_WRITTEN: Already handled candle 2026-06-24T01:15:00+00:00; mode=live; export=2026-06-24T01:24:14+00:00; candle=2026-06-24T01:15:00+00:00
2026-06-24T01:24:53.673476+00:00 ALREADY_WRITTEN: Already handled candle 2026-06-24T01:15:00+00:00; mode=live; export=2026-06-24T01:24:44+00:00; candle=2026-06-24T01:15:00+00:00
2026-06-24T01:25:12.541910+00:00 ALREADY_WRITTEN: Already handled candle 2026-06-24T01:15:00+00:00; mode=live; export=2026-06-24T01:24:44+00:00; candle=2026-06-24T01:15:00+00:00
2026-06-24T01:25:23.738959+00:00 ALREADY_WRITTEN: Already handled candle 2026-06-24T01:15:00+00:00; mode=live; export=2026-06-24T01:25:14+00:00; candle=2026-06-24T01:15:00+00:00
2026-06-24T01:25:42.607203+00:00 WRITE_SPLIT: Writing split proposed orders: SELL USDJPY 6.58 as 7 capped chunks; mode=live; export=2026-06-24T01:25:14+00:00; candle=2026-06-24T01:20:00+00:00
2026-06-24T01:25:53.826676+00:00 ALREADY_WRITTEN: Already handled candle 2026-06-24T01:20:00+00:00; mode=live; export=2026-06-24T01:25:44+00:00; candle=2026-06-24T01:20:00+00:00
2026-06-24T01:26:12.672802+00:00 ALREADY_WRITTEN: Already handled candle 2026-06-24T01:20:00+00:00; mode=live; export=2026-06-24T01:25:44+00:00; candle=2026-06-24T01:20:00+00:00
2026-06-24T01:26:23.902970+00:00 ALREADY_WRITTEN: Already handled candle 2026-06-24T01:20:00+00:00; mode=live; export=2026-06-24T01:26:14+00:00; candle=2026-06-24T01:20:00+00:00
2026-06-24T01:26:42.755743+00:00 ALREADY_WRITTEN: Already handled candle 2026-06-24T01:20:00+00:00; mode=live; export=2026-06-24T01:26:14+00:00; candle=2026-06-24T01:20:00+00:00
2026-06-24T01:26:53.989302+00:00 ALREADY_WRITTEN: Already handled candle 2026-06-24T01:20:00+00:00; mode=live; export=2026-06-24T01:26:44+00:00; candle=2026-06-24T01:20:00+00:00
2026-06-24T01:27:12.825959+00:00 ALREADY_WRITTEN: Already handled candle 2026-06-24T01:20:00+00:00; mode=live; export=2026-06-24T01:26:44+00:00; candle=2026-06-24T01:20:00+00:00
2026-06-24T01:27:24.074858+00:00 ALREADY_WRITTEN: Already handled candle 2026-06-24T01:20:00+00:00; mode=live; export=2026-06-24T01:27:14+00:00; candle=2026-06-24T01:20:00+00:00
2026-06-24T01:27:42.906198+00:00 ALREADY_WRITTEN: Already handled candle 2026-06-24T01:20:00+00:00; mode=live; export=2026-06-24T01:27:14+00:00; candle=2026-06-24T01:20:00+00:00
2026-06-24T01:27:54.156769+00:00 ALREADY_WRITTEN: Already handled candle 2026-06-24T01:20:00+00:00; mode=live; export=2026-06-24T01:27:44+00:00; candle=2026-06-24T01:20:00+00:00
2026-06-24T01:28:12.987446+00:00 ALREADY_WRITTEN: Already handled candle 2026-06-24T01:20:00+00:00; mode=live; export=2026-06-24T01:27:44+00:00; candle=2026-06-24T01:20:00+00:00
2026-06-24T01:28:24.237983+00:00 ALREADY_WRITTEN: Already handled candle 2026-06-24T01:20:00+00:00; mode=live; export=2026-06-24T01:28:14+00:00; candle=2026-06-24T01:20:00+00:00
2026-06-24T01:28:43.057866+00:00 ALREADY_WRITTEN: Already handled candle 2026-06-24T01:20:00+00:00; mode=live; export=2026-06-24T01:28:14+00:00; candle=2026-06-24T01:20:00+00:00
2026-06-24T01:28:54.323732+00:00 ALREADY_WRITTEN: Already handled candle 2026-06-24T01:20:00+00:00; mode=live; export=2026-06-24T01:28:44+00:00; candle=2026-06-24T01:20:00+00:00
2026-06-24T01:29:13.132571+00:00 ALREADY_WRITTEN: Already handled candle 2026-06-24T01:20:00+00:00; mode=live; export=2026-06-24T01:28:44+00:00; candle=2026-06-24T01:20:00+00:00
2026-06-24T01:29:24.407264+00:00 ALREADY_WRITTEN: Already handled candle 2026-06-24T01:20:00+00:00; mode=live; export=2026-06-24T01:29:14+00:00; candle=2026-06-24T01:20:00+00:00
2026-06-24T01:29:43.211406+00:00 ALREADY_WRITTEN: Already handled candle 2026-06-24T01:20:00+00:00; mode=live; export=2026-06-24T01:29:14+00:00; candle=2026-06-24T01:20:00+00:00
2026-06-24T01:29:54.485135+00:00 ALREADY_WRITTEN: Already handled candle 2026-06-24T01:20:00+00:00; mode=live; export=2026-06-24T01:29:44+00:00; candle=2026-06-24T01:20:00+00:00
2026-06-24T01:30:13.277960+00:00 ALREADY_WRITTEN: Already handled candle 2026-06-24T01:20:00+00:00; mode=live; export=2026-06-24T01:29:44+00:00; candle=2026-06-24T01:20:00+00:00
2026-06-24T01:30:24.566410+00:00 HOLD: No meaningful orders after tiny-churn filter; mode=live; export=2026-06-24T01:30:14+00:00; candle=2026-06-24T01:25:00+00:00
2026-06-24T01:30:43.347148+00:00 HOLD: No meaningful orders after tiny-churn filter; mode=live; export=2026-06-24T01:30:14+00:00; candle=2026-06-24T01:25:00+00:00
2026-06-24T01:30:54.648549+00:00 WRITE_SPLIT: Writing split proposed orders: BUY EURUSD 2.25 as 3 capped chunks; mode=live; export=2026-06-24T01:30:44+00:00; candle=2026-06-24T01:25:00+00:00
2026-06-24T01:31:13.425296+00:00 ALREADY_WRITTEN: Already handled candle 2026-06-24T01:25:00+00:00; mode=live; export=2026-06-24T01:30:44+00:00; candle=2026-06-24T01:25:00+00:00
2026-06-24T01:31:24.731929+00:00 ALREADY_WRITTEN: Already handled candle 2026-06-24T01:25:00+00:00; mode=live; export=2026-06-24T01:31:14+00:00; candle=2026-06-24T01:25:00+00:00
2026-06-24T01:31:43.503163+00:00 ALREADY_WRITTEN: Already handled candle 2026-06-24T01:25:00+00:00; mode=live; export=2026-06-24T01:31:14+00:00; candle=2026-06-24T01:25:00+00:00
2026-06-24T01:31:54.808671+00:00 ALREADY_WRITTEN: Already handled candle 2026-06-24T01:25:00+00:00; mode=live; export=2026-06-24T01:31:44+00:00; candle=2026-06-24T01:25:00+00:00
2026-06-24T01:32:13.576534+00:00 ALREADY_WRITTEN: Already handled candle 2026-06-24T01:25:00+00:00; mode=live; export=2026-06-24T01:31:44+00:00; candle=2026-06-24T01:25:00+00:00
2026-06-24T01:32:24.888736+00:00 ALREADY_WRITTEN: Already handled candle 2026-06-24T01:25:00+00:00; mode=live; export=2026-06-24T01:32:14+00:00; candle=2026-06-24T01:25:00+00:00
2026-06-24T01:32:43.658204+00:00 ALREADY_WRITTEN: Already handled candle 2026-06-24T01:25:00+00:00; mode=live; export=2026-06-24T01:32:14+00:00; candle=2026-06-24T01:25:00+00:00
2026-06-24T01:32:54.976122+00:00 ALREADY_WRITTEN: Already handled candle 2026-06-24T01:25:00+00:00; mode=live; export=2026-06-24T01:32:44+00:00; candle=2026-06-24T01:25:00+00:00
2026-06-24T01:33:13.732214+00:00 ALREADY_WRITTEN: Already handled candle 2026-06-24T01:25:00+00:00; mode=live; export=2026-06-24T01:32:44+00:00; candle=2026-06-24T01:25:00+00:00
2026-06-24T01:33:25.055809+00:00 ALREADY_WRITTEN: Already handled candle 2026-06-24T01:25:00+00:00; mode=live; export=2026-06-24T01:33:14+00:00; candle=2026-06-24T01:25:00+00:00
2026-06-24T01:33:43.813428+00:00 ALREADY_WRITTEN: Already handled candle 2026-06-24T01:25:00+00:00; mode=live; export=2026-06-24T01:33:14+00:00; candle=2026-06-24T01:25:00+00:00
2026-06-24T01:33:55.143794+00:00 ALREADY_WRITTEN: Already handled candle 2026-06-24T01:25:00+00:00; mode=live; export=2026-06-24T01:33:44+00:00; candle=2026-06-24T01:25:00+00:00
2026-06-24T01:34:13.891764+00:00 ALREADY_WRITTEN: Already handled candle 2026-06-24T01:25:00+00:00; mode=live; export=2026-06-24T01:33:44+00:00; candle=2026-06-24T01:25:00+00:00
2026-06-24T01:34:25.228388+00:00 ALREADY_WRITTEN: Already handled candle 2026-06-24T01:25:00+00:00; mode=live; export=2026-06-24T01:34:14+00:00; candle=2026-06-24T01:25:00+00:00
2026-06-24T01:34:43.966794+00:00 ALREADY_WRITTEN: Already handled candle 2026-06-24T01:25:00+00:00; mode=live; export=2026-06-24T01:34:14+00:00; candle=2026-06-24T01:25:00+00:00
2026-06-24T01:34:55.312537+00:00 ALREADY_WRITTEN: Already handled candle 2026-06-24T01:25:00+00:00; mode=live; export=2026-06-24T01:34:44+00:00; candle=2026-06-24T01:25:00+00:00
2026-06-24T01:35:14.033213+00:00 ALREADY_WRITTEN: Already handled candle 2026-06-24T01:25:00+00:00; mode=live; export=2026-06-24T01:34:44+00:00; candle=2026-06-24T01:25:00+00:00
2026-06-24T01:35:25.388847+00:00 WRITE_SPLIT: Writing split proposed orders: SELL EURUSD 2.25 as 3 capped chunks; mode=live; export=2026-06-24T01:35:14+00:00; candle=2026-06-24T01:30:00+00:00
2026-06-24T01:35:44.113271+00:00 ALREADY_WRITTEN: Already handled candle 2026-06-24T01:30:00+00:00; mode=live; export=2026-06-24T01:35:14+00:00; candle=2026-06-24T01:30:00+00:00
2026-06-24T01:35:55.475540+00:00 ALREADY_WRITTEN: Already handled candle 2026-06-24T01:30:00+00:00; mode=live; export=2026-06-24T01:35:44+00:00; candle=2026-06-24T01:30:00+00:00
2026-06-24T01:36:14.190786+00:00 ALREADY_WRITTEN: Already handled candle 2026-06-24T01:30:00+00:00; mode=live; export=2026-06-24T01:35:44+00:00; candle=2026-06-24T01:30:00+00:00
2026-06-24T01:36:25.561083+00:00 ALREADY_WRITTEN: Already handled candle 2026-06-24T01:30:00+00:00; mode=live; export=2026-06-24T01:36:14+00:00; candle=2026-06-24T01:30:00+00:00
2026-06-24T01:36:44.272830+00:00 ALREADY_WRITTEN: Already handled candle 2026-06-24T01:30:00+00:00; mode=live; export=2026-06-24T01:36:14+00:00; candle=2026-06-24T01:30:00+00:00
2026-06-24T01:36:55.635080+00:00 ALREADY_WRITTEN: Already handled candle 2026-06-24T01:30:00+00:00; mode=live; export=2026-06-24T01:36:44+00:00; candle=2026-06-24T01:30:00+00:00
2026-06-24T01:37:14.353507+00:00 ALREADY_WRITTEN: Already handled candle 2026-06-24T01:30:00+00:00; mode=live; export=2026-06-24T01:36:44+00:00; candle=2026-06-24T01:30:00+00:00
2026-06-24T01:37:25.699791+00:00 ALREADY_WRITTEN: Already handled candle 2026-06-24T01:30:00+00:00; mode=live; export=2026-06-24T01:37:14+00:00; candle=2026-06-24T01:30:00+00:00
2026-06-24T01:37:44.430353+00:00 ALREADY_WRITTEN: Already handled candle 2026-06-24T01:30:00+00:00; mode=live; export=2026-06-24T01:37:14+00:00; candle=2026-06-24T01:30:00+00:00
2026-06-24T01:37:55.784689+00:00 ALREADY_WRITTEN: Already handled candle 2026-06-24T01:30:00+00:00; mode=live; export=2026-06-24T01:37:44+00:00; candle=2026-06-24T01:30:00+00:00
2026-06-24T01:38:14.503491+00:00 ALREADY_WRITTEN: Already handled candle 2026-06-24T01:30:00+00:00; mode=live; export=2026-06-24T01:37:44+00:00; candle=2026-06-24T01:30:00+00:00
2026-06-24T01:38:25.863654+00:00 ALREADY_WRITTEN: Already handled candle 2026-06-24T01:30:00+00:00; mode=live; export=2026-06-24T01:38:14+00:00; candle=2026-06-24T01:30:00+00:00
2026-06-24T01:38:44.589643+00:00 ALREADY_WRITTEN: Already handled candle 2026-06-24T01:30:00+00:00; mode=live; export=2026-06-24T01:38:14+00:00; candle=2026-06-24T01:30:00+00:00
2026-06-24T01:38:55.951551+00:00 ALREADY_WRITTEN: Already handled candle 2026-06-24T01:30:00+00:00; mode=live; export=2026-06-24T01:38:44+00:00; candle=2026-06-24T01:30:00+00:00
2026-06-24T01:39:14.662768+00:00 ALREADY_WRITTEN: Already handled candle 2026-06-24T01:30:00+00:00; mode=live; export=2026-06-24T01:38:44+00:00; candle=2026-06-24T01:30:00+00:00
2026-06-24T01:39:26.038866+00:00 ALREADY_WRITTEN: Already handled candle 2026-06-24T01:30:00+00:00; mode=live; export=2026-06-24T01:39:14+00:00; candle=2026-06-24T01:30:00+00:00
2026-06-24T01:39:44.743751+00:00 ALREADY_WRITTEN: Already handled candle 2026-06-24T01:30:00+00:00; mode=live; export=2026-06-24T01:39:14+00:00; candle=2026-06-24T01:30:00+00:00
2026-06-24T01:39:56.119383+00:00 ALREADY_WRITTEN: Already handled candle 2026-06-24T01:30:00+00:00; mode=live; export=2026-06-24T01:39:44+00:00; candle=2026-06-24T01:30:00+00:00
2026-06-24T01:40:14.806198+00:00 ALREADY_WRITTEN: Already handled candle 2026-06-24T01:30:00+00:00; mode=live; export=2026-06-24T01:39:44+00:00; candle=2026-06-24T01:30:00+00:00
2026-06-24T01:40:26.198398+00:00 WRITE_SPLIT: Writing split proposed orders: BUY EURGBP 3.25 as 4 capped chunks; mode=live; export=2026-06-24T01:40:14+00:00; candle=2026-06-24T01:35:00+00:00
2026-06-24T01:40:44.889651+00:00 ALREADY_WRITTEN: Already handled candle 2026-06-24T01:35:00+00:00; mode=live; export=2026-06-24T01:40:44+00:00; candle=2026-06-24T01:35:00+00:00
2026-06-24T01:40:56.285161+00:00 ALREADY_WRITTEN: Already handled candle 2026-06-24T01:35:00+00:00; mode=live; export=2026-06-24T01:40:44+00:00; candle=2026-06-24T01:35:00+00:00
2026-06-24T01:41:14.965700+00:00 ALREADY_WRITTEN: Already handled candle 2026-06-24T01:35:00+00:00; mode=live; export=2026-06-24T01:41:14+00:00; candle=2026-06-24T01:35:00+00:00
2026-06-24T01:41:26.371039+00:00 ALREADY_WRITTEN: Already handled candle 2026-06-24T01:35:00+00:00; mode=live; export=2026-06-24T01:41:14+00:00; candle=2026-06-24T01:35:00+00:00
2026-06-24T01:41:45.037174+00:00 ALREADY_WRITTEN: Already handled candle 2026-06-24T01:35:00+00:00; mode=live; export=2026-06-24T01:41:44+00:00; candle=2026-06-24T01:35:00+00:00
2026-06-24T01:41:56.446757+00:00 ALREADY_WRITTEN: Already handled candle 2026-06-24T01:35:00+00:00; mode=live; export=2026-06-24T01:41:44+00:00; candle=2026-06-24T01:35:00+00:00
2026-06-24T01:42:15.109241+00:00 ALREADY_WRITTEN: Already handled candle 2026-06-24T01:35:00+00:00; mode=live; export=2026-06-24T01:42:14+00:00; candle=2026-06-24T01:35:00+00:00
2026-06-24T01:42:26.537137+00:00 ALREADY_WRITTEN: Already handled candle 2026-06-24T01:35:00+00:00; mode=live; export=2026-06-24T01:42:14+00:00; candle=2026-06-24T01:35:00+00:00
2026-06-24T01:42:45.187037+00:00 ALREADY_WRITTEN: Already handled candle 2026-06-24T01:35:00+00:00; mode=live; export=2026-06-24T01:42:44+00:00; candle=2026-06-24T01:35:00+00:00
2026-06-24T01:42:56.621424+00:00 ALREADY_WRITTEN: Already handled candle 2026-06-24T01:35:00+00:00; mode=live; export=2026-06-24T01:42:44+00:00; candle=2026-06-24T01:35:00+00:00
2026-06-24T01:43:15.267325+00:00 ALREADY_WRITTEN: Already handled candle 2026-06-24T01:35:00+00:00; mode=live; export=2026-06-24T01:43:14+00:00; candle=2026-06-24T01:35:00+00:00
2026-06-24T01:43:26.694700+00:00 ALREADY_WRITTEN: Already handled candle 2026-06-24T01:35:00+00:00; mode=live; export=2026-06-24T01:43:14+00:00; candle=2026-06-24T01:35:00+00:00
2026-06-24T01:43:45.341661+00:00 ALREADY_WRITTEN: Already handled candle 2026-06-24T01:35:00+00:00; mode=live; export=2026-06-24T01:43:44+00:00; candle=2026-06-24T01:35:00+00:00
2026-06-24T01:43:56.774020+00:00 ALREADY_WRITTEN: Already handled candle 2026-06-24T01:35:00+00:00; mode=live; export=2026-06-24T01:43:44+00:00; candle=2026-06-24T01:35:00+00:00
2026-06-24T01:44:15.420220+00:00 ALREADY_WRITTEN: Already handled candle 2026-06-24T01:35:00+00:00; mode=live; export=2026-06-24T01:44:14+00:00; candle=2026-06-24T01:35:00+00:00
2026-06-24T01:44:26.845694+00:00 ALREADY_WRITTEN: Already handled candle 2026-06-24T01:35:00+00:00; mode=live; export=2026-06-24T01:44:14+00:00; candle=2026-06-24T01:35:00+00:00
2026-06-24T01:44:45.487387+00:00 ALREADY_WRITTEN: Already handled candle 2026-06-24T01:35:00+00:00; mode=live; export=2026-06-24T01:44:44+00:00; candle=2026-06-24T01:35:00+00:00
2026-06-24T01:44:56.926441+00:00 ALREADY_WRITTEN: Already handled candle 2026-06-24T01:35:00+00:00; mode=live; export=2026-06-24T01:44:44+00:00; candle=2026-06-24T01:35:00+00:00
2026-06-24T01:45:15.564624+00:00 ALREADY_WRITTEN: Already handled candle 2026-06-24T01:35:00+00:00; mode=live; export=2026-06-24T01:45:14+00:00; candle=2026-06-24T01:35:00+00:00
2026-06-24T01:45:27.000614+00:00 WRITE_SPLIT: Writing split proposed orders: SELL EURGBP 3.25; BUY USDJPY 6.58 as 11 capped chunks; mode=live; export=2026-06-24T01:45:14+00:00; candle=2026-06-24T01:40:00+00:00
2026-06-24T01:45:45.642977+00:00 ALREADY_WRITTEN: Already handled candle 2026-06-24T01:40:00+00:00; mode=live; export=2026-06-24T01:45:44+00:00; candle=2026-06-24T01:40:00+00:00
2026-06-24T01:45:57.078038+00:00 ALREADY_WRITTEN: Already handled candle 2026-06-24T01:40:00+00:00; mode=live; export=2026-06-24T01:45:44+00:00; candle=2026-06-24T01:40:00+00:00
2026-06-24T01:46:15.717310+00:00 ALREADY_WRITTEN: Already handled candle 2026-06-24T01:40:00+00:00; mode=live; export=2026-06-24T01:46:14+00:00; candle=2026-06-24T01:40:00+00:00
2026-06-24T01:46:27.152080+00:00 ALREADY_WRITTEN: Already handled candle 2026-06-24T01:40:00+00:00; mode=live; export=2026-06-24T01:46:14+00:00; candle=2026-06-24T01:40:00+00:00
2026-06-24T01:46:45.800733+00:00 ALREADY_WRITTEN: Already handled candle 2026-06-24T01:40:00+00:00; mode=live; export=2026-06-24T01:46:44+00:00; candle=2026-06-24T01:40:00+00:00
2026-06-24T01:46:57.231396+00:00 ALREADY_WRITTEN: Already handled candle 2026-06-24T01:40:00+00:00; mode=live; export=2026-06-24T01:46:44+00:00; candle=2026-06-24T01:40:00+00:00
2026-06-24T01:47:15.880567+00:00 ALREADY_WRITTEN: Already handled candle 2026-06-24T01:40:00+00:00; mode=live; export=2026-06-24T01:47:14+00:00; candle=2026-06-24T01:40:00+00:00
2026-06-24T01:47:27.315808+00:00 ALREADY_WRITTEN: Already handled candle 2026-06-24T01:40:00+00:00; mode=live; export=2026-06-24T01:47:14+00:00; candle=2026-06-24T01:40:00+00:00
2026-06-24T01:47:45.954939+00:00 ALREADY_WRITTEN: Already handled candle 2026-06-24T01:40:00+00:00; mode=live; export=2026-06-24T01:47:44+00:00; candle=2026-06-24T01:40:00+00:00
2026-06-24T01:47:57.402886+00:00 ALREADY_WRITTEN: Already handled candle 2026-06-24T01:40:00+00:00; mode=live; export=2026-06-24T01:47:44+00:00; candle=2026-06-24T01:40:00+00:00
2026-06-24T01:48:16.022955+00:00 ALREADY_WRITTEN: Already handled candle 2026-06-24T01:40:00+00:00; mode=live; export=2026-06-24T01:48:14+00:00; candle=2026-06-24T01:40:00+00:00
2026-06-24T01:48:27.490090+00:00 ALREADY_WRITTEN: Already handled candle 2026-06-24T01:40:00+00:00; mode=live; export=2026-06-24T01:48:14+00:00; candle=2026-06-24T01:40:00+00:00
2026-06-24T01:48:46.105621+00:00 ALREADY_WRITTEN: Already handled candle 2026-06-24T01:40:00+00:00; mode=live; export=2026-06-24T01:48:44+00:00; candle=2026-06-24T01:40:00+00:00
2026-06-24T01:48:57.574196+00:00 ALREADY_WRITTEN: Already handled candle 2026-06-24T01:40:00+00:00; mode=live; export=2026-06-24T01:48:44+00:00; candle=2026-06-24T01:40:00+00:00
2026-06-24T01:49:16.179454+00:00 ALREADY_WRITTEN: Already handled candle 2026-06-24T01:40:00+00:00; mode=live; export=2026-06-24T01:49:14+00:00; candle=2026-06-24T01:40:00+00:00
2026-06-24T01:49:27.647688+00:00 ALREADY_WRITTEN: Already handled candle 2026-06-24T01:40:00+00:00; mode=live; export=2026-06-24T01:49:14+00:00; candle=2026-06-24T01:40:00+00:00
2026-06-24T01:49:46.251592+00:00 ALREADY_WRITTEN: Already handled candle 2026-06-24T01:40:00+00:00; mode=live; export=2026-06-24T01:49:44+00:00; candle=2026-06-24T01:40:00+00:00
2026-06-24T01:49:57.730345+00:00 ALREADY_WRITTEN: Already handled candle 2026-06-24T01:40:00+00:00; mode=live; export=2026-06-24T01:49:44+00:00; candle=2026-06-24T01:40:00+00:00
2026-06-24T01:50:16.334532+00:00 ALREADY_WRITTEN: Already handled candle 2026-06-24T01:40:00+00:00; mode=live; export=2026-06-24T01:50:14+00:00; candle=2026-06-24T01:40:00+00:00
2026-06-24T01:50:27.802756+00:00 WRITE_SPLIT: Writing split proposed orders: SELL USDJPY 6.58 as 7 capped chunks; mode=live; export=2026-06-24T01:50:14+00:00; candle=2026-06-24T01:45:00+00:00
2026-06-24T01:50:46.413792+00:00 ALREADY_WRITTEN: Already handled candle 2026-06-24T01:45:00+00:00; mode=live; export=2026-06-24T01:50:44+00:00; candle=2026-06-24T01:45:00+00:00
2026-06-24T01:50:57.867292+00:00 ALREADY_WRITTEN: Already handled candle 2026-06-24T01:45:00+00:00; mode=live; export=2026-06-24T01:50:44+00:00; candle=2026-06-24T01:45:00+00:00
2026-06-24T01:51:16.489813+00:00 ALREADY_WRITTEN: Already handled candle 2026-06-24T01:45:00+00:00; mode=live; export=2026-06-24T01:51:14+00:00; candle=2026-06-24T01:45:00+00:00
2026-06-24T01:51:27.946072+00:00 ALREADY_WRITTEN: Already handled candle 2026-06-24T01:45:00+00:00; mode=live; export=2026-06-24T01:51:14+00:00; candle=2026-06-24T01:45:00+00:00
2026-06-24T01:51:46.569832+00:00 ALREADY_WRITTEN: Already handled candle 2026-06-24T01:45:00+00:00; mode=live; export=2026-06-24T01:51:44+00:00; candle=2026-06-24T01:45:00+00:00
2026-06-24T01:51:58.030722+00:00 ALREADY_WRITTEN: Already handled candle 2026-06-24T01:45:00+00:00; mode=live; export=2026-06-24T01:51:44+00:00; candle=2026-06-24T01:45:00+00:00
2026-06-24T01:52:16.644584+00:00 ALREADY_WRITTEN: Already handled candle 2026-06-24T01:45:00+00:00; mode=live; export=2026-06-24T01:52:14+00:00; candle=2026-06-24T01:45:00+00:00
2026-06-24T01:52:28.117537+00:00 ALREADY_WRITTEN: Already handled candle 2026-06-24T01:45:00+00:00; mode=live; export=2026-06-24T01:52:14+00:00; candle=2026-06-24T01:45:00+00:00
2026-06-24T01:52:46.725903+00:00 ALREADY_WRITTEN: Already handled candle 2026-06-24T01:45:00+00:00; mode=live; export=2026-06-24T01:52:44+00:00; candle=2026-06-24T01:45:00+00:00
2026-06-24T01:52:58.200717+00:00 ALREADY_WRITTEN: Already handled candle 2026-06-24T01:45:00+00:00; mode=live; export=2026-06-24T01:52:44+00:00; candle=2026-06-24T01:45:00+00:00
2026-06-24T01:53:16.797196+00:00 ALREADY_WRITTEN: Already handled candle 2026-06-24T01:45:00+00:00; mode=live; export=2026-06-24T01:53:14+00:00; candle=2026-06-24T01:45:00+00:00
2026-06-24T01:53:28.288049+00:00 ALREADY_WRITTEN: Already handled candle 2026-06-24T01:45:00+00:00; mode=live; export=2026-06-24T01:53:14+00:00; candle=2026-06-24T01:45:00+00:00
2026-06-24T01:53:46.863900+00:00 ALREADY_WRITTEN: Already handled candle 2026-06-24T01:45:00+00:00; mode=live; export=2026-06-24T01:53:44+00:00; candle=2026-06-24T01:45:00+00:00
2026-06-24T01:53:58.373782+00:00 ALREADY_WRITTEN: Already handled candle 2026-06-24T01:45:00+00:00; mode=live; export=2026-06-24T01:53:44+00:00; candle=2026-06-24T01:45:00+00:00
2026-06-24T01:54:16.947154+00:00 ALREADY_WRITTEN: Already handled candle 2026-06-24T01:45:00+00:00; mode=live; export=2026-06-24T01:54:14+00:00; candle=2026-06-24T01:45:00+00:00
2026-06-24T01:54:28.459862+00:00 ALREADY_WRITTEN: Already handled candle 2026-06-24T01:45:00+00:00; mode=live; export=2026-06-24T01:54:14+00:00; candle=2026-06-24T01:45:00+00:00
2026-06-24T01:54:47.027885+00:00 ALREADY_WRITTEN: Already handled candle 2026-06-24T01:45:00+00:00; mode=live; export=2026-06-24T01:54:44+00:00; candle=2026-06-24T01:45:00+00:00
2026-06-24T01:54:58.542323+00:00 ALREADY_WRITTEN: Already handled candle 2026-06-24T01:45:00+00:00; mode=live; export=2026-06-24T01:54:44+00:00; candle=2026-06-24T01:45:00+00:00
2026-06-24T01:55:17.107194+00:00 ALREADY_WRITTEN: Already handled candle 2026-06-24T01:45:00+00:00; mode=live; export=2026-06-24T01:55:14+00:00; candle=2026-06-24T01:45:00+00:00
2026-06-24T01:55:28.623031+00:00 HOLD: No meaningful orders after tiny-churn filter; mode=live; export=2026-06-24T01:55:14+00:00; candle=2026-06-24T01:50:00+00:00
2026-06-24T01:55:47.174171+00:00 WRITE_SPLIT: Writing split proposed orders: BUY USDJPY 6.58 as 7 capped chunks; mode=live; export=2026-06-24T01:55:44+00:00; candle=2026-06-24T01:50:00+00:00
2026-06-24T01:55:58.694012+00:00 ALREADY_WRITTEN: Already handled candle 2026-06-24T01:50:00+00:00; mode=live; export=2026-06-24T01:55:44+00:00; candle=2026-06-24T01:50:00+00:00
2026-06-24T01:56:17.253701+00:00 ALREADY_WRITTEN: Already handled candle 2026-06-24T01:50:00+00:00; mode=live; export=2026-06-24T01:56:14+00:00; candle=2026-06-24T01:50:00+00:00
2026-06-24T01:56:28.775448+00:00 ALREADY_WRITTEN: Already handled candle 2026-06-24T01:50:00+00:00; mode=live; export=2026-06-24T01:56:14+00:00; candle=2026-06-24T01:50:00+00:00
2026-06-24T01:56:47.334660+00:00 ALREADY_WRITTEN: Already handled candle 2026-06-24T01:50:00+00:00; mode=live; export=2026-06-24T01:56:44+00:00; candle=2026-06-24T01:50:00+00:00
2026-06-24T01:56:58.855719+00:00 ALREADY_WRITTEN: Already handled candle 2026-06-24T01:50:00+00:00; mode=live; export=2026-06-24T01:56:44+00:00; candle=2026-06-24T01:50:00+00:00
2026-06-24T01:57:17.412899+00:00 ALREADY_WRITTEN: Already handled candle 2026-06-24T01:50:00+00:00; mode=live; export=2026-06-24T01:57:14+00:00; candle=2026-06-24T01:50:00+00:00
2026-06-24T01:57:28.943328+00:00 ALREADY_WRITTEN: Already handled candle 2026-06-24T01:50:00+00:00; mode=live; export=2026-06-24T01:57:14+00:00; candle=2026-06-24T01:50:00+00:00
2026-06-24T01:57:47.489508+00:00 ALREADY_WRITTEN: Already handled candle 2026-06-24T01:50:00+00:00; mode=live; export=2026-06-24T01:57:44+00:00; candle=2026-06-24T01:50:00+00:00
2026-06-24T01:57:59.030789+00:00 ALREADY_WRITTEN: Already handled candle 2026-06-24T01:50:00+00:00; mode=live; export=2026-06-24T01:57:44+00:00; candle=2026-06-24T01:50:00+00:00
2026-06-24T01:58:17.557351+00:00 ALREADY_WRITTEN: Already handled candle 2026-06-24T01:50:00+00:00; mode=live; export=2026-06-24T01:58:14+00:00; candle=2026-06-24T01:50:00+00:00
2026-06-24T01:58:29.114273+00:00 ALREADY_WRITTEN: Already handled candle 2026-06-24T01:50:00+00:00; mode=live; export=2026-06-24T01:58:14+00:00; candle=2026-06-24T01:50:00+00:00
2026-06-24T01:58:47.639006+00:00 ALREADY_WRITTEN: Already handled candle 2026-06-24T01:50:00+00:00; mode=live; export=2026-06-24T01:58:44+00:00; candle=2026-06-24T01:50:00+00:00
2026-06-24T01:58:59.199725+00:00 ALREADY_WRITTEN: Already handled candle 2026-06-24T01:50:00+00:00; mode=live; export=2026-06-24T01:58:44+00:00; candle=2026-06-24T01:50:00+00:00
2026-06-24T01:59:17.721557+00:00 ALREADY_WRITTEN: Already handled candle 2026-06-24T01:50:00+00:00; mode=live; export=2026-06-24T01:59:14+00:00; candle=2026-06-24T01:50:00+00:00
2026-06-24T01:59:29.283826+00:00 ALREADY_WRITTEN: Already handled candle 2026-06-24T01:50:00+00:00; mode=live; export=2026-06-24T01:59:14+00:00; candle=2026-06-24T01:50:00+00:00
2026-06-24T01:59:47.801447+00:00 ALREADY_WRITTEN: Already handled candle 2026-06-24T01:50:00+00:00; mode=live; export=2026-06-24T01:59:44+00:00; candle=2026-06-24T01:50:00+00:00
2026-06-24T01:59:59.370044+00:00 ALREADY_WRITTEN: Already handled candle 2026-06-24T01:50:00+00:00; mode=live; export=2026-06-24T01:59:44+00:00; candle=2026-06-24T01:50:00+00:00
2026-06-24T02:00:17.879170+00:00 ALREADY_WRITTEN: Already handled candle 2026-06-24T01:50:00+00:00; mode=live; export=2026-06-24T02:00:14+00:00; candle=2026-06-24T01:50:00+00:00
2026-06-24T02:00:29.450453+00:00 WRITE_SPLIT: Writing split proposed orders: SELL USDCHF 1.78; SELL USDJPY 6.58 as 9 capped chunks; mode=live; export=2026-06-24T02:00:14+00:00; candle=2026-06-24T01:55:00+00:00
2026-06-24T02:00:47.960699+00:00 ALREADY_WRITTEN: Already handled candle 2026-06-24T01:55:00+00:00; mode=live; export=2026-06-24T02:00:44+00:00; candle=2026-06-24T01:55:00+00:00
2026-06-24T02:00:59.537814+00:00 ALREADY_WRITTEN: Already handled candle 2026-06-24T01:55:00+00:00; mode=live; export=2026-06-24T02:00:44+00:00; candle=2026-06-24T01:55:00+00:00
2026-06-24T02:01:18.041966+00:00 ALREADY_WRITTEN: Already handled candle 2026-06-24T01:55:00+00:00; mode=live; export=2026-06-24T02:01:14+00:00; candle=2026-06-24T01:55:00+00:00
2026-06-24T02:01:29.621842+00:00 ALREADY_WRITTEN: Already handled candle 2026-06-24T01:55:00+00:00; mode=live; export=2026-06-24T02:01:14+00:00; candle=2026-06-24T01:55:00+00:00
2026-06-24T02:01:48.114347+00:00 ALREADY_WRITTEN: Already handled candle 2026-06-24T01:55:00+00:00; mode=live; export=2026-06-24T02:01:44+00:00; candle=2026-06-24T01:55:00+00:00
2026-06-24T02:01:59.707627+00:00 ALREADY_WRITTEN: Already handled candle 2026-06-24T01:55:00+00:00; mode=live; export=2026-06-24T02:01:44+00:00; candle=2026-06-24T01:55:00+00:00
2026-06-24T02:02:18.188715+00:00 ALREADY_WRITTEN: Already handled candle 2026-06-24T01:55:00+00:00; mode=live; export=2026-06-24T02:02:14+00:00; candle=2026-06-24T01:55:00+00:00
2026-06-24T02:02:29.796321+00:00 ALREADY_WRITTEN: Already handled candle 2026-06-24T01:55:00+00:00; mode=live; export=2026-06-24T02:02:14+00:00; candle=2026-06-24T01:55:00+00:00
2026-06-24T02:02:48.270059+00:00 ALREADY_WRITTEN: Already handled candle 2026-06-24T01:55:00+00:00; mode=live; export=2026-06-24T02:02:44+00:00; candle=2026-06-24T01:55:00+00:00
2026-06-24T02:02:59.868534+00:00 ALREADY_WRITTEN: Already handled candle 2026-06-24T01:55:00+00:00; mode=live; export=2026-06-24T02:02:44+00:00; candle=2026-06-24T01:55:00+00:00
2026-06-24T02:03:18.345338+00:00 ALREADY_WRITTEN: Already handled candle 2026-06-24T01:55:00+00:00; mode=live; export=2026-06-24T02:03:14+00:00; candle=2026-06-24T01:55:00+00:00
2026-06-24T02:03:29.952567+00:00 ALREADY_WRITTEN: Already handled candle 2026-06-24T01:55:00+00:00; mode=live; export=2026-06-24T02:03:14+00:00; candle=2026-06-24T01:55:00+00:00
2026-06-24T02:03:48.426964+00:00 ALREADY_WRITTEN: Already handled candle 2026-06-24T01:55:00+00:00; mode=live; export=2026-06-24T02:03:44+00:00; candle=2026-06-24T01:55:00+00:00
2026-06-24T02:04:00.034737+00:00 ALREADY_WRITTEN: Already handled candle 2026-06-24T01:55:00+00:00; mode=live; export=2026-06-24T02:03:44+00:00; candle=2026-06-24T01:55:00+00:00
2026-06-24T02:04:18.497410+00:00 ALREADY_WRITTEN: Already handled candle 2026-06-24T01:55:00+00:00; mode=live; export=2026-06-24T02:04:14+00:00; candle=2026-06-24T01:55:00+00:00
2026-06-24T02:04:30.118704+00:00 ALREADY_WRITTEN: Already handled candle 2026-06-24T01:55:00+00:00; mode=live; export=2026-06-24T02:04:14+00:00; candle=2026-06-24T01:55:00+00:00
2026-06-24T02:04:48.579303+00:00 ALREADY_WRITTEN: Already handled candle 2026-06-24T01:55:00+00:00; mode=live; export=2026-06-24T02:04:44+00:00; candle=2026-06-24T01:55:00+00:00
2026-06-24T02:05:00.198243+00:00 ALREADY_WRITTEN: Already handled candle 2026-06-24T01:55:00+00:00; mode=live; export=2026-06-24T02:04:44+00:00; candle=2026-06-24T01:55:00+00:00
2026-06-24T02:05:18.661518+00:00 ALREADY_WRITTEN: Already handled candle 2026-06-24T01:55:00+00:00; mode=live; export=2026-06-24T02:05:14+00:00; candle=2026-06-24T01:55:00+00:00
2026-06-24T02:05:30.283902+00:00 WRITE_SPLIT: Writing split proposed orders: BUY EURGBP 3.25; BUY USDCHF 1.78 as 6 capped chunks; mode=live; export=2026-06-24T02:05:14+00:00; candle=2026-06-24T02:00:00+00:00
2026-06-24T02:05:48.737303+00:00 ALREADY_WRITTEN: Already handled candle 2026-06-24T02:00:00+00:00; mode=live; export=2026-06-24T02:05:44+00:00; candle=2026-06-24T02:00:00+00:00
2026-06-24T02:06:00.360785+00:00 ALREADY_WRITTEN: Already handled candle 2026-06-24T02:00:00+00:00; mode=live; export=2026-06-24T02:05:44+00:00; candle=2026-06-24T02:00:00+00:00
2026-06-24T02:06:18.824512+00:00 ALREADY_WRITTEN: Already handled candle 2026-06-24T02:00:00+00:00; mode=live; export=2026-06-24T02:06:14+00:00; candle=2026-06-24T02:00:00+00:00
2026-06-24T02:06:30.444556+00:00 ALREADY_WRITTEN: Already handled candle 2026-06-24T02:00:00+00:00; mode=live; export=2026-06-24T02:06:14+00:00; candle=2026-06-24T02:00:00+00:00
2026-06-24T02:06:48.898254+00:00 ALREADY_WRITTEN: Already handled candle 2026-06-24T02:00:00+00:00; mode=live; export=2026-06-24T02:06:44+00:00; candle=2026-06-24T02:00:00+00:00
2026-06-24T02:07:00.524912+00:00 ALREADY_WRITTEN: Already handled candle 2026-06-24T02:00:00+00:00; mode=live; export=2026-06-24T02:06:44+00:00; candle=2026-06-24T02:00:00+00:00
2026-06-24T02:07:18.977221+00:00 ALREADY_WRITTEN: Already handled candle 2026-06-24T02:00:00+00:00; mode=live; export=2026-06-24T02:07:14+00:00; candle=2026-06-24T02:00:00+00:00
2026-06-24T02:07:30.609256+00:00 ALREADY_WRITTEN: Already handled candle 2026-06-24T02:00:00+00:00; mode=live; export=2026-06-24T02:07:14+00:00; candle=2026-06-24T02:00:00+00:00
2026-06-24T02:07:49.053102+00:00 ALREADY_WRITTEN: Already handled candle 2026-06-24T02:00:00+00:00; mode=live; export=2026-06-24T02:07:44+00:00; candle=2026-06-24T02:00:00+00:00
2026-06-24T02:08:00.686955+00:00 ALREADY_WRITTEN: Already handled candle 2026-06-24T02:00:00+00:00; mode=live; export=2026-06-24T02:07:44+00:00; candle=2026-06-24T02:00:00+00:00
2026-06-24T02:08:19.134487+00:00 ALREADY_WRITTEN: Already handled candle 2026-06-24T02:00:00+00:00; mode=live; export=2026-06-24T02:08:14+00:00; candle=2026-06-24T02:00:00+00:00
2026-06-24T02:08:30.769722+00:00 ALREADY_WRITTEN: Already handled candle 2026-06-24T02:00:00+00:00; mode=live; export=2026-06-24T02:08:14+00:00; candle=2026-06-24T02:00:00+00:00
2026-06-24T02:08:49.210750+00:00 ALREADY_WRITTEN: Already handled candle 2026-06-24T02:00:00+00:00; mode=live; export=2026-06-24T02:08:44+00:00; candle=2026-06-24T02:00:00+00:00
2026-06-24T02:09:00.849343+00:00 ALREADY_WRITTEN: Already handled candle 2026-06-24T02:00:00+00:00; mode=live; export=2026-06-24T02:08:44+00:00; candle=2026-06-24T02:00:00+00:00
2026-06-24T02:09:19.269186+00:00 ALREADY_WRITTEN: Already handled candle 2026-06-24T02:00:00+00:00; mode=live; export=2026-06-24T02:09:14+00:00; candle=2026-06-24T02:00:00+00:00
2026-06-24T02:09:30.938278+00:00 ALREADY_WRITTEN: Already handled candle 2026-06-24T02:00:00+00:00; mode=live; export=2026-06-24T02:09:14+00:00; candle=2026-06-24T02:00:00+00:00
2026-06-24T02:09:49.344520+00:00 ALREADY_WRITTEN: Already handled candle 2026-06-24T02:00:00+00:00; mode=live; export=2026-06-24T02:09:44+00:00; candle=2026-06-24T02:00:00+00:00
2026-06-24T02:10:01.020616+00:00 ALREADY_WRITTEN: Already handled candle 2026-06-24T02:00:00+00:00; mode=live; export=2026-06-24T02:09:44+00:00; candle=2026-06-24T02:00:00+00:00
2026-06-24T02:10:19.414714+00:00 ALREADY_WRITTEN: Already handled candle 2026-06-24T02:00:00+00:00; mode=live; export=2026-06-24T02:10:14+00:00; candle=2026-06-24T02:00:00+00:00
2026-06-24T02:10:31.101935+00:00 WRITE_SPLIT: Writing split proposed orders: SELL EURGBP 3.25; SELL USDCHF 1.78 as 6 capped chunks; mode=live; export=2026-06-24T02:10:14+00:00; candle=2026-06-24T02:05:00+00:00
2026-06-24T02:10:49.495055+00:00 ALREADY_WRITTEN: Already handled candle 2026-06-24T02:05:00+00:00; mode=live; export=2026-06-24T02:10:44+00:00; candle=2026-06-24T02:05:00+00:00
2026-06-24T02:11:01.179297+00:00 ALREADY_WRITTEN: Already handled candle 2026-06-24T02:05:00+00:00; mode=live; export=2026-06-24T02:10:44+00:00; candle=2026-06-24T02:05:00+00:00
2026-06-24T02:11:19.575907+00:00 ALREADY_WRITTEN: Already handled candle 2026-06-24T02:05:00+00:00; mode=live; export=2026-06-24T02:11:14+00:00; candle=2026-06-24T02:05:00+00:00
2026-06-24T02:11:31.243586+00:00 ALREADY_WRITTEN: Already handled candle 2026-06-24T02:05:00+00:00; mode=live; export=2026-06-24T02:11:14+00:00; candle=2026-06-24T02:05:00+00:00
2026-06-24T02:11:49.655047+00:00 ALREADY_WRITTEN: Already handled candle 2026-06-24T02:05:00+00:00; mode=live; export=2026-06-24T02:11:44+00:00; candle=2026-06-24T02:05:00+00:00
2026-06-24T02:12:01.325014+00:00 ALREADY_WRITTEN: Already handled candle 2026-06-24T02:05:00+00:00; mode=live; export=2026-06-24T02:11:44+00:00; candle=2026-06-24T02:05:00+00:00
2026-06-24T02:12:19.733769+00:00 ALREADY_WRITTEN: Already handled candle 2026-06-24T02:05:00+00:00; mode=live; export=2026-06-24T02:12:14+00:00; candle=2026-06-24T02:05:00+00:00
2026-06-24T02:12:31.399000+00:00 ALREADY_WRITTEN: Already handled candle 2026-06-24T02:05:00+00:00; mode=live; export=2026-06-24T02:12:14+00:00; candle=2026-06-24T02:05:00+00:00
2026-06-24T02:12:49.815790+00:00 ALREADY_WRITTEN: Already handled candle 2026-06-24T02:05:00+00:00; mode=live; export=2026-06-24T02:12:44+00:00; candle=2026-06-24T02:05:00+00:00
2026-06-24T02:13:01.482568+00:00 ALREADY_WRITTEN: Already handled candle 2026-06-24T02:05:00+00:00; mode=live; export=2026-06-24T02:12:44+00:00; candle=2026-06-24T02:05:00+00:00
2026-06-24T02:13:19.898457+00:00 ALREADY_WRITTEN: Already handled candle 2026-06-24T02:05:00+00:00; mode=live; export=2026-06-24T02:13:14+00:00; candle=2026-06-24T02:05:00+00:00
2026-06-24T02:13:31.568635+00:00 ALREADY_WRITTEN: Already handled candle 2026-06-24T02:05:00+00:00; mode=live; export=2026-06-24T02:13:14+00:00; candle=2026-06-24T02:05:00+00:00
2026-06-24T02:13:49.978668+00:00 ALREADY_WRITTEN: Already handled candle 2026-06-24T02:05:00+00:00; mode=live; export=2026-06-24T02:13:44+00:00; candle=2026-06-24T02:05:00+00:00
2026-06-24T02:14:01.656007+00:00 ALREADY_WRITTEN: Already handled candle 2026-06-24T02:05:00+00:00; mode=live; export=2026-06-24T02:13:44+00:00; candle=2026-06-24T02:05:00+00:00
2026-06-24T02:14:20.057515+00:00 ALREADY_WRITTEN: Already handled candle 2026-06-24T02:05:00+00:00; mode=live; export=2026-06-24T02:14:14+00:00; candle=2026-06-24T02:05:00+00:00
2026-06-24T02:14:31.730687+00:00 ALREADY_WRITTEN: Already handled candle 2026-06-24T02:05:00+00:00; mode=live; export=2026-06-24T02:14:14+00:00; candle=2026-06-24T02:05:00+00:00
2026-06-24T02:14:50.137424+00:00 ALREADY_WRITTEN: Already handled candle 2026-06-24T02:05:00+00:00; mode=live; export=2026-06-24T02:14:44+00:00; candle=2026-06-24T02:05:00+00:00
2026-06-24T02:15:01.806616+00:00 ALREADY_WRITTEN: Already handled candle 2026-06-24T02:05:00+00:00; mode=live; export=2026-06-24T02:14:44+00:00; candle=2026-06-24T02:05:00+00:00
2026-06-24T02:15:20.221775+00:00 ALREADY_WRITTEN: Already handled candle 2026-06-24T02:05:00+00:00; mode=live; export=2026-06-24T02:15:14+00:00; candle=2026-06-24T02:05:00+00:00
2026-06-24T02:15:31.888550+00:00 HOLD: No meaningful orders after tiny-churn filter; mode=live; export=2026-06-24T02:15:14+00:00; candle=2026-06-24T02:10:00+00:00
2026-06-24T02:15:50.304808+00:00 WRITE_SPLIT: Writing split proposed orders: BUY USDCHF 1.78; BUY USDJPY 6.58 as 9 capped chunks; mode=live; export=2026-06-24T02:15:44+00:00; candle=2026-06-24T02:10:00+00:00
2026-06-24T02:16:01.970102+00:00 ALREADY_WRITTEN: Already handled candle 2026-06-24T02:10:00+00:00; mode=live; export=2026-06-24T02:15:44+00:00; candle=2026-06-24T02:10:00+00:00
2026-06-24T02:16:20.365814+00:00 ALREADY_WRITTEN: Already handled candle 2026-06-24T02:10:00+00:00; mode=live; export=2026-06-24T02:16:14+00:00; candle=2026-06-24T02:10:00+00:00
2026-06-24T02:16:32.041156+00:00 ALREADY_WRITTEN: Already handled candle 2026-06-24T02:10:00+00:00; mode=live; export=2026-06-24T02:16:14+00:00; candle=2026-06-24T02:10:00+00:00
2026-06-24T02:16:50.433167+00:00 ALREADY_WRITTEN: Already handled candle 2026-06-24T02:10:00+00:00; mode=live; export=2026-06-24T02:16:44+00:00; candle=2026-06-24T02:10:00+00:00
2026-06-24T02:17:02.123914+00:00 ALREADY_WRITTEN: Already handled candle 2026-06-24T02:10:00+00:00; mode=live; export=2026-06-24T02:16:44+00:00; candle=2026-06-24T02:10:00+00:00
2026-06-24T02:17:20.514244+00:00 ALREADY_WRITTEN: Already handled candle 2026-06-24T02:10:00+00:00; mode=live; export=2026-06-24T02:17:14+00:00; candle=2026-06-24T02:10:00+00:00
2026-06-24T02:17:32.208707+00:00 ALREADY_WRITTEN: Already handled candle 2026-06-24T02:10:00+00:00; mode=live; export=2026-06-24T02:17:14+00:00; candle=2026-06-24T02:10:00+00:00
2026-06-24T02:17:50.594073+00:00 ALREADY_WRITTEN: Already handled candle 2026-06-24T02:10:00+00:00; mode=live; export=2026-06-24T02:17:44+00:00; candle=2026-06-24T02:10:00+00:00
2026-06-24T02:18:02.278002+00:00 ALREADY_WRITTEN: Already handled candle 2026-06-24T02:10:00+00:00; mode=live; export=2026-06-24T02:17:44+00:00; candle=2026-06-24T02:10:00+00:00
2026-06-24T02:18:20.675645+00:00 ALREADY_WRITTEN: Already handled candle 2026-06-24T02:10:00+00:00; mode=live; export=2026-06-24T02:18:14+00:00; candle=2026-06-24T02:10:00+00:00
2026-06-24T02:18:32.359666+00:00 ALREADY_WRITTEN: Already handled candle 2026-06-24T02:10:00+00:00; mode=live; export=2026-06-24T02:18:14+00:00; candle=2026-06-24T02:10:00+00:00
2026-06-24T02:18:50.750474+00:00 ALREADY_WRITTEN: Already handled candle 2026-06-24T02:10:00+00:00; mode=live; export=2026-06-24T02:18:44+00:00; candle=2026-06-24T02:10:00+00:00
2026-06-24T02:19:02.432937+00:00 ALREADY_WRITTEN: Already handled candle 2026-06-24T02:10:00+00:00; mode=live; export=2026-06-24T02:18:44+00:00; candle=2026-06-24T02:10:00+00:00
2026-06-24T02:19:20.811381+00:00 ALREADY_WRITTEN: Already handled candle 2026-06-24T02:10:00+00:00; mode=live; export=2026-06-24T02:19:14+00:00; candle=2026-06-24T02:10:00+00:00
2026-06-24T02:19:32.510277+00:00 ALREADY_WRITTEN: Already handled candle 2026-06-24T02:10:00+00:00; mode=live; export=2026-06-24T02:19:14+00:00; candle=2026-06-24T02:10:00+00:00
2026-06-24T02:19:50.879090+00:00 ALREADY_WRITTEN: Already handled candle 2026-06-24T02:10:00+00:00; mode=live; export=2026-06-24T02:19:44+00:00; candle=2026-06-24T02:10:00+00:00
2026-06-24T02:20:02.582804+00:00 ALREADY_WRITTEN: Already handled candle 2026-06-24T02:10:00+00:00; mode=live; export=2026-06-24T02:19:44+00:00; candle=2026-06-24T02:10:00+00:00
2026-06-24T02:20:20.960122+00:00 ALREADY_WRITTEN: Already handled candle 2026-06-24T02:10:00+00:00; mode=live; export=2026-06-24T02:20:14+00:00; candle=2026-06-24T02:10:00+00:00
2026-06-24T02:20:32.668134+00:00 WRITE_SPLIT: Writing split proposed orders: BUY EURGBP 3.25; SELL USDCHF 1.78 as 6 capped chunks; mode=live; export=2026-06-24T02:20:14+00:00; candle=2026-06-24T02:15:00+00:00
2026-06-24T02:20:51.032719+00:00 ALREADY_WRITTEN: Already handled candle 2026-06-24T02:15:00+00:00; mode=live; export=2026-06-24T02:20:44+00:00; candle=2026-06-24T02:15:00+00:00
2026-06-24T02:21:02.750923+00:00 ALREADY_WRITTEN: Already handled candle 2026-06-24T02:15:00+00:00; mode=live; export=2026-06-24T02:20:44+00:00; candle=2026-06-24T02:15:00+00:00
2026-06-24T02:21:21.115039+00:00 ALREADY_WRITTEN: Already handled candle 2026-06-24T02:15:00+00:00; mode=live; export=2026-06-24T02:21:14+00:00; candle=2026-06-24T02:15:00+00:00
2026-06-24T02:21:32.837476+00:00 ALREADY_WRITTEN: Already handled candle 2026-06-24T02:15:00+00:00; mode=live; export=2026-06-24T02:21:14+00:00; candle=2026-06-24T02:15:00+00:00
2026-06-24T02:21:51.196070+00:00 ALREADY_WRITTEN: Already handled candle 2026-06-24T02:15:00+00:00; mode=live; export=2026-06-24T02:21:44+00:00; candle=2026-06-24T02:15:00+00:00
2026-06-24T02:22:02.925917+00:00 ALREADY_WRITTEN: Already handled candle 2026-06-24T02:15:00+00:00; mode=live; export=2026-06-24T02:21:44+00:00; candle=2026-06-24T02:15:00+00:00
2026-06-24T02:22:21.276890+00:00 ALREADY_WRITTEN: Already handled candle 2026-06-24T02:15:00+00:00; mode=live; export=2026-06-24T02:22:14+00:00; candle=2026-06-24T02:15:00+00:00
2026-06-24T02:22:32.993307+00:00 ALREADY_WRITTEN: Already handled candle 2026-06-24T02:15:00+00:00; mode=live; export=2026-06-24T02:22:14+00:00; candle=2026-06-24T02:15:00+00:00
2026-06-24T02:22:51.352081+00:00 ALREADY_WRITTEN: Already handled candle 2026-06-24T02:15:00+00:00; mode=live; export=2026-06-24T02:22:44+00:00; candle=2026-06-24T02:15:00+00:00
2026-06-24T02:23:03.068385+00:00 ALREADY_WRITTEN: Already handled candle 2026-06-24T02:15:00+00:00; mode=live; export=2026-06-24T02:22:44+00:00; candle=2026-06-24T02:15:00+00:00
2026-06-24T02:23:21.433800+00:00 ALREADY_WRITTEN: Already handled candle 2026-06-24T02:15:00+00:00; mode=live; export=2026-06-24T02:23:14+00:00; candle=2026-06-24T02:15:00+00:00
2026-06-24T02:23:33.149097+00:00 ALREADY_WRITTEN: Already handled candle 2026-06-24T02:15:00+00:00; mode=live; export=2026-06-24T02:23:14+00:00; candle=2026-06-24T02:15:00+00:00
2026-06-24T02:23:51.515809+00:00 ALREADY_WRITTEN: Already handled candle 2026-06-24T02:15:00+00:00; mode=live; export=2026-06-24T02:23:44+00:00; candle=2026-06-24T02:15:00+00:00
2026-06-24T02:24:03.217383+00:00 ALREADY_WRITTEN: Already handled candle 2026-06-24T02:15:00+00:00; mode=live; export=2026-06-24T02:23:44+00:00; candle=2026-06-24T02:15:00+00:00
2026-06-24T02:24:21.597180+00:00 ALREADY_WRITTEN: Already handled candle 2026-06-24T02:15:00+00:00; mode=live; export=2026-06-24T02:24:14+00:00; candle=2026-06-24T02:15:00+00:00
2026-06-24T02:24:33.304285+00:00 ALREADY_WRITTEN: Already handled candle 2026-06-24T02:15:00+00:00; mode=live; export=2026-06-24T02:24:14+00:00; candle=2026-06-24T02:15:00+00:00
2026-06-24T02:24:51.680554+00:00 ALREADY_WRITTEN: Already handled candle 2026-06-24T02:15:00+00:00; mode=live; export=2026-06-24T02:24:44+00:00; candle=2026-06-24T02:15:00+00:00
2026-06-24T02:25:03.386380+00:00 ALREADY_WRITTEN: Already handled candle 2026-06-24T02:15:00+00:00; mode=live; export=2026-06-24T02:24:44+00:00; candle=2026-06-24T02:15:00+00:00
2026-06-24T02:25:21.761393+00:00 ALREADY_WRITTEN: Already handled candle 2026-06-24T02:15:00+00:00; mode=live; export=2026-06-24T02:25:14+00:00; candle=2026-06-24T02:15:00+00:00
2026-06-24T02:25:33.464370+00:00 WRITE_SPLIT: Writing split proposed orders: SELL EURGBP 3.25; BUY USDCHF 1.78 as 6 capped chunks; mode=live; export=2026-06-24T02:25:14+00:00; candle=2026-06-24T02:20:00+00:00
2026-06-24T02:25:51.842816+00:00 ALREADY_WRITTEN: Already handled candle 2026-06-24T02:20:00+00:00; mode=live; export=2026-06-24T02:25:44+00:00; candle=2026-06-24T02:20:00+00:00
2026-06-24T02:26:03.548775+00:00 ALREADY_WRITTEN: Already handled candle 2026-06-24T02:20:00+00:00; mode=live; export=2026-06-24T02:25:44+00:00; candle=2026-06-24T02:20:00+00:00
2026-06-24T02:26:21.924809+00:00 ALREADY_WRITTEN: Already handled candle 2026-06-24T02:20:00+00:00; mode=live; export=2026-06-24T02:26:14+00:00; candle=2026-06-24T02:20:00+00:00
2026-06-24T02:26:33.634611+00:00 ALREADY_WRITTEN: Already handled candle 2026-06-24T02:20:00+00:00; mode=live; export=2026-06-24T02:26:14+00:00; candle=2026-06-24T02:20:00+00:00
2026-06-24T02:26:52.006891+00:00 ALREADY_WRITTEN: Already handled candle 2026-06-24T02:20:00+00:00; mode=live; export=2026-06-24T02:26:44+00:00; candle=2026-06-24T02:20:00+00:00
2026-06-24T02:27:03.704853+00:00 ALREADY_WRITTEN: Already handled candle 2026-06-24T02:20:00+00:00; mode=live; export=2026-06-24T02:26:44+00:00; candle=2026-06-24T02:20:00+00:00
2026-06-24T02:27:22.091498+00:00 ALREADY_WRITTEN: Already handled candle 2026-06-24T02:20:00+00:00; mode=live; export=2026-06-24T02:27:14+00:00; candle=2026-06-24T02:20:00+00:00
2026-06-24T02:27:33.792439+00:00 ALREADY_WRITTEN: Already handled candle 2026-06-24T02:20:00+00:00; mode=live; export=2026-06-24T02:27:14+00:00; candle=2026-06-24T02:20:00+00:00
2026-06-24T02:27:52.172381+00:00 ALREADY_WRITTEN: Already handled candle 2026-06-24T02:20:00+00:00; mode=live; export=2026-06-24T02:27:44+00:00; candle=2026-06-24T02:20:00+00:00
2026-06-24T02:28:03.879815+00:00 ALREADY_WRITTEN: Already handled candle 2026-06-24T02:20:00+00:00; mode=live; export=2026-06-24T02:27:44+00:00; candle=2026-06-24T02:20:00+00:00
2026-06-24T02:28:22.250227+00:00 ALREADY_WRITTEN: Already handled candle 2026-06-24T02:20:00+00:00; mode=live; export=2026-06-24T02:28:14+00:00; candle=2026-06-24T02:20:00+00:00
2026-06-24T02:28:33.955330+00:00 ALREADY_WRITTEN: Already handled candle 2026-06-24T02:20:00+00:00; mode=live; export=2026-06-24T02:28:14+00:00; candle=2026-06-24T02:20:00+00:00
2026-06-24T02:28:52.324536+00:00 ALREADY_WRITTEN: Already handled candle 2026-06-24T02:20:00+00:00; mode=live; export=2026-06-24T02:28:44+00:00; candle=2026-06-24T02:20:00+00:00
2026-06-24T02:29:04.027880+00:00 ALREADY_WRITTEN: Already handled candle 2026-06-24T02:20:00+00:00; mode=live; export=2026-06-24T02:28:44+00:00; candle=2026-06-24T02:20:00+00:00
2026-06-24T02:29:22.397506+00:00 ALREADY_WRITTEN: Already handled candle 2026-06-24T02:20:00+00:00; mode=live; export=2026-06-24T02:29:14+00:00; candle=2026-06-24T02:20:00+00:00
2026-06-24T02:29:34.114708+00:00 ALREADY_WRITTEN: Already handled candle 2026-06-24T02:20:00+00:00; mode=live; export=2026-06-24T02:29:14+00:00; candle=2026-06-24T02:20:00+00:00
2026-06-24T02:29:52.473656+00:00 ALREADY_WRITTEN: Already handled candle 2026-06-24T02:20:00+00:00; mode=live; export=2026-06-24T02:29:44+00:00; candle=2026-06-24T02:20:00+00:00
2026-06-24T02:30:04.182335+00:00 ALREADY_WRITTEN: Already handled candle 2026-06-24T02:20:00+00:00; mode=live; export=2026-06-24T02:29:44+00:00; candle=2026-06-24T02:20:00+00:00
2026-06-24T02:30:22.556060+00:00 ALREADY_WRITTEN: Already handled candle 2026-06-24T02:20:00+00:00; mode=live; export=2026-06-24T02:30:14+00:00; candle=2026-06-24T02:20:00+00:00
2026-06-24T02:30:34.262247+00:00 WRITE_SPLIT: Writing split proposed orders: BUY EURGBP 3.25; SELL USDJPY 6.58 as 11 capped chunks; mode=live; export=2026-06-24T02:30:14+00:00; candle=2026-06-24T02:25:00+00:00
2026-06-24T02:30:52.634634+00:00 ALREADY_WRITTEN: Already handled candle 2026-06-24T02:25:00+00:00; mode=live; export=2026-06-24T02:30:44+00:00; candle=2026-06-24T02:25:00+00:00
2026-06-24T02:31:04.347633+00:00 ALREADY_WRITTEN: Already handled candle 2026-06-24T02:25:00+00:00; mode=live; export=2026-06-24T02:30:44+00:00; candle=2026-06-24T02:25:00+00:00
2026-06-24T02:31:22.701362+00:00 ALREADY_WRITTEN: Already handled candle 2026-06-24T02:25:00+00:00; mode=live; export=2026-06-24T02:31:14+00:00; candle=2026-06-24T02:25:00+00:00
2026-06-24T02:31:34.429053+00:00 ALREADY_WRITTEN: Already handled candle 2026-06-24T02:25:00+00:00; mode=live; export=2026-06-24T02:31:14+00:00; candle=2026-06-24T02:25:00+00:00
2026-06-24T02:31:52.781534+00:00 ALREADY_WRITTEN: Already handled candle 2026-06-24T02:25:00+00:00; mode=live; export=2026-06-24T02:31:44+00:00; candle=2026-06-24T02:25:00+00:00
2026-06-24T02:32:04.510687+00:00 ALREADY_WRITTEN: Already handled candle 2026-06-24T02:25:00+00:00; mode=live; export=2026-06-24T02:31:44+00:00; candle=2026-06-24T02:25:00+00:00
2026-06-24T02:32:22.863613+00:00 ALREADY_WRITTEN: Already handled candle 2026-06-24T02:25:00+00:00; mode=live; export=2026-06-24T02:32:14+00:00; candle=2026-06-24T02:25:00+00:00
2026-06-24T02:32:34.597022+00:00 ALREADY_WRITTEN: Already handled candle 2026-06-24T02:25:00+00:00; mode=live; export=2026-06-24T02:32:14+00:00; candle=2026-06-24T02:25:00+00:00
2026-06-24T02:32:52.945156+00:00 ALREADY_WRITTEN: Already handled candle 2026-06-24T02:25:00+00:00; mode=live; export=2026-06-24T02:32:44+00:00; candle=2026-06-24T02:25:00+00:00
2026-06-24T02:33:04.682081+00:00 ALREADY_WRITTEN: Already handled candle 2026-06-24T02:25:00+00:00; mode=live; export=2026-06-24T02:32:44+00:00; candle=2026-06-24T02:25:00+00:00
2026-06-24T02:33:23.019320+00:00 ALREADY_WRITTEN: Already handled candle 2026-06-24T02:25:00+00:00; mode=live; export=2026-06-24T02:33:14+00:00; candle=2026-06-24T02:25:00+00:00
2026-06-24T02:33:34.768485+00:00 ALREADY_WRITTEN: Already handled candle 2026-06-24T02:25:00+00:00; mode=live; export=2026-06-24T02:33:14+00:00; candle=2026-06-24T02:25:00+00:00
2026-06-24T02:33:53.089123+00:00 ALREADY_WRITTEN: Already handled candle 2026-06-24T02:25:00+00:00; mode=live; export=2026-06-24T02:33:44+00:00; candle=2026-06-24T02:25:00+00:00
2026-06-24T02:34:04.853745+00:00 ALREADY_WRITTEN: Already handled candle 2026-06-24T02:25:00+00:00; mode=live; export=2026-06-24T02:33:44+00:00; candle=2026-06-24T02:25:00+00:00
2026-06-24T02:34:23.158581+00:00 ALREADY_WRITTEN: Already handled candle 2026-06-24T02:25:00+00:00; mode=live; export=2026-06-24T02:34:14+00:00; candle=2026-06-24T02:25:00+00:00
2026-06-24T02:34:34.940146+00:00 ALREADY_WRITTEN: Already handled candle 2026-06-24T02:25:00+00:00; mode=live; export=2026-06-24T02:34:14+00:00; candle=2026-06-24T02:25:00+00:00
2026-06-24T02:34:53.240548+00:00 ALREADY_WRITTEN: Already handled candle 2026-06-24T02:25:00+00:00; mode=live; export=2026-06-24T02:34:44+00:00; candle=2026-06-24T02:25:00+00:00
2026-06-24T02:35:05.025631+00:00 ALREADY_WRITTEN: Already handled candle 2026-06-24T02:25:00+00:00; mode=live; export=2026-06-24T02:34:44+00:00; candle=2026-06-24T02:25:00+00:00
2026-06-24T02:35:23.305030+00:00 ALREADY_WRITTEN: Already handled candle 2026-06-24T02:25:00+00:00; mode=live; export=2026-06-24T02:35:14+00:00; candle=2026-06-24T02:25:00+00:00
2026-06-24T02:35:35.110500+00:00 WRITE_SPLIT: Writing split proposed orders: BUY USDJPY 6.58 as 7 capped chunks; mode=live; export=2026-06-24T02:35:14+00:00; candle=2026-06-24T02:30:00+00:00
2026-06-24T02:35:53.372546+00:00 ALREADY_WRITTEN: Already handled candle 2026-06-24T02:30:00+00:00; mode=live; export=2026-06-24T02:35:44+00:00; candle=2026-06-24T02:30:00+00:00
2026-06-24T02:36:05.193653+00:00 ALREADY_WRITTEN: Already handled candle 2026-06-24T02:30:00+00:00; mode=live; export=2026-06-24T02:35:44+00:00; candle=2026-06-24T02:30:00+00:00
2026-06-24T02:36:23.450642+00:00 ALREADY_WRITTEN: Already handled candle 2026-06-24T02:30:00+00:00; mode=live; export=2026-06-24T02:36:14+00:00; candle=2026-06-24T02:30:00+00:00
2026-06-24T02:36:35.273575+00:00 ALREADY_WRITTEN: Already handled candle 2026-06-24T02:30:00+00:00; mode=live; export=2026-06-24T02:36:14+00:00; candle=2026-06-24T02:30:00+00:00
2026-06-24T02:36:53.524115+00:00 ALREADY_WRITTEN: Already handled candle 2026-06-24T02:30:00+00:00; mode=live; export=2026-06-24T02:36:44+00:00; candle=2026-06-24T02:30:00+00:00
2026-06-24T02:37:05.346227+00:00 ALREADY_WRITTEN: Already handled candle 2026-06-24T02:30:00+00:00; mode=live; export=2026-06-24T02:36:44+00:00; candle=2026-06-24T02:30:00+00:00
2026-06-24T02:37:23.606718+00:00 ALREADY_WRITTEN: Already handled candle 2026-06-24T02:30:00+00:00; mode=live; export=2026-06-24T02:37:14+00:00; candle=2026-06-24T02:30:00+00:00
2026-06-24T02:37:35.427609+00:00 ALREADY_WRITTEN: Already handled candle 2026-06-24T02:30:00+00:00; mode=live; export=2026-06-24T02:37:14+00:00; candle=2026-06-24T02:30:00+00:00
2026-06-24T02:37:53.677034+00:00 ALREADY_WRITTEN: Already handled candle 2026-06-24T02:30:00+00:00; mode=live; export=2026-06-24T02:37:44+00:00; candle=2026-06-24T02:30:00+00:00
2026-06-24T02:38:05.510898+00:00 ALREADY_WRITTEN: Already handled candle 2026-06-24T02:30:00+00:00; mode=live; export=2026-06-24T02:37:44+00:00; candle=2026-06-24T02:30:00+00:00
2026-06-24T02:38:23.753922+00:00 ALREADY_WRITTEN: Already handled candle 2026-06-24T02:30:00+00:00; mode=live; export=2026-06-24T02:38:14+00:00; candle=2026-06-24T02:30:00+00:00
2026-06-24T02:38:35.575901+00:00 ALREADY_WRITTEN: Already handled candle 2026-06-24T02:30:00+00:00; mode=live; export=2026-06-24T02:38:14+00:00; candle=2026-06-24T02:30:00+00:00
2026-06-24T02:38:53.835512+00:00 ALREADY_WRITTEN: Already handled candle 2026-06-24T02:30:00+00:00; mode=live; export=2026-06-24T02:38:44+00:00; candle=2026-06-24T02:30:00+00:00
2026-06-24T02:39:05.646589+00:00 ALREADY_WRITTEN: Already handled candle 2026-06-24T02:30:00+00:00; mode=live; export=2026-06-24T02:38:44+00:00; candle=2026-06-24T02:30:00+00:00
2026-06-24T02:39:23.914630+00:00 ALREADY_WRITTEN: Already handled candle 2026-06-24T02:30:00+00:00; mode=live; export=2026-06-24T02:39:14+00:00; candle=2026-06-24T02:30:00+00:00
2026-06-24T02:39:35.716992+00:00 ALREADY_WRITTEN: Already handled candle 2026-06-24T02:30:00+00:00; mode=live; export=2026-06-24T02:39:14+00:00; candle=2026-06-24T02:30:00+00:00
2026-06-24T02:39:53.995918+00:00 ALREADY_WRITTEN: Already handled candle 2026-06-24T02:30:00+00:00; mode=live; export=2026-06-24T02:39:44+00:00; candle=2026-06-24T02:30:00+00:00
2026-06-24T02:40:05.788442+00:00 ALREADY_WRITTEN: Already handled candle 2026-06-24T02:30:00+00:00; mode=live; export=2026-06-24T02:39:44+00:00; candle=2026-06-24T02:30:00+00:00
2026-06-24T02:40:24.068659+00:00 ALREADY_WRITTEN: Already handled candle 2026-06-24T02:30:00+00:00; mode=live; export=2026-06-24T02:40:14+00:00; candle=2026-06-24T02:30:00+00:00
2026-06-24T02:40:35.875894+00:00 WRITE_SPLIT: Writing split proposed orders: SELL EURGBP 3.25; SELL USDJPY 6.58 as 11 capped chunks; mode=live; export=2026-06-24T02:40:14+00:00; candle=2026-06-24T02:35:00+00:00
2026-06-24T02:40:54.152367+00:00 ALREADY_WRITTEN: Already handled candle 2026-06-24T02:35:00+00:00; mode=live; export=2026-06-24T02:40:44+00:00; candle=2026-06-24T02:35:00+00:00
2026-06-24T02:41:05.951087+00:00 ALREADY_WRITTEN: Already handled candle 2026-06-24T02:35:00+00:00; mode=live; export=2026-06-24T02:40:44+00:00; candle=2026-06-24T02:35:00+00:00
2026-06-24T02:41:24.232130+00:00 ALREADY_WRITTEN: Already handled candle 2026-06-24T02:35:00+00:00; mode=live; export=2026-06-24T02:41:14+00:00; candle=2026-06-24T02:35:00+00:00
2026-06-24T02:41:36.033961+00:00 ALREADY_WRITTEN: Already handled candle 2026-06-24T02:35:00+00:00; mode=live; export=2026-06-24T02:41:14+00:00; candle=2026-06-24T02:35:00+00:00
2026-06-24T02:41:54.315479+00:00 ALREADY_WRITTEN: Already handled candle 2026-06-24T02:35:00+00:00; mode=live; export=2026-06-24T02:41:44+00:00; candle=2026-06-24T02:35:00+00:00
2026-06-24T02:42:06.113220+00:00 ALREADY_WRITTEN: Already handled candle 2026-06-24T02:35:00+00:00; mode=live; export=2026-06-24T02:41:44+00:00; candle=2026-06-24T02:35:00+00:00
2026-06-24T02:42:24.386766+00:00 ALREADY_WRITTEN: Already handled candle 2026-06-24T02:35:00+00:00; mode=live; export=2026-06-24T02:42:14+00:00; candle=2026-06-24T02:35:00+00:00
2026-06-24T02:42:36.199190+00:00 ALREADY_WRITTEN: Already handled candle 2026-06-24T02:35:00+00:00; mode=live; export=2026-06-24T02:42:14+00:00; candle=2026-06-24T02:35:00+00:00
2026-06-24T02:42:54.468421+00:00 ALREADY_WRITTEN: Already handled candle 2026-06-24T02:35:00+00:00; mode=live; export=2026-06-24T02:42:44+00:00; candle=2026-06-24T02:35:00+00:00
2026-06-24T02:43:06.277470+00:00 ALREADY_WRITTEN: Already handled candle 2026-06-24T02:35:00+00:00; mode=live; export=2026-06-24T02:42:44+00:00; candle=2026-06-24T02:35:00+00:00
2026-06-24T02:43:24.550981+00:00 ALREADY_WRITTEN: Already handled candle 2026-06-24T02:35:00+00:00; mode=live; export=2026-06-24T02:43:14+00:00; candle=2026-06-24T02:35:00+00:00
2026-06-24T02:43:36.362561+00:00 ALREADY_WRITTEN: Already handled candle 2026-06-24T02:35:00+00:00; mode=live; export=2026-06-24T02:43:14+00:00; candle=2026-06-24T02:35:00+00:00
2026-06-24T02:43:54.631529+00:00 ALREADY_WRITTEN: Already handled candle 2026-06-24T02:35:00+00:00; mode=live; export=2026-06-24T02:43:44+00:00; candle=2026-06-24T02:35:00+00:00
2026-06-24T02:44:06.446268+00:00 ALREADY_WRITTEN: Already handled candle 2026-06-24T02:35:00+00:00; mode=live; export=2026-06-24T02:43:44+00:00; candle=2026-06-24T02:35:00+00:00
2026-06-24T02:44:24.708534+00:00 ALREADY_WRITTEN: Already handled candle 2026-06-24T02:35:00+00:00; mode=live; export=2026-06-24T02:44:14+00:00; candle=2026-06-24T02:35:00+00:00
2026-06-24T02:44:36.533033+00:00 ALREADY_WRITTEN: Already handled candle 2026-06-24T02:35:00+00:00; mode=live; export=2026-06-24T02:44:14+00:00; candle=2026-06-24T02:35:00+00:00
2026-06-24T02:44:54.787688+00:00 ALREADY_WRITTEN: Already handled candle 2026-06-24T02:35:00+00:00; mode=live; export=2026-06-24T02:44:44+00:00; candle=2026-06-24T02:35:00+00:00
2026-06-24T02:45:06.615715+00:00 ALREADY_WRITTEN: Already handled candle 2026-06-24T02:35:00+00:00; mode=live; export=2026-06-24T02:44:44+00:00; candle=2026-06-24T02:35:00+00:00
2026-06-24T02:45:24.871032+00:00 HOLD: No meaningful orders after tiny-churn filter; mode=live; export=2026-06-24T02:45:14+00:00; candle=2026-06-24T02:40:00+00:00
2026-06-24T02:45:36.693195+00:00 HOLD: No meaningful orders after tiny-churn filter; mode=live; export=2026-06-24T02:45:14+00:00; candle=2026-06-24T02:40:00+00:00
2026-06-24T02:45:54.954837+00:00 HOLD: No meaningful orders after tiny-churn filter; mode=live; export=2026-06-24T02:45:44+00:00; candle=2026-06-24T02:40:00+00:00
2026-06-24T02:46:06.780095+00:00 HOLD: No meaningful orders after tiny-churn filter; mode=live; export=2026-06-24T02:45:44+00:00; candle=2026-06-24T02:40:00+00:00
2026-06-24T02:46:25.030102+00:00 HOLD: No meaningful orders after tiny-churn filter; mode=live; export=2026-06-24T02:46:14+00:00; candle=2026-06-24T02:40:00+00:00
2026-06-24T02:46:36.868232+00:00 HOLD: No meaningful orders after tiny-churn filter; mode=live; export=2026-06-24T02:46:14+00:00; candle=2026-06-24T02:40:00+00:00
2026-06-24T02:46:55.103391+00:00 HOLD: No meaningful orders after tiny-churn filter; mode=live; export=2026-06-24T02:46:44+00:00; candle=2026-06-24T02:40:00+00:00
2026-06-24T02:47:06.950132+00:00 HOLD: No meaningful orders after tiny-churn filter; mode=live; export=2026-06-24T02:46:44+00:00; candle=2026-06-24T02:40:00+00:00
2026-06-24T02:47:25.168103+00:00 HOLD: No meaningful orders after tiny-churn filter; mode=live; export=2026-06-24T02:47:14+00:00; candle=2026-06-24T02:40:00+00:00
2026-06-24T02:47:37.036479+00:00 HOLD: No meaningful orders after tiny-churn filter; mode=live; export=2026-06-24T02:47:14+00:00; candle=2026-06-24T02:40:00+00:00
2026-06-24T02:47:55.246956+00:00 HOLD: No meaningful orders after tiny-churn filter; mode=live; export=2026-06-24T02:47:44+00:00; candle=2026-06-24T02:40:00+00:00
2026-06-24T02:48:07.118229+00:00 HOLD: No meaningful orders after tiny-churn filter; mode=live; export=2026-06-24T02:47:44+00:00; candle=2026-06-24T02:40:00+00:00
2026-06-24T02:48:25.326178+00:00 HOLD: No meaningful orders after tiny-churn filter; mode=live; export=2026-06-24T02:48:14+00:00; candle=2026-06-24T02:40:00+00:00
2026-06-24T02:48:37.193930+00:00 HOLD: No meaningful orders after tiny-churn filter; mode=live; export=2026-06-24T02:48:14+00:00; candle=2026-06-24T02:40:00+00:00
2026-06-24T02:48:55.399917+00:00 HOLD: No meaningful orders after tiny-churn filter; mode=live; export=2026-06-24T02:48:44+00:00; candle=2026-06-24T02:40:00+00:00
2026-06-24T02:49:07.286403+00:00 HOLD: No meaningful orders after tiny-churn filter; mode=live; export=2026-06-24T02:48:44+00:00; candle=2026-06-24T02:40:00+00:00
2026-06-24T02:49:25.477388+00:00 HOLD: No meaningful orders after tiny-churn filter; mode=live; export=2026-06-24T02:49:14+00:00; candle=2026-06-24T02:40:00+00:00
2026-06-24T02:49:37.367729+00:00 HOLD: No meaningful orders after tiny-churn filter; mode=live; export=2026-06-24T02:49:14+00:00; candle=2026-06-24T02:40:00+00:00
2026-06-24T02:49:55.560077+00:00 HOLD: No meaningful orders after tiny-churn filter; mode=live; export=2026-06-24T02:49:44+00:00; candle=2026-06-24T02:40:00+00:00
2026-06-24T02:50:07.454081+00:00 HOLD: No meaningful orders after tiny-churn filter; mode=live; export=2026-06-24T02:49:44+00:00; candle=2026-06-24T02:40:00+00:00
2026-06-24T02:50:25.637414+00:00 HOLD: No meaningful orders after tiny-churn filter; mode=live; export=2026-06-24T02:50:14+00:00; candle=2026-06-24T02:45:00+00:00
2026-06-24T02:50:37.539686+00:00 HOLD: No meaningful orders after tiny-churn filter; mode=live; export=2026-06-24T02:50:14+00:00; candle=2026-06-24T02:45:00+00:00
2026-06-24T02:50:55.719829+00:00 WRITE_SPLIT: Writing split proposed orders: BUY EURUSD 2.25 as 3 capped chunks; mode=live; export=2026-06-24T02:50:44+00:00; candle=2026-06-24T02:45:00+00:00
2026-06-24T02:51:07.620018+00:00 ALREADY_WRITTEN: Already handled candle 2026-06-24T02:45:00+00:00; mode=live; export=2026-06-24T02:50:44+00:00; candle=2026-06-24T02:45:00+00:00
2026-06-24T02:51:25.802444+00:00 ALREADY_WRITTEN: Already handled candle 2026-06-24T02:45:00+00:00; mode=live; export=2026-06-24T02:51:14+00:00; candle=2026-06-24T02:45:00+00:00
2026-06-24T02:51:37.699027+00:00 ALREADY_WRITTEN: Already handled candle 2026-06-24T02:45:00+00:00; mode=live; export=2026-06-24T02:51:14+00:00; candle=2026-06-24T02:45:00+00:00
2026-06-24T02:51:55.883940+00:00 ALREADY_WRITTEN: Already handled candle 2026-06-24T02:45:00+00:00; mode=live; export=2026-06-24T02:51:44+00:00; candle=2026-06-24T02:45:00+00:00
2026-06-24T02:52:07.781600+00:00 ALREADY_WRITTEN: Already handled candle 2026-06-24T02:45:00+00:00; mode=live; export=2026-06-24T02:51:44+00:00; candle=2026-06-24T02:45:00+00:00
2026-06-24T02:52:25.956291+00:00 ALREADY_WRITTEN: Already handled candle 2026-06-24T02:45:00+00:00; mode=live; export=2026-06-24T02:52:14+00:00; candle=2026-06-24T02:45:00+00:00
2026-06-24T02:52:37.869356+00:00 ALREADY_WRITTEN: Already handled candle 2026-06-24T02:45:00+00:00; mode=live; export=2026-06-24T02:52:14+00:00; candle=2026-06-24T02:45:00+00:00
2026-06-24T02:52:56.032125+00:00 ALREADY_WRITTEN: Already handled candle 2026-06-24T02:45:00+00:00; mode=live; export=2026-06-24T02:52:44+00:00; candle=2026-06-24T02:45:00+00:00
2026-06-24T02:53:07.946757+00:00 ALREADY_WRITTEN: Already handled candle 2026-06-24T02:45:00+00:00; mode=live; export=2026-06-24T02:52:44+00:00; candle=2026-06-24T02:45:00+00:00
2026-06-24T02:53:26.114392+00:00 ALREADY_WRITTEN: Already handled candle 2026-06-24T02:45:00+00:00; mode=live; export=2026-06-24T02:53:14+00:00; candle=2026-06-24T02:45:00+00:00
2026-06-24T02:53:38.032679+00:00 ALREADY_WRITTEN: Already handled candle 2026-06-24T02:45:00+00:00; mode=live; export=2026-06-24T02:53:14+00:00; candle=2026-06-24T02:45:00+00:00
2026-06-24T02:53:56.191647+00:00 ALREADY_WRITTEN: Already handled candle 2026-06-24T02:45:00+00:00; mode=live; export=2026-06-24T02:53:44+00:00; candle=2026-06-24T02:45:00+00:00
2026-06-24T02:54:08.111053+00:00 ALREADY_WRITTEN: Already handled candle 2026-06-24T02:45:00+00:00; mode=live; export=2026-06-24T02:53:44+00:00; candle=2026-06-24T02:45:00+00:00
2026-06-24T02:54:26.268792+00:00 ALREADY_WRITTEN: Already handled candle 2026-06-24T02:45:00+00:00; mode=live; export=2026-06-24T02:54:14+00:00; candle=2026-06-24T02:45:00+00:00
2026-06-24T02:54:38.193316+00:00 ALREADY_WRITTEN: Already handled candle 2026-06-24T02:45:00+00:00; mode=live; export=2026-06-24T02:54:14+00:00; candle=2026-06-24T02:45:00+00:00
2026-06-24T02:54:56.336623+00:00 ALREADY_WRITTEN: Already handled candle 2026-06-24T02:45:00+00:00; mode=live; export=2026-06-24T02:54:44+00:00; candle=2026-06-24T02:45:00+00:00
2026-06-24T02:55:08.261046+00:00 ALREADY_WRITTEN: Already handled candle 2026-06-24T02:45:00+00:00; mode=live; export=2026-06-24T02:54:44+00:00; candle=2026-06-24T02:45:00+00:00
2026-06-24T02:55:26.406191+00:00 WRITE_SPLIT: Writing split proposed orders: SELL EURUSD 2.25; BUY USDJPY 6.58 as 10 capped chunks; mode=live; export=2026-06-24T02:55:14+00:00; candle=2026-06-24T02:50:00+00:00
2026-06-24T02:55:38.344840+00:00 ALREADY_WRITTEN: Already handled candle 2026-06-24T02:50:00+00:00; mode=live; export=2026-06-24T02:55:14+00:00; candle=2026-06-24T02:50:00+00:00
2026-06-24T02:55:56.475382+00:00 ALREADY_WRITTEN: Already handled candle 2026-06-24T02:50:00+00:00; mode=live; export=2026-06-24T02:55:44+00:00; candle=2026-06-24T02:50:00+00:00
2026-06-24T02:56:08.428628+00:00 ALREADY_WRITTEN: Already handled candle 2026-06-24T02:50:00+00:00; mode=live; export=2026-06-24T02:55:44+00:00; candle=2026-06-24T02:50:00+00:00
2026-06-24T02:56:26.558019+00:00 ALREADY_WRITTEN: Already handled candle 2026-06-24T02:50:00+00:00; mode=live; export=2026-06-24T02:56:14+00:00; candle=2026-06-24T02:50:00+00:00
2026-06-24T02:56:38.515730+00:00 ALREADY_WRITTEN: Already handled candle 2026-06-24T02:50:00+00:00; mode=live; export=2026-06-24T02:56:14+00:00; candle=2026-06-24T02:50:00+00:00
2026-06-24T02:56:56.629856+00:00 ALREADY_WRITTEN: Already handled candle 2026-06-24T02:50:00+00:00; mode=live; export=2026-06-24T02:56:44+00:00; candle=2026-06-24T02:50:00+00:00
2026-06-24T02:57:08.603417+00:00 ALREADY_WRITTEN: Already handled candle 2026-06-24T02:50:00+00:00; mode=live; export=2026-06-24T02:56:44+00:00; candle=2026-06-24T02:50:00+00:00
2026-06-24T02:57:26.704358+00:00 ALREADY_WRITTEN: Already handled candle 2026-06-24T02:50:00+00:00; mode=live; export=2026-06-24T02:57:14+00:00; candle=2026-06-24T02:50:00+00:00
2026-06-24T02:57:38.689183+00:00 ALREADY_WRITTEN: Already handled candle 2026-06-24T02:50:00+00:00; mode=live; export=2026-06-24T02:57:14+00:00; candle=2026-06-24T02:50:00+00:00
2026-06-24T02:57:56.784885+00:00 ALREADY_WRITTEN: Already handled candle 2026-06-24T02:50:00+00:00; mode=live; export=2026-06-24T02:57:44+00:00; candle=2026-06-24T02:50:00+00:00
2026-06-24T02:58:08.774931+00:00 ALREADY_WRITTEN: Already handled candle 2026-06-24T02:50:00+00:00; mode=live; export=2026-06-24T02:57:44+00:00; candle=2026-06-24T02:50:00+00:00
2026-06-24T02:58:26.845303+00:00 ALREADY_WRITTEN: Already handled candle 2026-06-24T02:50:00+00:00; mode=live; export=2026-06-24T02:58:14+00:00; candle=2026-06-24T02:50:00+00:00
2026-06-24T02:58:38.859437+00:00 ALREADY_WRITTEN: Already handled candle 2026-06-24T02:50:00+00:00; mode=live; export=2026-06-24T02:58:14+00:00; candle=2026-06-24T02:50:00+00:00
2026-06-24T02:58:56.927515+00:00 ALREADY_WRITTEN: Already handled candle 2026-06-24T02:50:00+00:00; mode=live; export=2026-06-24T02:58:44+00:00; candle=2026-06-24T02:50:00+00:00
2026-06-24T02:59:08.935409+00:00 ALREADY_WRITTEN: Already handled candle 2026-06-24T02:50:00+00:00; mode=live; export=2026-06-24T02:58:44+00:00; candle=2026-06-24T02:50:00+00:00
2026-06-24T02:59:27.003310+00:00 ALREADY_WRITTEN: Already handled candle 2026-06-24T02:50:00+00:00; mode=live; export=2026-06-24T02:59:14+00:00; candle=2026-06-24T02:50:00+00:00
2026-06-24T02:59:39.016416+00:00 ALREADY_WRITTEN: Already handled candle 2026-06-24T02:50:00+00:00; mode=live; export=2026-06-24T02:59:14+00:00; candle=2026-06-24T02:50:00+00:00
2026-06-24T02:59:57.078206+00:00 ALREADY_WRITTEN: Already handled candle 2026-06-24T02:50:00+00:00; mode=live; export=2026-06-24T02:59:44+00:00; candle=2026-06-24T02:50:00+00:00
2026-06-24T03:00:09.090396+00:00 ALREADY_WRITTEN: Already handled candle 2026-06-24T02:50:00+00:00; mode=live; export=2026-06-24T02:59:44+00:00; candle=2026-06-24T02:50:00+00:00
2026-06-24T03:00:27.159712+00:00 HOLD: No meaningful orders after tiny-churn filter; mode=live; export=2026-06-24T03:00:14+00:00; candle=2026-06-24T02:55:00+00:00
2026-06-24T03:00:39.178122+00:00 WRITE_SPLIT: Writing split proposed orders: SELL USDJPY 6.58 as 7 capped chunks; mode=live; export=2026-06-24T03:00:14+00:00; candle=2026-06-24T02:55:00+00:00
2026-06-24T03:00:57.236641+00:00 ALREADY_WRITTEN: Already handled candle 2026-06-24T02:55:00+00:00; mode=live; export=2026-06-24T03:00:44+00:00; candle=2026-06-24T02:55:00+00:00
2026-06-24T03:01:09.244844+00:00 ALREADY_WRITTEN: Already handled candle 2026-06-24T02:55:00+00:00; mode=live; export=2026-06-24T03:00:44+00:00; candle=2026-06-24T02:55:00+00:00
2026-06-24T03:01:27.315815+00:00 ALREADY_WRITTEN: Already handled candle 2026-06-24T02:55:00+00:00; mode=live; export=2026-06-24T03:01:14+00:00; candle=2026-06-24T02:55:00+00:00
2026-06-24T03:01:39.321930+00:00 ALREADY_WRITTEN: Already handled candle 2026-06-24T02:55:00+00:00; mode=live; export=2026-06-24T03:01:14+00:00; candle=2026-06-24T02:55:00+00:00
2026-06-24T03:01:57.394435+00:00 ALREADY_WRITTEN: Already handled candle 2026-06-24T02:55:00+00:00; mode=live; export=2026-06-24T03:01:44+00:00; candle=2026-06-24T02:55:00+00:00
2026-06-24T03:02:09.405112+00:00 ALREADY_WRITTEN: Already handled candle 2026-06-24T02:55:00+00:00; mode=live; export=2026-06-24T03:01:44+00:00; candle=2026-06-24T02:55:00+00:00
2026-06-24T03:02:27.476689+00:00 ALREADY_WRITTEN: Already handled candle 2026-06-24T02:55:00+00:00; mode=live; export=2026-06-24T03:02:14+00:00; candle=2026-06-24T02:55:00+00:00
2026-06-24T03:02:39.490708+00:00 ALREADY_WRITTEN: Already handled candle 2026-06-24T02:55:00+00:00; mode=live; export=2026-06-24T03:02:14+00:00; candle=2026-06-24T02:55:00+00:00
2026-06-24T03:02:57.549762+00:00 ALREADY_WRITTEN: Already handled candle 2026-06-24T02:55:00+00:00; mode=live; export=2026-06-24T03:02:44+00:00; candle=2026-06-24T02:55:00+00:00
2026-06-24T03:03:09.577055+00:00 ALREADY_WRITTEN: Already handled candle 2026-06-24T02:55:00+00:00; mode=live; export=2026-06-24T03:02:44+00:00; candle=2026-06-24T02:55:00+00:00
2026-06-24T03:03:27.632883+00:00 ALREADY_WRITTEN: Already handled candle 2026-06-24T02:55:00+00:00; mode=live; export=2026-06-24T03:03:14+00:00; candle=2026-06-24T02:55:00+00:00
2026-06-24T03:03:39.657291+00:00 ALREADY_WRITTEN: Already handled candle 2026-06-24T02:55:00+00:00; mode=live; export=2026-06-24T03:03:14+00:00; candle=2026-06-24T02:55:00+00:00
2026-06-24T03:03:57.708022+00:00 ALREADY_WRITTEN: Already handled candle 2026-06-24T02:55:00+00:00; mode=live; export=2026-06-24T03:03:44+00:00; candle=2026-06-24T02:55:00+00:00
2026-06-24T03:04:09.727556+00:00 ALREADY_WRITTEN: Already handled candle 2026-06-24T02:55:00+00:00; mode=live; export=2026-06-24T03:03:44+00:00; candle=2026-06-24T02:55:00+00:00
2026-06-24T03:04:27.781146+00:00 ALREADY_WRITTEN: Already handled candle 2026-06-24T02:55:00+00:00; mode=live; export=2026-06-24T03:04:14+00:00; candle=2026-06-24T02:55:00+00:00
2026-06-24T03:04:39.811553+00:00 ALREADY_WRITTEN: Already handled candle 2026-06-24T02:55:00+00:00; mode=live; export=2026-06-24T03:04:14+00:00; candle=2026-06-24T02:55:00+00:00
2026-06-24T03:04:57.846257+00:00 ALREADY_WRITTEN: Already handled candle 2026-06-24T02:55:00+00:00; mode=live; export=2026-06-24T03:04:44+00:00; candle=2026-06-24T02:55:00+00:00
2026-06-24T03:05:09.896280+00:00 ALREADY_WRITTEN: Already handled candle 2026-06-24T02:55:00+00:00; mode=live; export=2026-06-24T03:04:44+00:00; candle=2026-06-24T02:55:00+00:00
2026-06-24T03:05:27.905104+00:00 HOLD: No meaningful orders after tiny-churn filter; mode=live; export=2026-06-24T03:05:14+00:00; candle=2026-06-24T03:00:00+00:00
2026-06-24T03:05:39.984768+00:00 HOLD: No meaningful orders after tiny-churn filter; mode=live; export=2026-06-24T03:05:14+00:00; candle=2026-06-24T03:00:00+00:00
2026-06-24T03:05:57.984827+00:00 HOLD: No meaningful orders after tiny-churn filter; mode=live; export=2026-06-24T03:05:44+00:00; candle=2026-06-24T03:00:00+00:00
2026-06-24T03:06:10.066822+00:00 HOLD: No meaningful orders after tiny-churn filter; mode=live; export=2026-06-24T03:05:44+00:00; candle=2026-06-24T03:00:00+00:00
2026-06-24T03:06:28.067174+00:00 HOLD: No meaningful orders after tiny-churn filter; mode=live; export=2026-06-24T03:06:14+00:00; candle=2026-06-24T03:00:00+00:00
2026-06-24T03:06:40.155816+00:00 HOLD: No meaningful orders after tiny-churn filter; mode=live; export=2026-06-24T03:06:14+00:00; candle=2026-06-24T03:00:00+00:00
2026-06-24T03:06:58.137986+00:00 WRITE_SPLIT: Writing split proposed orders: BUY EURUSD 2.25 as 3 capped chunks; mode=live; export=2026-06-24T03:06:44+00:00; candle=2026-06-24T03:00:00+00:00
2026-06-24T03:07:10.239717+00:00 ALREADY_WRITTEN: Already handled candle 2026-06-24T03:00:00+00:00; mode=live; export=2026-06-24T03:06:44+00:00; candle=2026-06-24T03:00:00+00:00
2026-06-24T03:07:28.219125+00:00 ALREADY_WRITTEN: Already handled candle 2026-06-24T03:00:00+00:00; mode=live; export=2026-06-24T03:07:14+00:00; candle=2026-06-24T03:00:00+00:00
2026-06-24T03:07:40.313800+00:00 ALREADY_WRITTEN: Already handled candle 2026-06-24T03:00:00+00:00; mode=live; export=2026-06-24T03:07:14+00:00; candle=2026-06-24T03:00:00+00:00
2026-06-24T03:07:58.291488+00:00 ALREADY_WRITTEN: Already handled candle 2026-06-24T03:00:00+00:00; mode=live; export=2026-06-24T03:07:44+00:00; candle=2026-06-24T03:00:00+00:00
2026-06-24T03:08:10.386768+00:00 ALREADY_WRITTEN: Already handled candle 2026-06-24T03:00:00+00:00; mode=live; export=2026-06-24T03:07:44+00:00; candle=2026-06-24T03:00:00+00:00
2026-06-24T03:08:28.373459+00:00 ALREADY_WRITTEN: Already handled candle 2026-06-24T03:00:00+00:00; mode=live; export=2026-06-24T03:08:14+00:00; candle=2026-06-24T03:00:00+00:00
2026-06-24T03:08:40.462173+00:00 ALREADY_WRITTEN: Already handled candle 2026-06-24T03:00:00+00:00; mode=live; export=2026-06-24T03:08:14+00:00; candle=2026-06-24T03:00:00+00:00
2026-06-24T03:08:58.452001+00:00 ALREADY_WRITTEN: Already handled candle 2026-06-24T03:00:00+00:00; mode=live; export=2026-06-24T03:08:44+00:00; candle=2026-06-24T03:00:00+00:00
2026-06-24T03:09:10.548213+00:00 ALREADY_WRITTEN: Already handled candle 2026-06-24T03:00:00+00:00; mode=live; export=2026-06-24T03:08:44+00:00; candle=2026-06-24T03:00:00+00:00
2026-06-24T03:09:28.531952+00:00 ALREADY_WRITTEN: Already handled candle 2026-06-24T03:00:00+00:00; mode=live; export=2026-06-24T03:09:14+00:00; candle=2026-06-24T03:00:00+00:00
2026-06-24T03:09:40.632084+00:00 ALREADY_WRITTEN: Already handled candle 2026-06-24T03:00:00+00:00; mode=live; export=2026-06-24T03:09:14+00:00; candle=2026-06-24T03:00:00+00:00
2026-06-24T03:09:58.612266+00:00 ALREADY_WRITTEN: Already handled candle 2026-06-24T03:00:00+00:00; mode=live; export=2026-06-24T03:09:44+00:00; candle=2026-06-24T03:00:00+00:00
2026-06-24T03:10:10.713812+00:00 ALREADY_WRITTEN: Already handled candle 2026-06-24T03:00:00+00:00; mode=live; export=2026-06-24T03:09:44+00:00; candle=2026-06-24T03:00:00+00:00
2026-06-24T03:10:28.692891+00:00 WRITE_SPLIT: Writing split proposed orders: SELL EURUSD 2.25; SELL USDJPY 6.59 as 10 capped chunks; mode=live; export=2026-06-24T03:10:14+00:00; candle=2026-06-24T03:05:00+00:00
2026-06-24T03:10:40.790943+00:00 ALREADY_WRITTEN: Already handled candle 2026-06-24T03:05:00+00:00; mode=live; export=2026-06-24T03:10:14+00:00; candle=2026-06-24T03:05:00+00:00
2026-06-24T03:10:58.755833+00:00 ALREADY_WRITTEN: Already handled candle 2026-06-24T03:05:00+00:00; mode=live; export=2026-06-24T03:10:44+00:00; candle=2026-06-24T03:05:00+00:00
2026-06-24T03:11:10.866761+00:00 ALREADY_WRITTEN: Already handled candle 2026-06-24T03:05:00+00:00; mode=live; export=2026-06-24T03:10:44+00:00; candle=2026-06-24T03:05:00+00:00
2026-06-24T03:11:28.832507+00:00 ALREADY_WRITTEN: Already handled candle 2026-06-24T03:05:00+00:00; mode=live; export=2026-06-24T03:11:14+00:00; candle=2026-06-24T03:05:00+00:00
2026-06-24T03:11:40.952921+00:00 ALREADY_WRITTEN: Already handled candle 2026-06-24T03:05:00+00:00; mode=live; export=2026-06-24T03:11:14+00:00; candle=2026-06-24T03:05:00+00:00
2026-06-24T03:11:58.910137+00:00 ALREADY_WRITTEN: Already handled candle 2026-06-24T03:05:00+00:00; mode=live; export=2026-06-24T03:11:44+00:00; candle=2026-06-24T03:05:00+00:00
2026-06-24T03:12:11.040319+00:00 ALREADY_WRITTEN: Already handled candle 2026-06-24T03:05:00+00:00; mode=live; export=2026-06-24T03:11:44+00:00; candle=2026-06-24T03:05:00+00:00
2026-06-24T03:12:28.985391+00:00 ALREADY_WRITTEN: Already handled candle 2026-06-24T03:05:00+00:00; mode=live; export=2026-06-24T03:12:14+00:00; candle=2026-06-24T03:05:00+00:00
2026-06-24T03:12:41.113136+00:00 ALREADY_WRITTEN: Already handled candle 2026-06-24T03:05:00+00:00; mode=live; export=2026-06-24T03:12:14+00:00; candle=2026-06-24T03:05:00+00:00
2026-06-24T03:12:59.062405+00:00 ALREADY_WRITTEN: Already handled candle 2026-06-24T03:05:00+00:00; mode=live; export=2026-06-24T03:12:44+00:00; candle=2026-06-24T03:05:00+00:00
2026-06-24T03:13:11.190185+00:00 ALREADY_WRITTEN: Already handled candle 2026-06-24T03:05:00+00:00; mode=live; export=2026-06-24T03:12:44+00:00; candle=2026-06-24T03:05:00+00:00
2026-06-24T03:13:29.139013+00:00 ALREADY_WRITTEN: Already handled candle 2026-06-24T03:05:00+00:00; mode=live; export=2026-06-24T03:13:14+00:00; candle=2026-06-24T03:05:00+00:00
2026-06-24T03:13:41.273073+00:00 ALREADY_WRITTEN: Already handled candle 2026-06-24T03:05:00+00:00; mode=live; export=2026-06-24T03:13:14+00:00; candle=2026-06-24T03:05:00+00:00
2026-06-24T03:13:59.219308+00:00 ALREADY_WRITTEN: Already handled candle 2026-06-24T03:05:00+00:00; mode=live; export=2026-06-24T03:13:44+00:00; candle=2026-06-24T03:05:00+00:00
2026-06-24T03:14:11.356096+00:00 ALREADY_WRITTEN: Already handled candle 2026-06-24T03:05:00+00:00; mode=live; export=2026-06-24T03:13:44+00:00; candle=2026-06-24T03:05:00+00:00
2026-06-24T03:14:29.291617+00:00 ALREADY_WRITTEN: Already handled candle 2026-06-24T03:05:00+00:00; mode=live; export=2026-06-24T03:14:14+00:00; candle=2026-06-24T03:05:00+00:00
2026-06-24T03:14:41.424191+00:00 ALREADY_WRITTEN: Already handled candle 2026-06-24T03:05:00+00:00; mode=live; export=2026-06-24T03:14:14+00:00; candle=2026-06-24T03:05:00+00:00
2026-06-24T03:14:59.375273+00:00 ALREADY_WRITTEN: Already handled candle 2026-06-24T03:05:00+00:00; mode=live; export=2026-06-24T03:14:44+00:00; candle=2026-06-24T03:05:00+00:00
2026-06-24T03:15:11.502726+00:00 ALREADY_WRITTEN: Already handled candle 2026-06-24T03:05:00+00:00; mode=live; export=2026-06-24T03:14:44+00:00; candle=2026-06-24T03:05:00+00:00
2026-06-24T03:15:29.449089+00:00 HOLD: No meaningful orders after tiny-churn filter; mode=live; export=2026-06-24T03:15:14+00:00; candle=2026-06-24T03:10:00+00:00
2026-06-24T03:15:41.587050+00:00 HOLD: No meaningful orders after tiny-churn filter; mode=live; export=2026-06-24T03:15:14+00:00; candle=2026-06-24T03:10:00+00:00
2026-06-24T03:15:59.527784+00:00 HOLD: No meaningful orders after tiny-churn filter; mode=live; export=2026-06-24T03:15:44+00:00; candle=2026-06-24T03:10:00+00:00
2026-06-24T03:16:11.673199+00:00 HOLD: No meaningful orders after tiny-churn filter; mode=live; export=2026-06-24T03:15:44+00:00; candle=2026-06-24T03:10:00+00:00
2026-06-24T03:16:29.596148+00:00 HOLD: No meaningful orders after tiny-churn filter; mode=live; export=2026-06-24T03:16:14+00:00; candle=2026-06-24T03:10:00+00:00
2026-06-24T03:16:41.753757+00:00 HOLD: No meaningful orders after tiny-churn filter; mode=live; export=2026-06-24T03:16:14+00:00; candle=2026-06-24T03:10:00+00:00
2026-06-24T03:16:59.667545+00:00 HOLD: No meaningful orders after tiny-churn filter; mode=live; export=2026-06-24T03:16:44+00:00; candle=2026-06-24T03:10:00+00:00
2026-06-24T03:17:11.839474+00:00 HOLD: No meaningful orders after tiny-churn filter; mode=live; export=2026-06-24T03:16:44+00:00; candle=2026-06-24T03:10:00+00:00
2026-06-24T03:17:29.745618+00:00 WRITE_SPLIT: Writing split proposed orders: BUY EURUSD 2.25 as 3 capped chunks; mode=live; export=2026-06-24T03:17:14+00:00; candle=2026-06-24T03:10:00+00:00
2026-06-24T03:17:41.923758+00:00 ALREADY_WRITTEN: Already handled candle 2026-06-24T03:10:00+00:00; mode=live; export=2026-06-24T03:17:14+00:00; candle=2026-06-24T03:10:00+00:00
2026-06-24T03:17:59.806614+00:00 ALREADY_WRITTEN: Already handled candle 2026-06-24T03:10:00+00:00; mode=live; export=2026-06-24T03:17:44+00:00; candle=2026-06-24T03:10:00+00:00
2026-06-24T03:18:12.005334+00:00 ALREADY_WRITTEN: Already handled candle 2026-06-24T03:10:00+00:00; mode=live; export=2026-06-24T03:17:44+00:00; candle=2026-06-24T03:10:00+00:00
2026-06-24T03:18:29.884016+00:00 ALREADY_WRITTEN: Already handled candle 2026-06-24T03:10:00+00:00; mode=live; export=2026-06-24T03:18:14+00:00; candle=2026-06-24T03:10:00+00:00
2026-06-24T03:18:42.073045+00:00 ALREADY_WRITTEN: Already handled candle 2026-06-24T03:10:00+00:00; mode=live; export=2026-06-24T03:18:14+00:00; candle=2026-06-24T03:10:00+00:00
2026-06-24T03:18:59.959762+00:00 ALREADY_WRITTEN: Already handled candle 2026-06-24T03:10:00+00:00; mode=live; export=2026-06-24T03:18:44+00:00; candle=2026-06-24T03:10:00+00:00
2026-06-24T03:19:12.141341+00:00 ALREADY_WRITTEN: Already handled candle 2026-06-24T03:10:00+00:00; mode=live; export=2026-06-24T03:18:44+00:00; candle=2026-06-24T03:10:00+00:00
2026-06-24T03:19:30.027258+00:00 ALREADY_WRITTEN: Already handled candle 2026-06-24T03:10:00+00:00; mode=live; export=2026-06-24T03:19:14+00:00; candle=2026-06-24T03:10:00+00:00
2026-06-24T03:19:42.224330+00:00 ALREADY_WRITTEN: Already handled candle 2026-06-24T03:10:00+00:00; mode=live; export=2026-06-24T03:19:14+00:00; candle=2026-06-24T03:10:00+00:00
2026-06-24T03:20:00.098787+00:00 ALREADY_WRITTEN: Already handled candle 2026-06-24T03:10:00+00:00; mode=live; export=2026-06-24T03:19:44+00:00; candle=2026-06-24T03:10:00+00:00
2026-06-24T03:20:12.292173+00:00 ALREADY_WRITTEN: Already handled candle 2026-06-24T03:10:00+00:00; mode=live; export=2026-06-24T03:19:44+00:00; candle=2026-06-24T03:10:00+00:00
2026-06-24T03:20:30.170139+00:00 WRITE_SPLIT: Writing split proposed orders: SELL EURUSD 2.25; BUY USDJPY 6.59 as 10 capped chunks; mode=live; export=2026-06-24T03:20:14+00:00; candle=2026-06-24T03:15:00+00:00
2026-06-24T03:20:42.376376+00:00 ALREADY_WRITTEN: Already handled candle 2026-06-24T03:15:00+00:00; mode=live; export=2026-06-24T03:20:14+00:00; candle=2026-06-24T03:15:00+00:00
2026-06-24T03:21:00.248258+00:00 ALREADY_WRITTEN: Already handled candle 2026-06-24T03:15:00+00:00; mode=live; export=2026-06-24T03:20:44+00:00; candle=2026-06-24T03:15:00+00:00
2026-06-24T03:21:12.464659+00:00 ALREADY_WRITTEN: Already handled candle 2026-06-24T03:15:00+00:00; mode=live; export=2026-06-24T03:20:44+00:00; candle=2026-06-24T03:15:00+00:00
2026-06-24T03:21:30.324521+00:00 ALREADY_WRITTEN: Already handled candle 2026-06-24T03:15:00+00:00; mode=live; export=2026-06-24T03:21:14+00:00; candle=2026-06-24T03:15:00+00:00
2026-06-24T03:21:42.534683+00:00 ALREADY_WRITTEN: Already handled candle 2026-06-24T03:15:00+00:00; mode=live; export=2026-06-24T03:21:14+00:00; candle=2026-06-24T03:15:00+00:00
2026-06-24T03:22:00.388939+00:00 ALREADY_WRITTEN: Already handled candle 2026-06-24T03:15:00+00:00; mode=live; export=2026-06-24T03:21:44+00:00; candle=2026-06-24T03:15:00+00:00
2026-06-24T03:22:12.622867+00:00 ALREADY_WRITTEN: Already handled candle 2026-06-24T03:15:00+00:00; mode=live; export=2026-06-24T03:21:44+00:00; candle=2026-06-24T03:15:00+00:00
2026-06-24T03:22:30.471092+00:00 ALREADY_WRITTEN: Already handled candle 2026-06-24T03:15:00+00:00; mode=live; export=2026-06-24T03:22:14+00:00; candle=2026-06-24T03:15:00+00:00
2026-06-24T03:22:42.707135+00:00 ALREADY_WRITTEN: Already handled candle 2026-06-24T03:15:00+00:00; mode=live; export=2026-06-24T03:22:14+00:00; candle=2026-06-24T03:15:00+00:00
2026-06-24T03:23:00.542248+00:00 ALREADY_WRITTEN: Already handled candle 2026-06-24T03:15:00+00:00; mode=live; export=2026-06-24T03:22:44+00:00; candle=2026-06-24T03:15:00+00:00
2026-06-24T03:23:12.785919+00:00 ALREADY_WRITTEN: Already handled candle 2026-06-24T03:15:00+00:00; mode=live; export=2026-06-24T03:22:44+00:00; candle=2026-06-24T03:15:00+00:00
2026-06-24T03:23:30.616759+00:00 ALREADY_WRITTEN: Already handled candle 2026-06-24T03:15:00+00:00; mode=live; export=2026-06-24T03:23:14+00:00; candle=2026-06-24T03:15:00+00:00
2026-06-24T03:23:42.868934+00:00 ALREADY_WRITTEN: Already handled candle 2026-06-24T03:15:00+00:00; mode=live; export=2026-06-24T03:23:14+00:00; candle=2026-06-24T03:15:00+00:00
2026-06-24T03:24:00.683554+00:00 ALREADY_WRITTEN: Already handled candle 2026-06-24T03:15:00+00:00; mode=live; export=2026-06-24T03:23:44+00:00; candle=2026-06-24T03:15:00+00:00
2026-06-24T03:24:12.956596+00:00 ALREADY_WRITTEN: Already handled candle 2026-06-24T03:15:00+00:00; mode=live; export=2026-06-24T03:23:44+00:00; candle=2026-06-24T03:15:00+00:00
2026-06-24T03:24:30.757062+00:00 ALREADY_WRITTEN: Already handled candle 2026-06-24T03:15:00+00:00; mode=live; export=2026-06-24T03:24:14+00:00; candle=2026-06-24T03:15:00+00:00
2026-06-24T03:24:43.042744+00:00 ALREADY_WRITTEN: Already handled candle 2026-06-24T03:15:00+00:00; mode=live; export=2026-06-24T03:24:14+00:00; candle=2026-06-24T03:15:00+00:00
2026-06-24T03:25:00.833299+00:00 ALREADY_WRITTEN: Already handled candle 2026-06-24T03:15:00+00:00; mode=live; export=2026-06-24T03:24:44+00:00; candle=2026-06-24T03:15:00+00:00
2026-06-24T03:25:13.121704+00:00 ALREADY_WRITTEN: Already handled candle 2026-06-24T03:15:00+00:00; mode=live; export=2026-06-24T03:24:44+00:00; candle=2026-06-24T03:15:00+00:00
2026-06-24T03:25:30.911790+00:00 WRITE_SPLIT: Writing split proposed orders: BUY EURGBP 3.26; SELL USDJPY 6.58 as 11 capped chunks; mode=live; export=2026-06-24T03:25:14+00:00; candle=2026-06-24T03:20:00+00:00
2026-06-24T03:25:43.200030+00:00 ALREADY_WRITTEN: Already handled candle 2026-06-24T03:20:00+00:00; mode=live; export=2026-06-24T03:25:14+00:00; candle=2026-06-24T03:20:00+00:00
2026-06-24T03:26:00.990877+00:00 ALREADY_WRITTEN: Already handled candle 2026-06-24T03:20:00+00:00; mode=live; export=2026-06-24T03:25:44+00:00; candle=2026-06-24T03:20:00+00:00
2026-06-24T03:26:13.277298+00:00 ALREADY_WRITTEN: Already handled candle 2026-06-24T03:20:00+00:00; mode=live; export=2026-06-24T03:25:44+00:00; candle=2026-06-24T03:20:00+00:00
2026-06-24T03:26:31.073325+00:00 ALREADY_WRITTEN: Already handled candle 2026-06-24T03:20:00+00:00; mode=live; export=2026-06-24T03:26:14+00:00; candle=2026-06-24T03:20:00+00:00
2026-06-24T03:26:43.364281+00:00 ALREADY_WRITTEN: Already handled candle 2026-06-24T03:20:00+00:00; mode=live; export=2026-06-24T03:26:14+00:00; candle=2026-06-24T03:20:00+00:00
2026-06-24T03:27:01.145105+00:00 ALREADY_WRITTEN: Already handled candle 2026-06-24T03:20:00+00:00; mode=live; export=2026-06-24T03:26:44+00:00; candle=2026-06-24T03:20:00+00:00
2026-06-24T03:27:13.428668+00:00 ALREADY_WRITTEN: Already handled candle 2026-06-24T03:20:00+00:00; mode=live; export=2026-06-24T03:26:44+00:00; candle=2026-06-24T03:20:00+00:00
2026-06-24T03:27:31.214626+00:00 ALREADY_WRITTEN: Already handled candle 2026-06-24T03:20:00+00:00; mode=live; export=2026-06-24T03:27:14+00:00; candle=2026-06-24T03:20:00+00:00
2026-06-24T03:27:43.508226+00:00 ALREADY_WRITTEN: Already handled candle 2026-06-24T03:20:00+00:00; mode=live; export=2026-06-24T03:27:14+00:00; candle=2026-06-24T03:20:00+00:00
2026-06-24T03:28:01.287192+00:00 ALREADY_WRITTEN: Already handled candle 2026-06-24T03:20:00+00:00; mode=live; export=2026-06-24T03:27:44+00:00; candle=2026-06-24T03:20:00+00:00
2026-06-24T03:28:13.588772+00:00 ALREADY_WRITTEN: Already handled candle 2026-06-24T03:20:00+00:00; mode=live; export=2026-06-24T03:27:44+00:00; candle=2026-06-24T03:20:00+00:00
2026-06-24T03:28:31.364583+00:00 ALREADY_WRITTEN: Already handled candle 2026-06-24T03:20:00+00:00; mode=live; export=2026-06-24T03:28:14+00:00; candle=2026-06-24T03:20:00+00:00
2026-06-24T03:28:43.669826+00:00 ALREADY_WRITTEN: Already handled candle 2026-06-24T03:20:00+00:00; mode=live; export=2026-06-24T03:28:14+00:00; candle=2026-06-24T03:20:00+00:00
2026-06-24T03:29:01.427946+00:00 ALREADY_WRITTEN: Already handled candle 2026-06-24T03:20:00+00:00; mode=live; export=2026-06-24T03:28:44+00:00; candle=2026-06-24T03:20:00+00:00
2026-06-24T03:29:13.750253+00:00 ALREADY_WRITTEN: Already handled candle 2026-06-24T03:20:00+00:00; mode=live; export=2026-06-24T03:28:44+00:00; candle=2026-06-24T03:20:00+00:00
2026-06-24T03:29:31.504921+00:00 ALREADY_WRITTEN: Already handled candle 2026-06-24T03:20:00+00:00; mode=live; export=2026-06-24T03:29:14+00:00; candle=2026-06-24T03:20:00+00:00
2026-06-24T03:29:43.816509+00:00 ALREADY_WRITTEN: Already handled candle 2026-06-24T03:20:00+00:00; mode=live; export=2026-06-24T03:29:14+00:00; candle=2026-06-24T03:20:00+00:00
2026-06-24T03:30:01.580419+00:00 ALREADY_WRITTEN: Already handled candle 2026-06-24T03:20:00+00:00; mode=live; export=2026-06-24T03:29:44+00:00; candle=2026-06-24T03:20:00+00:00
2026-06-24T03:30:13.898827+00:00 ALREADY_WRITTEN: Already handled candle 2026-06-24T03:20:00+00:00; mode=live; export=2026-06-24T03:29:44+00:00; candle=2026-06-24T03:20:00+00:00
2026-06-24T03:30:31.662143+00:00 BLOCKED_TOTAL_SIZE: Total action 12.09 lots exceeds safety limit 12.00: SELL EURGBP 3.26; BUY EURUSD 2.25; BUY USDJPY 6.58; mode=live; export=2026-06-24T03:30:14+00:00; candle=2026-06-24T03:25:00+00:00
2026-06-24T03:30:43.978945+00:00 BLOCKED_TOTAL_SIZE: Total action 12.09 lots exceeds safety limit 12.00: SELL EURGBP 3.26; BUY EURUSD 2.25; BUY USDJPY 6.58; mode=live; export=2026-06-24T03:30:14+00:00; candle=2026-06-24T03:25:00+00:00
2026-06-24T03:31:01.725469+00:00 WRITE_SPLIT: Writing split proposed orders: SELL EURGBP 3.26; BUY USDJPY 6.58 as 11 capped chunks; mode=live; export=2026-06-24T03:30:44+00:00; candle=2026-06-24T03:25:00+00:00
2026-06-24T03:31:14.050310+00:00 ALREADY_WRITTEN: Already handled candle 2026-06-24T03:25:00+00:00; mode=live; export=2026-06-24T03:30:44+00:00; candle=2026-06-24T03:25:00+00:00
2026-06-24T03:31:31.807579+00:00 ALREADY_WRITTEN: Already handled candle 2026-06-24T03:25:00+00:00; mode=live; export=2026-06-24T03:31:14+00:00; candle=2026-06-24T03:25:00+00:00
2026-06-24T03:31:44.136438+00:00 ALREADY_WRITTEN: Already handled candle 2026-06-24T03:25:00+00:00; mode=live; export=2026-06-24T03:31:14+00:00; candle=2026-06-24T03:25:00+00:00
2026-06-24T03:32:01.884040+00:00 ALREADY_WRITTEN: Already handled candle 2026-06-24T03:25:00+00:00; mode=live; export=2026-06-24T03:31:44+00:00; candle=2026-06-24T03:25:00+00:00
2026-06-24T03:32:14.205255+00:00 ALREADY_WRITTEN: Already handled candle 2026-06-24T03:25:00+00:00; mode=live; export=2026-06-24T03:31:44+00:00; candle=2026-06-24T03:25:00+00:00
2026-06-24T03:32:31.959978+00:00 ALREADY_WRITTEN: Already handled candle 2026-06-24T03:25:00+00:00; mode=live; export=2026-06-24T03:32:14+00:00; candle=2026-06-24T03:25:00+00:00
2026-06-24T03:32:44.290832+00:00 ALREADY_WRITTEN: Already handled candle 2026-06-24T03:25:00+00:00; mode=live; export=2026-06-24T03:32:14+00:00; candle=2026-06-24T03:25:00+00:00
2026-06-24T03:33:02.039652+00:00 ALREADY_WRITTEN: Already handled candle 2026-06-24T03:25:00+00:00; mode=live; export=2026-06-24T03:32:44+00:00; candle=2026-06-24T03:25:00+00:00
2026-06-24T03:33:14.357988+00:00 ALREADY_WRITTEN: Already handled candle 2026-06-24T03:25:00+00:00; mode=live; export=2026-06-24T03:32:44+00:00; candle=2026-06-24T03:25:00+00:00
2026-06-24T03:33:32.119396+00:00 ALREADY_WRITTEN: Already handled candle 2026-06-24T03:25:00+00:00; mode=live; export=2026-06-24T03:33:14+00:00; candle=2026-06-24T03:25:00+00:00
2026-06-24T03:33:44.441103+00:00 ALREADY_WRITTEN: Already handled candle 2026-06-24T03:25:00+00:00; mode=live; export=2026-06-24T03:33:14+00:00; candle=2026-06-24T03:25:00+00:00
2026-06-24T03:34:02.184064+00:00 ALREADY_WRITTEN: Already handled candle 2026-06-24T03:25:00+00:00; mode=live; export=2026-06-24T03:33:44+00:00; candle=2026-06-24T03:25:00+00:00
2026-06-24T03:34:14.521388+00:00 ALREADY_WRITTEN: Already handled candle 2026-06-24T03:25:00+00:00; mode=live; export=2026-06-24T03:33:44+00:00; candle=2026-06-24T03:25:00+00:00
2026-06-24T03:34:32.265281+00:00 ALREADY_WRITTEN: Already handled candle 2026-06-24T03:25:00+00:00; mode=live; export=2026-06-24T03:34:14+00:00; candle=2026-06-24T03:25:00+00:00
2026-06-24T03:34:44.594106+00:00 ALREADY_WRITTEN: Already handled candle 2026-06-24T03:25:00+00:00; mode=live; export=2026-06-24T03:34:14+00:00; candle=2026-06-24T03:25:00+00:00
2026-06-24T03:35:02.346926+00:00 ALREADY_WRITTEN: Already handled candle 2026-06-24T03:25:00+00:00; mode=live; export=2026-06-24T03:34:44+00:00; candle=2026-06-24T03:25:00+00:00
2026-06-24T03:35:14.679135+00:00 ALREADY_WRITTEN: Already handled candle 2026-06-24T03:25:00+00:00; mode=live; export=2026-06-24T03:34:44+00:00; candle=2026-06-24T03:25:00+00:00
2026-06-24T03:35:32.418915+00:00 WRITE_SPLIT: Writing split proposed orders: BUY EURUSD 2.25 as 3 capped chunks; mode=live; export=2026-06-24T03:35:14+00:00; candle=2026-06-24T03:30:00+00:00
2026-06-24T03:35:44.756902+00:00 ALREADY_WRITTEN: Already handled candle 2026-06-24T03:30:00+00:00; mode=live; export=2026-06-24T03:35:14+00:00; candle=2026-06-24T03:30:00+00:00
2026-06-24T03:36:02.490930+00:00 ALREADY_WRITTEN: Already handled candle 2026-06-24T03:30:00+00:00; mode=live; export=2026-06-24T03:35:44+00:00; candle=2026-06-24T03:30:00+00:00
2026-06-24T03:36:14.841611+00:00 ALREADY_WRITTEN: Already handled candle 2026-06-24T03:30:00+00:00; mode=live; export=2026-06-24T03:36:14+00:00; candle=2026-06-24T03:30:00+00:00
2026-06-24T03:36:32.567522+00:00 ALREADY_WRITTEN: Already handled candle 2026-06-24T03:30:00+00:00; mode=live; export=2026-06-24T03:36:14+00:00; candle=2026-06-24T03:30:00+00:00
2026-06-24T03:36:44.927743+00:00 ALREADY_WRITTEN: Already handled candle 2026-06-24T03:30:00+00:00; mode=live; export=2026-06-24T03:36:44+00:00; candle=2026-06-24T03:30:00+00:00
2026-06-24T03:37:02.640286+00:00 ALREADY_WRITTEN: Already handled candle 2026-06-24T03:30:00+00:00; mode=live; export=2026-06-24T03:36:44+00:00; candle=2026-06-24T03:30:00+00:00
2026-06-24T03:37:15.006633+00:00 ALREADY_WRITTEN: Already handled candle 2026-06-24T03:30:00+00:00; mode=live; export=2026-06-24T03:37:14+00:00; candle=2026-06-24T03:30:00+00:00
2026-06-24T03:37:32.719217+00:00 ALREADY_WRITTEN: Already handled candle 2026-06-24T03:30:00+00:00; mode=live; export=2026-06-24T03:37:14+00:00; candle=2026-06-24T03:30:00+00:00
2026-06-24T03:37:45.070583+00:00 ALREADY_WRITTEN: Already handled candle 2026-06-24T03:30:00+00:00; mode=live; export=2026-06-24T03:37:44+00:00; candle=2026-06-24T03:30:00+00:00
2026-06-24T03:38:02.801161+00:00 ALREADY_WRITTEN: Already handled candle 2026-06-24T03:30:00+00:00; mode=live; export=2026-06-24T03:37:44+00:00; candle=2026-06-24T03:30:00+00:00
2026-06-24T03:38:15.145088+00:00 ALREADY_WRITTEN: Already handled candle 2026-06-24T03:30:00+00:00; mode=live; export=2026-06-24T03:38:14+00:00; candle=2026-06-24T03:30:00+00:00
2026-06-24T03:38:32.883638+00:00 ALREADY_WRITTEN: Already handled candle 2026-06-24T03:30:00+00:00; mode=live; export=2026-06-24T03:38:14+00:00; candle=2026-06-24T03:30:00+00:00
2026-06-24T03:38:45.225455+00:00 ALREADY_WRITTEN: Already handled candle 2026-06-24T03:30:00+00:00; mode=live; export=2026-06-24T03:38:44+00:00; candle=2026-06-24T03:30:00+00:00
2026-06-24T03:39:02.965683+00:00 ALREADY_WRITTEN: Already handled candle 2026-06-24T03:30:00+00:00; mode=live; export=2026-06-24T03:38:44+00:00; candle=2026-06-24T03:30:00+00:00
2026-06-24T03:39:15.294525+00:00 ALREADY_WRITTEN: Already handled candle 2026-06-24T03:30:00+00:00; mode=live; export=2026-06-24T03:39:14+00:00; candle=2026-06-24T03:30:00+00:00
2026-06-24T03:39:33.042547+00:00 ALREADY_WRITTEN: Already handled candle 2026-06-24T03:30:00+00:00; mode=live; export=2026-06-24T03:39:14+00:00; candle=2026-06-24T03:30:00+00:00
2026-06-24T03:39:45.377109+00:00 ALREADY_WRITTEN: Already handled candle 2026-06-24T03:30:00+00:00; mode=live; export=2026-06-24T03:39:44+00:00; candle=2026-06-24T03:30:00+00:00
2026-06-24T03:40:03.118441+00:00 ALREADY_WRITTEN: Already handled candle 2026-06-24T03:30:00+00:00; mode=live; export=2026-06-24T03:39:44+00:00; candle=2026-06-24T03:30:00+00:00
2026-06-24T03:40:15.462762+00:00 ALREADY_WRITTEN: Already handled candle 2026-06-24T03:30:00+00:00; mode=live; export=2026-06-24T03:40:14+00:00; candle=2026-06-24T03:30:00+00:00
2026-06-24T03:40:33.190813+00:00 HOLD: No meaningful orders after tiny-churn filter; mode=live; export=2026-06-24T03:40:14+00:00; candle=2026-06-24T03:35:00+00:00
2026-06-24T03:40:45.540077+00:00 WRITE_SPLIT: Writing split proposed orders: SELL EURUSD 2.25 as 3 capped chunks; mode=live; export=2026-06-24T03:40:44+00:00; candle=2026-06-24T03:35:00+00:00
2026-06-24T03:41:03.266731+00:00 ALREADY_WRITTEN: Already handled candle 2026-06-24T03:35:00+00:00; mode=live; export=2026-06-24T03:40:44+00:00; candle=2026-06-24T03:35:00+00:00
2026-06-24T03:41:15.623109+00:00 ALREADY_WRITTEN: Already handled candle 2026-06-24T03:35:00+00:00; mode=live; export=2026-06-24T03:41:14+00:00; candle=2026-06-24T03:35:00+00:00
2026-06-24T03:41:33.340722+00:00 ALREADY_WRITTEN: Already handled candle 2026-06-24T03:35:00+00:00; mode=live; export=2026-06-24T03:41:14+00:00; candle=2026-06-24T03:35:00+00:00
2026-06-24T03:41:45.704526+00:00 ALREADY_WRITTEN: Already handled candle 2026-06-24T03:35:00+00:00; mode=live; export=2026-06-24T03:41:44+00:00; candle=2026-06-24T03:35:00+00:00
2026-06-24T03:42:03.419490+00:00 ALREADY_WRITTEN: Already handled candle 2026-06-24T03:35:00+00:00; mode=live; export=2026-06-24T03:41:44+00:00; candle=2026-06-24T03:35:00+00:00
2026-06-24T03:42:15.782421+00:00 ALREADY_WRITTEN: Already handled candle 2026-06-24T03:35:00+00:00; mode=live; export=2026-06-24T03:42:14+00:00; candle=2026-06-24T03:35:00+00:00
2026-06-24T03:42:33.502962+00:00 ALREADY_WRITTEN: Already handled candle 2026-06-24T03:35:00+00:00; mode=live; export=2026-06-24T03:42:14+00:00; candle=2026-06-24T03:35:00+00:00
2026-06-24T03:42:45.870419+00:00 ALREADY_WRITTEN: Already handled candle 2026-06-24T03:35:00+00:00; mode=live; export=2026-06-24T03:42:44+00:00; candle=2026-06-24T03:35:00+00:00
2026-06-24T03:43:03.586493+00:00 ALREADY_WRITTEN: Already handled candle 2026-06-24T03:35:00+00:00; mode=live; export=2026-06-24T03:42:44+00:00; candle=2026-06-24T03:35:00+00:00
2026-06-24T03:43:15.958214+00:00 ALREADY_WRITTEN: Already handled candle 2026-06-24T03:35:00+00:00; mode=live; export=2026-06-24T03:43:14+00:00; candle=2026-06-24T03:35:00+00:00
2026-06-24T03:43:33.664149+00:00 ALREADY_WRITTEN: Already handled candle 2026-06-24T03:35:00+00:00; mode=live; export=2026-06-24T03:43:14+00:00; candle=2026-06-24T03:35:00+00:00
2026-06-24T03:43:46.046813+00:00 ALREADY_WRITTEN: Already handled candle 2026-06-24T03:35:00+00:00; mode=live; export=2026-06-24T03:43:44+00:00; candle=2026-06-24T03:35:00+00:00
2026-06-24T03:44:03.733661+00:00 ALREADY_WRITTEN: Already handled candle 2026-06-24T03:35:00+00:00; mode=live; export=2026-06-24T03:43:44+00:00; candle=2026-06-24T03:35:00+00:00
2026-06-24T03:44:16.133594+00:00 ALREADY_WRITTEN: Already handled candle 2026-06-24T03:35:00+00:00; mode=live; export=2026-06-24T03:44:14+00:00; candle=2026-06-24T03:35:00+00:00
2026-06-24T03:44:33.817244+00:00 ALREADY_WRITTEN: Already handled candle 2026-06-24T03:35:00+00:00; mode=live; export=2026-06-24T03:44:14+00:00; candle=2026-06-24T03:35:00+00:00
2026-06-24T03:44:46.214190+00:00 ALREADY_WRITTEN: Already handled candle 2026-06-24T03:35:00+00:00; mode=live; export=2026-06-24T03:44:44+00:00; candle=2026-06-24T03:35:00+00:00
2026-06-24T03:45:03.898291+00:00 ALREADY_WRITTEN: Already handled candle 2026-06-24T03:35:00+00:00; mode=live; export=2026-06-24T03:44:44+00:00; candle=2026-06-24T03:35:00+00:00
2026-06-24T03:45:16.295937+00:00 ALREADY_WRITTEN: Already handled candle 2026-06-24T03:35:00+00:00; mode=live; export=2026-06-24T03:45:14+00:00; candle=2026-06-24T03:35:00+00:00
2026-06-24T03:45:33.976399+00:00 HOLD: No meaningful orders after tiny-churn filter; mode=live; export=2026-06-24T03:45:14+00:00; candle=2026-06-24T03:40:00+00:00
2026-06-24T03:45:46.377441+00:00 WRITE_SPLIT: Writing split proposed orders: SELL USDCHF 1.78 as 2 capped chunks; mode=live; export=2026-06-24T03:45:44+00:00; candle=2026-06-24T03:40:00+00:00
2026-06-24T03:46:04.052934+00:00 ALREADY_WRITTEN: Already handled candle 2026-06-24T03:40:00+00:00; mode=live; export=2026-06-24T03:45:44+00:00; candle=2026-06-24T03:40:00+00:00
2026-06-24T03:46:16.464248+00:00 ALREADY_WRITTEN: Already handled candle 2026-06-24T03:40:00+00:00; mode=live; export=2026-06-24T03:46:14+00:00; candle=2026-06-24T03:40:00+00:00
2026-06-24T03:46:34.137515+00:00 ALREADY_WRITTEN: Already handled candle 2026-06-24T03:40:00+00:00; mode=live; export=2026-06-24T03:46:14+00:00; candle=2026-06-24T03:40:00+00:00
2026-06-24T03:46:46.545861+00:00 ALREADY_WRITTEN: Already handled candle 2026-06-24T03:40:00+00:00; mode=live; export=2026-06-24T03:46:44+00:00; candle=2026-06-24T03:40:00+00:00
2026-06-24T03:47:04.211022+00:00 ALREADY_WRITTEN: Already handled candle 2026-06-24T03:40:00+00:00; mode=live; export=2026-06-24T03:46:44+00:00; candle=2026-06-24T03:40:00+00:00
2026-06-24T03:47:16.625896+00:00 ALREADY_WRITTEN: Already handled candle 2026-06-24T03:40:00+00:00; mode=live; export=2026-06-24T03:47:14+00:00; candle=2026-06-24T03:40:00+00:00
2026-06-24T03:47:34.293940+00:00 ALREADY_WRITTEN: Already handled candle 2026-06-24T03:40:00+00:00; mode=live; export=2026-06-24T03:47:14+00:00; candle=2026-06-24T03:40:00+00:00
2026-06-24T03:47:46.708251+00:00 ALREADY_WRITTEN: Already handled candle 2026-06-24T03:40:00+00:00; mode=live; export=2026-06-24T03:47:44+00:00; candle=2026-06-24T03:40:00+00:00
2026-06-24T03:48:04.375831+00:00 ALREADY_WRITTEN: Already handled candle 2026-06-24T03:40:00+00:00; mode=live; export=2026-06-24T03:47:44+00:00; candle=2026-06-24T03:40:00+00:00
2026-06-24T03:48:16.794624+00:00 ALREADY_WRITTEN: Already handled candle 2026-06-24T03:40:00+00:00; mode=live; export=2026-06-24T03:48:14+00:00; candle=2026-06-24T03:40:00+00:00
2026-06-24T03:48:34.457659+00:00 ALREADY_WRITTEN: Already handled candle 2026-06-24T03:40:00+00:00; mode=live; export=2026-06-24T03:48:14+00:00; candle=2026-06-24T03:40:00+00:00
2026-06-24T03:48:46.881655+00:00 ALREADY_WRITTEN: Already handled candle 2026-06-24T03:40:00+00:00; mode=live; export=2026-06-24T03:48:44+00:00; candle=2026-06-24T03:40:00+00:00
2026-06-24T03:49:04.536881+00:00 ALREADY_WRITTEN: Already handled candle 2026-06-24T03:40:00+00:00; mode=live; export=2026-06-24T03:48:44+00:00; candle=2026-06-24T03:40:00+00:00
2026-06-24T03:49:16.959161+00:00 ALREADY_WRITTEN: Already handled candle 2026-06-24T03:40:00+00:00; mode=live; export=2026-06-24T03:49:14+00:00; candle=2026-06-24T03:40:00+00:00
2026-06-24T03:49:34.618222+00:00 ALREADY_WRITTEN: Already handled candle 2026-06-24T03:40:00+00:00; mode=live; export=2026-06-24T03:49:14+00:00; candle=2026-06-24T03:40:00+00:00
2026-06-24T03:49:47.043583+00:00 ALREADY_WRITTEN: Already handled candle 2026-06-24T03:40:00+00:00; mode=live; export=2026-06-24T03:49:44+00:00; candle=2026-06-24T03:40:00+00:00
2026-06-24T03:50:04.698224+00:00 ALREADY_WRITTEN: Already handled candle 2026-06-24T03:40:00+00:00; mode=live; export=2026-06-24T03:49:44+00:00; candle=2026-06-24T03:40:00+00:00
2026-06-24T03:50:17.129721+00:00 ALREADY_WRITTEN: Already handled candle 2026-06-24T03:40:00+00:00; mode=live; export=2026-06-24T03:50:14+00:00; candle=2026-06-24T03:40:00+00:00
2026-06-24T03:50:34.774305+00:00 WRITE_SPLIT: Writing split proposed orders: BUY EURGBP 3.25; BUY USDCHF 1.78 as 6 capped chunks; mode=live; export=2026-06-24T03:50:14+00:00; candle=2026-06-24T03:45:00+00:00
2026-06-24T03:50:47.198636+00:00 ALREADY_WRITTEN: Already handled candle 2026-06-24T03:45:00+00:00; mode=live; export=2026-06-24T03:50:44+00:00; candle=2026-06-24T03:45:00+00:00
2026-06-24T03:51:04.847894+00:00 ALREADY_WRITTEN: Already handled candle 2026-06-24T03:45:00+00:00; mode=live; export=2026-06-24T03:50:44+00:00; candle=2026-06-24T03:45:00+00:00
2026-06-24T03:51:17.284544+00:00 ALREADY_WRITTEN: Already handled candle 2026-06-24T03:45:00+00:00; mode=live; export=2026-06-24T03:51:14+00:00; candle=2026-06-24T03:45:00+00:00
2026-06-24T03:51:34.929143+00:00 ALREADY_WRITTEN: Already handled candle 2026-06-24T03:45:00+00:00; mode=live; export=2026-06-24T03:51:14+00:00; candle=2026-06-24T03:45:00+00:00
2026-06-24T03:51:47.368393+00:00 ALREADY_WRITTEN: Already handled candle 2026-06-24T03:45:00+00:00; mode=live; export=2026-06-24T03:51:44+00:00; candle=2026-06-24T03:45:00+00:00
2026-06-24T03:52:05.002361+00:00 ALREADY_WRITTEN: Already handled candle 2026-06-24T03:45:00+00:00; mode=live; export=2026-06-24T03:51:44+00:00; candle=2026-06-24T03:45:00+00:00
2026-06-24T03:52:17.451053+00:00 ALREADY_WRITTEN: Already handled candle 2026-06-24T03:45:00+00:00; mode=live; export=2026-06-24T03:52:14+00:00; candle=2026-06-24T03:45:00+00:00
2026-06-24T03:52:35.078973+00:00 ALREADY_WRITTEN: Already handled candle 2026-06-24T03:45:00+00:00; mode=live; export=2026-06-24T03:52:14+00:00; candle=2026-06-24T03:45:00+00:00
2026-06-24T03:52:47.521538+00:00 ALREADY_WRITTEN: Already handled candle 2026-06-24T03:45:00+00:00; mode=live; export=2026-06-24T03:52:44+00:00; candle=2026-06-24T03:45:00+00:00
2026-06-24T03:53:05.149709+00:00 ALREADY_WRITTEN: Already handled candle 2026-06-24T03:45:00+00:00; mode=live; export=2026-06-24T03:52:44+00:00; candle=2026-06-24T03:45:00+00:00
2026-06-24T03:53:17.605242+00:00 ALREADY_WRITTEN: Already handled candle 2026-06-24T03:45:00+00:00; mode=live; export=2026-06-24T03:53:14+00:00; candle=2026-06-24T03:45:00+00:00
2026-06-24T03:53:35.226978+00:00 ALREADY_WRITTEN: Already handled candle 2026-06-24T03:45:00+00:00; mode=live; export=2026-06-24T03:53:14+00:00; candle=2026-06-24T03:45:00+00:00
2026-06-24T03:53:47.679450+00:00 ALREADY_WRITTEN: Already handled candle 2026-06-24T03:45:00+00:00; mode=live; export=2026-06-24T03:53:44+00:00; candle=2026-06-24T03:45:00+00:00
2026-06-24T03:54:05.309851+00:00 ALREADY_WRITTEN: Already handled candle 2026-06-24T03:45:00+00:00; mode=live; export=2026-06-24T03:53:44+00:00; candle=2026-06-24T03:45:00+00:00
2026-06-24T03:54:17.766583+00:00 ALREADY_WRITTEN: Already handled candle 2026-06-24T03:45:00+00:00; mode=live; export=2026-06-24T03:54:14+00:00; candle=2026-06-24T03:45:00+00:00
2026-06-24T03:54:35.389618+00:00 ALREADY_WRITTEN: Already handled candle 2026-06-24T03:45:00+00:00; mode=live; export=2026-06-24T03:54:14+00:00; candle=2026-06-24T03:45:00+00:00
2026-06-24T03:54:47.852305+00:00 ALREADY_WRITTEN: Already handled candle 2026-06-24T03:45:00+00:00; mode=live; export=2026-06-24T03:54:44+00:00; candle=2026-06-24T03:45:00+00:00
2026-06-24T03:55:05.471245+00:00 ALREADY_WRITTEN: Already handled candle 2026-06-24T03:45:00+00:00; mode=live; export=2026-06-24T03:54:44+00:00; candle=2026-06-24T03:45:00+00:00
2026-06-24T03:55:17.935830+00:00 ALREADY_WRITTEN: Already handled candle 2026-06-24T03:45:00+00:00; mode=live; export=2026-06-24T03:55:14+00:00; candle=2026-06-24T03:45:00+00:00
2026-06-24T03:55:35.547193+00:00 HOLD: No meaningful orders after tiny-churn filter; mode=live; export=2026-06-24T03:55:14+00:00; candle=2026-06-24T03:50:00+00:00
2026-06-24T03:55:48.026967+00:00 WRITE_SPLIT: Writing split proposed orders: SELL USDCHF 1.78 as 2 capped chunks; mode=live; export=2026-06-24T03:55:44+00:00; candle=2026-06-24T03:50:00+00:00
2026-06-24T03:56:05.629429+00:00 ALREADY_WRITTEN: Already handled candle 2026-06-24T03:50:00+00:00; mode=live; export=2026-06-24T03:55:44+00:00; candle=2026-06-24T03:50:00+00:00
2026-06-24T03:56:18.112592+00:00 ALREADY_WRITTEN: Already handled candle 2026-06-24T03:50:00+00:00; mode=live; export=2026-06-24T03:56:14+00:00; candle=2026-06-24T03:50:00+00:00
2026-06-24T03:56:35.710303+00:00 ALREADY_WRITTEN: Already handled candle 2026-06-24T03:50:00+00:00; mode=live; export=2026-06-24T03:56:14+00:00; candle=2026-06-24T03:50:00+00:00
2026-06-24T03:56:48.192132+00:00 ALREADY_WRITTEN: Already handled candle 2026-06-24T03:50:00+00:00; mode=live; export=2026-06-24T03:56:44+00:00; candle=2026-06-24T03:50:00+00:00
2026-06-24T03:57:05.782294+00:00 ALREADY_WRITTEN: Already handled candle 2026-06-24T03:50:00+00:00; mode=live; export=2026-06-24T03:56:44+00:00; candle=2026-06-24T03:50:00+00:00
2026-06-24T03:57:18.273325+00:00 ALREADY_WRITTEN: Already handled candle 2026-06-24T03:50:00+00:00; mode=live; export=2026-06-24T03:57:14+00:00; candle=2026-06-24T03:50:00+00:00
2026-06-24T03:57:35.863737+00:00 ALREADY_WRITTEN: Already handled candle 2026-06-24T03:50:00+00:00; mode=live; export=2026-06-24T03:57:14+00:00; candle=2026-06-24T03:50:00+00:00
2026-06-24T03:57:48.341609+00:00 ALREADY_WRITTEN: Already handled candle 2026-06-24T03:50:00+00:00; mode=live; export=2026-06-24T03:57:44+00:00; candle=2026-06-24T03:50:00+00:00
2026-06-24T03:58:05.947067+00:00 ALREADY_WRITTEN: Already handled candle 2026-06-24T03:50:00+00:00; mode=live; export=2026-06-24T03:57:44+00:00; candle=2026-06-24T03:50:00+00:00
2026-06-24T03:58:18.425142+00:00 ALREADY_WRITTEN: Already handled candle 2026-06-24T03:50:00+00:00; mode=live; export=2026-06-24T03:58:14+00:00; candle=2026-06-24T03:50:00+00:00
2026-06-24T03:58:36.019330+00:00 ALREADY_WRITTEN: Already handled candle 2026-06-24T03:50:00+00:00; mode=live; export=2026-06-24T03:58:14+00:00; candle=2026-06-24T03:50:00+00:00
2026-06-24T03:58:48.499121+00:00 ALREADY_WRITTEN: Already handled candle 2026-06-24T03:50:00+00:00; mode=live; export=2026-06-24T03:58:44+00:00; candle=2026-06-24T03:50:00+00:00
2026-06-24T03:59:06.100109+00:00 ALREADY_WRITTEN: Already handled candle 2026-06-24T03:50:00+00:00; mode=live; export=2026-06-24T03:58:44+00:00; candle=2026-06-24T03:50:00+00:00
2026-06-24T03:59:18.585598+00:00 ALREADY_WRITTEN: Already handled candle 2026-06-24T03:50:00+00:00; mode=live; export=2026-06-24T03:59:14+00:00; candle=2026-06-24T03:50:00+00:00
2026-06-24T03:59:36.177783+00:00 ALREADY_WRITTEN: Already handled candle 2026-06-24T03:50:00+00:00; mode=live; export=2026-06-24T03:59:14+00:00; candle=2026-06-24T03:50:00+00:00
2026-06-24T03:59:48.665125+00:00 ALREADY_WRITTEN: Already handled candle 2026-06-24T03:50:00+00:00; mode=live; export=2026-06-24T03:59:44+00:00; candle=2026-06-24T03:50:00+00:00
2026-06-24T04:00:06.251358+00:00 ALREADY_WRITTEN: Already handled candle 2026-06-24T03:50:00+00:00; mode=live; export=2026-06-24T03:59:44+00:00; candle=2026-06-24T03:50:00+00:00
2026-06-24T04:00:18.740671+00:00 ALREADY_WRITTEN: Already handled candle 2026-06-24T03:50:00+00:00; mode=live; export=2026-06-24T04:00:14+00:00; candle=2026-06-24T03:50:00+00:00
2026-06-24T04:00:36.318896+00:00 WRITE_SPLIT: Writing split proposed orders: BUY USDCHF 1.78 as 2 capped chunks; mode=live; export=2026-06-24T04:00:14+00:00; candle=2026-06-24T03:55:00+00:00
2026-06-24T04:00:48.826717+00:00 ALREADY_WRITTEN: Already handled candle 2026-06-24T03:55:00+00:00; mode=live; export=2026-06-24T04:00:44+00:00; candle=2026-06-24T03:55:00+00:00
2026-06-24T04:01:06.398935+00:00 ALREADY_WRITTEN: Already handled candle 2026-06-24T03:55:00+00:00; mode=live; export=2026-06-24T04:00:44+00:00; candle=2026-06-24T03:55:00+00:00
2026-06-24T04:01:18.909398+00:00 ALREADY_WRITTEN: Already handled candle 2026-06-24T03:55:00+00:00; mode=live; export=2026-06-24T04:01:14+00:00; candle=2026-06-24T03:55:00+00:00
2026-06-24T04:01:36.461050+00:00 ALREADY_WRITTEN: Already handled candle 2026-06-24T03:55:00+00:00; mode=live; export=2026-06-24T04:01:14+00:00; candle=2026-06-24T03:55:00+00:00
2026-06-24T04:01:48.990824+00:00 ALREADY_WRITTEN: Already handled candle 2026-06-24T03:55:00+00:00; mode=live; export=2026-06-24T04:01:44+00:00; candle=2026-06-24T03:55:00+00:00
2026-06-24T04:02:06.535520+00:00 ALREADY_WRITTEN: Already handled candle 2026-06-24T03:55:00+00:00; mode=live; export=2026-06-24T04:01:44+00:00; candle=2026-06-24T03:55:00+00:00
2026-06-24T04:02:19.068518+00:00 ALREADY_WRITTEN: Already handled candle 2026-06-24T03:55:00+00:00; mode=live; export=2026-06-24T04:02:14+00:00; candle=2026-06-24T03:55:00+00:00
2026-06-24T04:02:36.616105+00:00 ALREADY_WRITTEN: Already handled candle 2026-06-24T03:55:00+00:00; mode=live; export=2026-06-24T04:02:14+00:00; candle=2026-06-24T03:55:00+00:00
2026-06-24T04:02:49.145548+00:00 ALREADY_WRITTEN: Already handled candle 2026-06-24T03:55:00+00:00; mode=live; export=2026-06-24T04:02:44+00:00; candle=2026-06-24T03:55:00+00:00
2026-06-24T04:03:06.695633+00:00 ALREADY_WRITTEN: Already handled candle 2026-06-24T03:55:00+00:00; mode=live; export=2026-06-24T04:02:44+00:00; candle=2026-06-24T03:55:00+00:00
2026-06-24T04:03:19.209709+00:00 ALREADY_WRITTEN: Already handled candle 2026-06-24T03:55:00+00:00; mode=live; export=2026-06-24T04:03:14+00:00; candle=2026-06-24T03:55:00+00:00
2026-06-24T04:03:36.776111+00:00 ALREADY_WRITTEN: Already handled candle 2026-06-24T03:55:00+00:00; mode=live; export=2026-06-24T04:03:14+00:00; candle=2026-06-24T03:55:00+00:00
2026-06-24T04:03:49.296331+00:00 ALREADY_WRITTEN: Already handled candle 2026-06-24T03:55:00+00:00; mode=live; export=2026-06-24T04:03:44+00:00; candle=2026-06-24T03:55:00+00:00
2026-06-24T04:04:06.856979+00:00 ALREADY_WRITTEN: Already handled candle 2026-06-24T03:55:00+00:00; mode=live; export=2026-06-24T04:03:44+00:00; candle=2026-06-24T03:55:00+00:00
2026-06-24T04:04:19.381865+00:00 ALREADY_WRITTEN: Already handled candle 2026-06-24T03:55:00+00:00; mode=live; export=2026-06-24T04:04:14+00:00; candle=2026-06-24T03:55:00+00:00
2026-06-24T04:04:36.929488+00:00 ALREADY_WRITTEN: Already handled candle 2026-06-24T03:55:00+00:00; mode=live; export=2026-06-24T04:04:14+00:00; candle=2026-06-24T03:55:00+00:00
2026-06-24T04:04:49.465616+00:00 ALREADY_WRITTEN: Already handled candle 2026-06-24T03:55:00+00:00; mode=live; export=2026-06-24T04:04:44+00:00; candle=2026-06-24T03:55:00+00:00
2026-06-24T04:05:06.999823+00:00 ALREADY_WRITTEN: Already handled candle 2026-06-24T03:55:00+00:00; mode=live; export=2026-06-24T04:04:44+00:00; candle=2026-06-24T03:55:00+00:00
2026-06-24T04:05:19.544664+00:00 ALREADY_WRITTEN: Already handled candle 2026-06-24T03:55:00+00:00; mode=live; export=2026-06-24T04:05:14+00:00; candle=2026-06-24T03:55:00+00:00
2026-06-24T04:05:37.084549+00:00 WRITE_SPLIT: Writing split proposed orders: SELL EURGBP 3.25; BUY EURUSD 2.25 as 7 capped chunks; mode=live; export=2026-06-24T04:05:14+00:00; candle=2026-06-24T04:00:00+00:00
2026-06-24T04:05:49.626085+00:00 ALREADY_WRITTEN: Already handled candle 2026-06-24T04:00:00+00:00; mode=live; export=2026-06-24T04:05:44+00:00; candle=2026-06-24T04:00:00+00:00
2026-06-24T04:06:07.156605+00:00 ALREADY_WRITTEN: Already handled candle 2026-06-24T04:00:00+00:00; mode=live; export=2026-06-24T04:05:44+00:00; candle=2026-06-24T04:00:00+00:00
2026-06-24T04:06:19.711504+00:00 ALREADY_WRITTEN: Already handled candle 2026-06-24T04:00:00+00:00; mode=live; export=2026-06-24T04:06:14+00:00; candle=2026-06-24T04:00:00+00:00
2026-06-24T04:06:37.228211+00:00 ALREADY_WRITTEN: Already handled candle 2026-06-24T04:00:00+00:00; mode=live; export=2026-06-24T04:06:14+00:00; candle=2026-06-24T04:00:00+00:00
2026-06-24T04:06:49.792775+00:00 ALREADY_WRITTEN: Already handled candle 2026-06-24T04:00:00+00:00; mode=live; export=2026-06-24T04:06:44+00:00; candle=2026-06-24T04:00:00+00:00
2026-06-24T04:07:07.304526+00:00 ALREADY_WRITTEN: Already handled candle 2026-06-24T04:00:00+00:00; mode=live; export=2026-06-24T04:06:44+00:00; candle=2026-06-24T04:00:00+00:00
2026-06-24T04:07:19.874289+00:00 ALREADY_WRITTEN: Already handled candle 2026-06-24T04:00:00+00:00; mode=live; export=2026-06-24T04:07:14+00:00; candle=2026-06-24T04:00:00+00:00
2026-06-24T04:07:37.376727+00:00 ALREADY_WRITTEN: Already handled candle 2026-06-24T04:00:00+00:00; mode=live; export=2026-06-24T04:07:14+00:00; candle=2026-06-24T04:00:00+00:00
2026-06-24T04:07:49.959694+00:00 ALREADY_WRITTEN: Already handled candle 2026-06-24T04:00:00+00:00; mode=live; export=2026-06-24T04:07:44+00:00; candle=2026-06-24T04:00:00+00:00
2026-06-24T04:08:07.458342+00:00 ALREADY_WRITTEN: Already handled candle 2026-06-24T04:00:00+00:00; mode=live; export=2026-06-24T04:07:44+00:00; candle=2026-06-24T04:00:00+00:00
2026-06-24T04:08:20.038705+00:00 ALREADY_WRITTEN: Already handled candle 2026-06-24T04:00:00+00:00; mode=live; export=2026-06-24T04:08:14+00:00; candle=2026-06-24T04:00:00+00:00
2026-06-24T04:08:37.540070+00:00 ALREADY_WRITTEN: Already handled candle 2026-06-24T04:00:00+00:00; mode=live; export=2026-06-24T04:08:14+00:00; candle=2026-06-24T04:00:00+00:00
2026-06-24T04:08:50.124432+00:00 ALREADY_WRITTEN: Already handled candle 2026-06-24T04:00:00+00:00; mode=live; export=2026-06-24T04:08:44+00:00; candle=2026-06-24T04:00:00+00:00
2026-06-24T04:09:07.611703+00:00 ALREADY_WRITTEN: Already handled candle 2026-06-24T04:00:00+00:00; mode=live; export=2026-06-24T04:08:44+00:00; candle=2026-06-24T04:00:00+00:00
2026-06-24T04:09:20.208441+00:00 ALREADY_WRITTEN: Already handled candle 2026-06-24T04:00:00+00:00; mode=live; export=2026-06-24T04:09:14+00:00; candle=2026-06-24T04:00:00+00:00
2026-06-24T04:09:37.692247+00:00 ALREADY_WRITTEN: Already handled candle 2026-06-24T04:00:00+00:00; mode=live; export=2026-06-24T04:09:14+00:00; candle=2026-06-24T04:00:00+00:00
2026-06-24T04:09:50.266381+00:00 ALREADY_WRITTEN: Already handled candle 2026-06-24T04:00:00+00:00; mode=live; export=2026-06-24T04:09:44+00:00; candle=2026-06-24T04:00:00+00:00
2026-06-24T04:10:07.765815+00:00 ALREADY_WRITTEN: Already handled candle 2026-06-24T04:00:00+00:00; mode=live; export=2026-06-24T04:09:44+00:00; candle=2026-06-24T04:00:00+00:00
2026-06-24T04:10:20.350363+00:00 ALREADY_WRITTEN: Already handled candle 2026-06-24T04:00:00+00:00; mode=live; export=2026-06-24T04:10:14+00:00; candle=2026-06-24T04:00:00+00:00
2026-06-24T04:10:37.847541+00:00 WRITE_SPLIT: Writing split proposed orders: SELL EURUSD 2.25 as 3 capped chunks; mode=live; export=2026-06-24T04:10:14+00:00; candle=2026-06-24T04:05:00+00:00
2026-06-24T04:10:50.438871+00:00 ALREADY_WRITTEN: Already handled candle 2026-06-24T04:05:00+00:00; mode=live; export=2026-06-24T04:10:44+00:00; candle=2026-06-24T04:05:00+00:00
2026-06-24T04:11:07.918635+00:00 ALREADY_WRITTEN: Already handled candle 2026-06-24T04:05:00+00:00; mode=live; export=2026-06-24T04:10:44+00:00; candle=2026-06-24T04:05:00+00:00
2026-06-24T04:11:20.527126+00:00 ALREADY_WRITTEN: Already handled candle 2026-06-24T04:05:00+00:00; mode=live; export=2026-06-24T04:11:14+00:00; candle=2026-06-24T04:05:00+00:00
2026-06-24T04:11:37.999659+00:00 ALREADY_WRITTEN: Already handled candle 2026-06-24T04:05:00+00:00; mode=live; export=2026-06-24T04:11:14+00:00; candle=2026-06-24T04:05:00+00:00
2026-06-24T04:11:50.610652+00:00 ALREADY_WRITTEN: Already handled candle 2026-06-24T04:05:00+00:00; mode=live; export=2026-06-24T04:11:44+00:00; candle=2026-06-24T04:05:00+00:00
2026-06-24T04:12:08.081227+00:00 ALREADY_WRITTEN: Already handled candle 2026-06-24T04:05:00+00:00; mode=live; export=2026-06-24T04:11:44+00:00; candle=2026-06-24T04:05:00+00:00
2026-06-24T04:12:20.695763+00:00 ALREADY_WRITTEN: Already handled candle 2026-06-24T04:05:00+00:00; mode=live; export=2026-06-24T04:12:14+00:00; candle=2026-06-24T04:05:00+00:00
2026-06-24T04:12:38.163992+00:00 ALREADY_WRITTEN: Already handled candle 2026-06-24T04:05:00+00:00; mode=live; export=2026-06-24T04:12:14+00:00; candle=2026-06-24T04:05:00+00:00
2026-06-24T04:12:50.782975+00:00 ALREADY_WRITTEN: Already handled candle 2026-06-24T04:05:00+00:00; mode=live; export=2026-06-24T04:12:44+00:00; candle=2026-06-24T04:05:00+00:00
2026-06-24T04:13:08.245174+00:00 ALREADY_WRITTEN: Already handled candle 2026-06-24T04:05:00+00:00; mode=live; export=2026-06-24T04:12:44+00:00; candle=2026-06-24T04:05:00+00:00
2026-06-24T04:13:20.869367+00:00 ALREADY_WRITTEN: Already handled candle 2026-06-24T04:05:00+00:00; mode=live; export=2026-06-24T04:13:14+00:00; candle=2026-06-24T04:05:00+00:00
2026-06-24T04:13:38.326159+00:00 ALREADY_WRITTEN: Already handled candle 2026-06-24T04:05:00+00:00; mode=live; export=2026-06-24T04:13:14+00:00; candle=2026-06-24T04:05:00+00:00
2026-06-24T04:13:50.952885+00:00 ALREADY_WRITTEN: Already handled candle 2026-06-24T04:05:00+00:00; mode=live; export=2026-06-24T04:13:44+00:00; candle=2026-06-24T04:05:00+00:00
2026-06-24T04:14:08.407909+00:00 ALREADY_WRITTEN: Already handled candle 2026-06-24T04:05:00+00:00; mode=live; export=2026-06-24T04:13:44+00:00; candle=2026-06-24T04:05:00+00:00
2026-06-24T04:14:21.039974+00:00 ALREADY_WRITTEN: Already handled candle 2026-06-24T04:05:00+00:00; mode=live; export=2026-06-24T04:14:14+00:00; candle=2026-06-24T04:05:00+00:00
2026-06-24T04:14:38.477165+00:00 ALREADY_WRITTEN: Already handled candle 2026-06-24T04:05:00+00:00; mode=live; export=2026-06-24T04:14:14+00:00; candle=2026-06-24T04:05:00+00:00
2026-06-24T04:14:51.117491+00:00 ALREADY_WRITTEN: Already handled candle 2026-06-24T04:05:00+00:00; mode=live; export=2026-06-24T04:14:44+00:00; candle=2026-06-24T04:05:00+00:00
2026-06-24T04:15:08.555099+00:00 ALREADY_WRITTEN: Already handled candle 2026-06-24T04:05:00+00:00; mode=live; export=2026-06-24T04:14:44+00:00; candle=2026-06-24T04:05:00+00:00
2026-06-24T04:15:21.201900+00:00 ALREADY_WRITTEN: Already handled candle 2026-06-24T04:05:00+00:00; mode=live; export=2026-06-24T04:15:14+00:00; candle=2026-06-24T04:05:00+00:00
2026-06-24T04:15:38.636358+00:00 HOLD: No meaningful orders after tiny-churn filter; mode=live; export=2026-06-24T04:15:14+00:00; candle=2026-06-24T04:10:00+00:00
2026-06-24T04:15:51.279862+00:00 HOLD: No meaningful orders after tiny-churn filter; mode=live; export=2026-06-24T04:15:44+00:00; candle=2026-06-24T04:10:00+00:00
2026-06-24T04:16:08.723026+00:00 WRITE_SPLIT: Writing split proposed orders: BUY EURUSD 2.25 as 3 capped chunks; mode=live; export=2026-06-24T04:15:44+00:00; candle=2026-06-24T04:10:00+00:00
2026-06-24T04:16:21.350306+00:00 ALREADY_WRITTEN: Already handled candle 2026-06-24T04:10:00+00:00; mode=live; export=2026-06-24T04:16:14+00:00; candle=2026-06-24T04:10:00+00:00
2026-06-24T04:16:38.805539+00:00 ALREADY_WRITTEN: Already handled candle 2026-06-24T04:10:00+00:00; mode=live; export=2026-06-24T04:16:14+00:00; candle=2026-06-24T04:10:00+00:00
2026-06-24T04:16:51.434357+00:00 ALREADY_WRITTEN: Already handled candle 2026-06-24T04:10:00+00:00; mode=live; export=2026-06-24T04:16:44+00:00; candle=2026-06-24T04:10:00+00:00
2026-06-24T04:17:08.888443+00:00 ALREADY_WRITTEN: Already handled candle 2026-06-24T04:10:00+00:00; mode=live; export=2026-06-24T04:16:44+00:00; candle=2026-06-24T04:10:00+00:00
2026-06-24T04:17:21.520965+00:00 ALREADY_WRITTEN: Already handled candle 2026-06-24T04:10:00+00:00; mode=live; export=2026-06-24T04:17:14+00:00; candle=2026-06-24T04:10:00+00:00
2026-06-24T04:17:38.955281+00:00 ALREADY_WRITTEN: Already handled candle 2026-06-24T04:10:00+00:00; mode=live; export=2026-06-24T04:17:14+00:00; candle=2026-06-24T04:10:00+00:00
2026-06-24T04:17:51.592234+00:00 ALREADY_WRITTEN: Already handled candle 2026-06-24T04:10:00+00:00; mode=live; export=2026-06-24T04:17:44+00:00; candle=2026-06-24T04:10:00+00:00
2026-06-24T04:18:09.029380+00:00 ALREADY_WRITTEN: Already handled candle 2026-06-24T04:10:00+00:00; mode=live; export=2026-06-24T04:17:44+00:00; candle=2026-06-24T04:10:00+00:00
2026-06-24T04:18:21.674804+00:00 ALREADY_WRITTEN: Already handled candle 2026-06-24T04:10:00+00:00; mode=live; export=2026-06-24T04:18:14+00:00; candle=2026-06-24T04:10:00+00:00
2026-06-24T04:18:39.100863+00:00 ALREADY_WRITTEN: Already handled candle 2026-06-24T04:10:00+00:00; mode=live; export=2026-06-24T04:18:14+00:00; candle=2026-06-24T04:10:00+00:00
2026-06-24T04:18:51.754115+00:00 ALREADY_WRITTEN: Already handled candle 2026-06-24T04:10:00+00:00; mode=live; export=2026-06-24T04:18:44+00:00; candle=2026-06-24T04:10:00+00:00
2026-06-24T04:19:09.172409+00:00 ALREADY_WRITTEN: Already handled candle 2026-06-24T04:10:00+00:00; mode=live; export=2026-06-24T04:18:44+00:00; candle=2026-06-24T04:10:00+00:00
2026-06-24T04:19:21.830568+00:00 ALREADY_WRITTEN: Already handled candle 2026-06-24T04:10:00+00:00; mode=live; export=2026-06-24T04:19:14+00:00; candle=2026-06-24T04:10:00+00:00
2026-06-24T04:19:39.260153+00:00 ALREADY_WRITTEN: Already handled candle 2026-06-24T04:10:00+00:00; mode=live; export=2026-06-24T04:19:14+00:00; candle=2026-06-24T04:10:00+00:00
2026-06-24T04:19:51.917464+00:00 ALREADY_WRITTEN: Already handled candle 2026-06-24T04:10:00+00:00; mode=live; export=2026-06-24T04:19:44+00:00; candle=2026-06-24T04:10:00+00:00
2026-06-24T04:20:09.340239+00:00 ALREADY_WRITTEN: Already handled candle 2026-06-24T04:10:00+00:00; mode=live; export=2026-06-24T04:19:44+00:00; candle=2026-06-24T04:10:00+00:00
2026-06-24T04:20:22.002836+00:00 ALREADY_WRITTEN: Already handled candle 2026-06-24T04:10:00+00:00; mode=live; export=2026-06-24T04:20:14+00:00; candle=2026-06-24T04:10:00+00:00
2026-06-24T04:20:39.422607+00:00 WRITE_SPLIT: Writing split proposed orders: SELL EURUSD 2.25 as 3 capped chunks; mode=live; export=2026-06-24T04:20:14+00:00; candle=2026-06-24T04:15:00+00:00
2026-06-24T04:20:52.081250+00:00 ALREADY_WRITTEN: Already handled candle 2026-06-24T04:15:00+00:00; mode=live; export=2026-06-24T04:20:44+00:00; candle=2026-06-24T04:15:00+00:00
2026-06-24T04:21:09.493905+00:00 ALREADY_WRITTEN: Already handled candle 2026-06-24T04:15:00+00:00; mode=live; export=2026-06-24T04:20:44+00:00; candle=2026-06-24T04:15:00+00:00
2026-06-24T04:21:22.150016+00:00 ALREADY_WRITTEN: Already handled candle 2026-06-24T04:15:00+00:00; mode=live; export=2026-06-24T04:21:14+00:00; candle=2026-06-24T04:15:00+00:00
2026-06-24T04:21:39.574375+00:00 ALREADY_WRITTEN: Already handled candle 2026-06-24T04:15:00+00:00; mode=live; export=2026-06-24T04:21:14+00:00; candle=2026-06-24T04:15:00+00:00
2026-06-24T04:21:52.216394+00:00 ALREADY_WRITTEN: Already handled candle 2026-06-24T04:15:00+00:00; mode=live; export=2026-06-24T04:21:44+00:00; candle=2026-06-24T04:15:00+00:00
2026-06-24T04:22:09.652437+00:00 ALREADY_WRITTEN: Already handled candle 2026-06-24T04:15:00+00:00; mode=live; export=2026-06-24T04:21:44+00:00; candle=2026-06-24T04:15:00+00:00
2026-06-24T04:22:22.302342+00:00 ALREADY_WRITTEN: Already handled candle 2026-06-24T04:15:00+00:00; mode=live; export=2026-06-24T04:22:14+00:00; candle=2026-06-24T04:15:00+00:00
2026-06-24T04:22:39.729032+00:00 ALREADY_WRITTEN: Already handled candle 2026-06-24T04:15:00+00:00; mode=live; export=2026-06-24T04:22:14+00:00; candle=2026-06-24T04:15:00+00:00
2026-06-24T04:22:52.376785+00:00 ALREADY_WRITTEN: Already handled candle 2026-06-24T04:15:00+00:00; mode=live; export=2026-06-24T04:22:44+00:00; candle=2026-06-24T04:15:00+00:00
2026-06-24T04:23:09.798750+00:00 ALREADY_WRITTEN: Already handled candle 2026-06-24T04:15:00+00:00; mode=live; export=2026-06-24T04:22:44+00:00; candle=2026-06-24T04:15:00+00:00
2026-06-24T04:23:22.458662+00:00 ALREADY_WRITTEN: Already handled candle 2026-06-24T04:15:00+00:00; mode=live; export=2026-06-24T04:23:14+00:00; candle=2026-06-24T04:15:00+00:00
2026-06-24T04:23:39.880061+00:00 ALREADY_WRITTEN: Already handled candle 2026-06-24T04:15:00+00:00; mode=live; export=2026-06-24T04:23:14+00:00; candle=2026-06-24T04:15:00+00:00
2026-06-24T04:23:52.545386+00:00 ALREADY_WRITTEN: Already handled candle 2026-06-24T04:15:00+00:00; mode=live; export=2026-06-24T04:23:44+00:00; candle=2026-06-24T04:15:00+00:00
2026-06-24T04:24:09.962903+00:00 ALREADY_WRITTEN: Already handled candle 2026-06-24T04:15:00+00:00; mode=live; export=2026-06-24T04:23:44+00:00; candle=2026-06-24T04:15:00+00:00
2026-06-24T04:24:22.628884+00:00 ALREADY_WRITTEN: Already handled candle 2026-06-24T04:15:00+00:00; mode=live; export=2026-06-24T04:24:14+00:00; candle=2026-06-24T04:15:00+00:00
2026-06-24T04:24:40.039340+00:00 ALREADY_WRITTEN: Already handled candle 2026-06-24T04:15:00+00:00; mode=live; export=2026-06-24T04:24:14+00:00; candle=2026-06-24T04:15:00+00:00
2026-06-24T04:24:52.708751+00:00 ALREADY_WRITTEN: Already handled candle 2026-06-24T04:15:00+00:00; mode=live; export=2026-06-24T04:24:44+00:00; candle=2026-06-24T04:15:00+00:00
2026-06-24T04:25:10.107670+00:00 ALREADY_WRITTEN: Already handled candle 2026-06-24T04:15:00+00:00; mode=live; export=2026-06-24T04:24:44+00:00; candle=2026-06-24T04:15:00+00:00
2026-06-24T04:25:22.793737+00:00 ALREADY_WRITTEN: Already handled candle 2026-06-24T04:15:00+00:00; mode=live; export=2026-06-24T04:25:14+00:00; candle=2026-06-24T04:15:00+00:00
2026-06-24T04:25:40.181950+00:00 HOLD: No meaningful orders after tiny-churn filter; mode=live; export=2026-06-24T04:25:14+00:00; candle=2026-06-24T04:20:00+00:00
2026-06-24T04:25:52.871682+00:00 HOLD: No meaningful orders after tiny-churn filter; mode=live; export=2026-06-24T04:25:44+00:00; candle=2026-06-24T04:20:00+00:00
2026-06-24T04:26:10.263788+00:00 WRITE_SPLIT: Writing split proposed orders: BUY EURUSD 2.25 as 3 capped chunks; mode=live; export=2026-06-24T04:25:44+00:00; candle=2026-06-24T04:20:00+00:00
2026-06-24T04:26:22.957345+00:00 ALREADY_WRITTEN: Already handled candle 2026-06-24T04:20:00+00:00; mode=live; export=2026-06-24T04:26:14+00:00; candle=2026-06-24T04:20:00+00:00
2026-06-24T04:26:40.342965+00:00 ALREADY_WRITTEN: Already handled candle 2026-06-24T04:20:00+00:00; mode=live; export=2026-06-24T04:26:14+00:00; candle=2026-06-24T04:20:00+00:00
2026-06-24T04:26:53.042898+00:00 ALREADY_WRITTEN: Already handled candle 2026-06-24T04:20:00+00:00; mode=live; export=2026-06-24T04:26:44+00:00; candle=2026-06-24T04:20:00+00:00
2026-06-24T04:27:10.422690+00:00 ALREADY_WRITTEN: Already handled candle 2026-06-24T04:20:00+00:00; mode=live; export=2026-06-24T04:26:44+00:00; candle=2026-06-24T04:20:00+00:00
2026-06-24T04:27:23.116118+00:00 ALREADY_WRITTEN: Already handled candle 2026-06-24T04:20:00+00:00; mode=live; export=2026-06-24T04:27:14+00:00; candle=2026-06-24T04:20:00+00:00
2026-06-24T04:27:40.505197+00:00 ALREADY_WRITTEN: Already handled candle 2026-06-24T04:20:00+00:00; mode=live; export=2026-06-24T04:27:14+00:00; candle=2026-06-24T04:20:00+00:00
2026-06-24T04:27:53.200938+00:00 ALREADY_WRITTEN: Already handled candle 2026-06-24T04:20:00+00:00; mode=live; export=2026-06-24T04:27:44+00:00; candle=2026-06-24T04:20:00+00:00
2026-06-24T04:28:10.589126+00:00 ALREADY_WRITTEN: Already handled candle 2026-06-24T04:20:00+00:00; mode=live; export=2026-06-24T04:27:44+00:00; candle=2026-06-24T04:20:00+00:00
2026-06-24T04:28:23.284531+00:00 ALREADY_WRITTEN: Already handled candle 2026-06-24T04:20:00+00:00; mode=live; export=2026-06-24T04:28:14+00:00; candle=2026-06-24T04:20:00+00:00
2026-06-24T04:28:40.671201+00:00 ALREADY_WRITTEN: Already handled candle 2026-06-24T04:20:00+00:00; mode=live; export=2026-06-24T04:28:14+00:00; candle=2026-06-24T04:20:00+00:00
2026-06-24T04:28:53.369470+00:00 ALREADY_WRITTEN: Already handled candle 2026-06-24T04:20:00+00:00; mode=live; export=2026-06-24T04:28:44+00:00; candle=2026-06-24T04:20:00+00:00
2026-06-24T04:29:10.745548+00:00 ALREADY_WRITTEN: Already handled candle 2026-06-24T04:20:00+00:00; mode=live; export=2026-06-24T04:28:44+00:00; candle=2026-06-24T04:20:00+00:00
2026-06-24T04:29:23.455567+00:00 ALREADY_WRITTEN: Already handled candle 2026-06-24T04:20:00+00:00; mode=live; export=2026-06-24T04:29:14+00:00; candle=2026-06-24T04:20:00+00:00
2026-06-24T04:29:40.823670+00:00 ALREADY_WRITTEN: Already handled candle 2026-06-24T04:20:00+00:00; mode=live; export=2026-06-24T04:29:14+00:00; candle=2026-06-24T04:20:00+00:00
2026-06-24T04:29:53.537789+00:00 ALREADY_WRITTEN: Already handled candle 2026-06-24T04:20:00+00:00; mode=live; export=2026-06-24T04:29:44+00:00; candle=2026-06-24T04:20:00+00:00
2026-06-24T04:30:10.896920+00:00 ALREADY_WRITTEN: Already handled candle 2026-06-24T04:20:00+00:00; mode=live; export=2026-06-24T04:29:44+00:00; candle=2026-06-24T04:20:00+00:00
2026-06-24T04:30:23.627284+00:00 ALREADY_WRITTEN: Already handled candle 2026-06-24T04:20:00+00:00; mode=live; export=2026-06-24T04:30:14+00:00; candle=2026-06-24T04:20:00+00:00
2026-06-24T04:30:40.973975+00:00 WRITE_SPLIT: Writing split proposed orders: BUY EURGBP 3.26; SELL EURUSD 2.25 as 7 capped chunks; mode=live; export=2026-06-24T04:30:14+00:00; candle=2026-06-24T04:25:00+00:00
2026-06-24T04:30:53.712612+00:00 ALREADY_WRITTEN: Already handled candle 2026-06-24T04:25:00+00:00; mode=live; export=2026-06-24T04:30:44+00:00; candle=2026-06-24T04:25:00+00:00
2026-06-24T04:31:11.055772+00:00 ALREADY_WRITTEN: Already handled candle 2026-06-24T04:25:00+00:00; mode=live; export=2026-06-24T04:30:44+00:00; candle=2026-06-24T04:25:00+00:00
2026-06-24T04:31:23.798319+00:00 ALREADY_WRITTEN: Already handled candle 2026-06-24T04:25:00+00:00; mode=live; export=2026-06-24T04:31:14+00:00; candle=2026-06-24T04:25:00+00:00
2026-06-24T04:31:41.136123+00:00 ALREADY_WRITTEN: Already handled candle 2026-06-24T04:25:00+00:00; mode=live; export=2026-06-24T04:31:14+00:00; candle=2026-06-24T04:25:00+00:00
2026-06-24T04:31:53.871370+00:00 ALREADY_WRITTEN: Already handled candle 2026-06-24T04:25:00+00:00; mode=live; export=2026-06-24T04:31:44+00:00; candle=2026-06-24T04:25:00+00:00
2026-06-24T04:32:11.198675+00:00 ALREADY_WRITTEN: Already handled candle 2026-06-24T04:25:00+00:00; mode=live; export=2026-06-24T04:31:44+00:00; candle=2026-06-24T04:25:00+00:00
2026-06-24T04:32:23.951527+00:00 ALREADY_WRITTEN: Already handled candle 2026-06-24T04:25:00+00:00; mode=live; export=2026-06-24T04:32:14+00:00; candle=2026-06-24T04:25:00+00:00
2026-06-24T04:32:41.280326+00:00 ALREADY_WRITTEN: Already handled candle 2026-06-24T04:25:00+00:00; mode=live; export=2026-06-24T04:32:14+00:00; candle=2026-06-24T04:25:00+00:00
2026-06-24T04:32:54.035040+00:00 ALREADY_WRITTEN: Already handled candle 2026-06-24T04:25:00+00:00; mode=live; export=2026-06-24T04:32:44+00:00; candle=2026-06-24T04:25:00+00:00
2026-06-24T04:33:11.358587+00:00 ALREADY_WRITTEN: Already handled candle 2026-06-24T04:25:00+00:00; mode=live; export=2026-06-24T04:32:44+00:00; candle=2026-06-24T04:25:00+00:00
2026-06-24T04:33:24.110185+00:00 ALREADY_WRITTEN: Already handled candle 2026-06-24T04:25:00+00:00; mode=live; export=2026-06-24T04:33:14+00:00; candle=2026-06-24T04:25:00+00:00
2026-06-24T04:33:41.425532+00:00 ALREADY_WRITTEN: Already handled candle 2026-06-24T04:25:00+00:00; mode=live; export=2026-06-24T04:33:14+00:00; candle=2026-06-24T04:25:00+00:00
2026-06-24T04:33:54.189860+00:00 ALREADY_WRITTEN: Already handled candle 2026-06-24T04:25:00+00:00; mode=live; export=2026-06-24T04:33:44+00:00; candle=2026-06-24T04:25:00+00:00
2026-06-24T04:34:11.503233+00:00 ALREADY_WRITTEN: Already handled candle 2026-06-24T04:25:00+00:00; mode=live; export=2026-06-24T04:33:44+00:00; candle=2026-06-24T04:25:00+00:00
2026-06-24T04:34:24.273512+00:00 ALREADY_WRITTEN: Already handled candle 2026-06-24T04:25:00+00:00; mode=live; export=2026-06-24T04:34:14+00:00; candle=2026-06-24T04:25:00+00:00
2026-06-24T04:34:41.577223+00:00 ALREADY_WRITTEN: Already handled candle 2026-06-24T04:25:00+00:00; mode=live; export=2026-06-24T04:34:14+00:00; candle=2026-06-24T04:25:00+00:00
2026-06-24T04:34:54.360749+00:00 ALREADY_WRITTEN: Already handled candle 2026-06-24T04:25:00+00:00; mode=live; export=2026-06-24T04:34:44+00:00; candle=2026-06-24T04:25:00+00:00
2026-06-24T04:35:11.657495+00:00 ALREADY_WRITTEN: Already handled candle 2026-06-24T04:25:00+00:00; mode=live; export=2026-06-24T04:34:44+00:00; candle=2026-06-24T04:25:00+00:00
2026-06-24T04:35:24.433093+00:00 WRITE_SPLIT: Writing split proposed orders: SELL EURGBP 3.26 as 4 capped chunks; mode=live; export=2026-06-24T04:35:14+00:00; candle=2026-06-24T04:30:00+00:00
2026-06-24T04:35:41.739573+00:00 ALREADY_WRITTEN: Already handled candle 2026-06-24T04:30:00+00:00; mode=live; export=2026-06-24T04:35:14+00:00; candle=2026-06-24T04:30:00+00:00
2026-06-24T04:35:54.520409+00:00 ALREADY_WRITTEN: Already handled candle 2026-06-24T04:30:00+00:00; mode=live; export=2026-06-24T04:35:44+00:00; candle=2026-06-24T04:30:00+00:00
2026-06-24T04:36:11.821123+00:00 ALREADY_WRITTEN: Already handled candle 2026-06-24T04:30:00+00:00; mode=live; export=2026-06-24T04:35:44+00:00; candle=2026-06-24T04:30:00+00:00
2026-06-24T04:36:24.605627+00:00 ALREADY_WRITTEN: Already handled candle 2026-06-24T04:30:00+00:00; mode=live; export=2026-06-24T04:36:14+00:00; candle=2026-06-24T04:30:00+00:00
2026-06-24T04:36:41.904218+00:00 ALREADY_WRITTEN: Already handled candle 2026-06-24T04:30:00+00:00; mode=live; export=2026-06-24T04:36:14+00:00; candle=2026-06-24T04:30:00+00:00
2026-06-24T04:36:54.671424+00:00 ALREADY_WRITTEN: Already handled candle 2026-06-24T04:30:00+00:00; mode=live; export=2026-06-24T04:36:44+00:00; candle=2026-06-24T04:30:00+00:00
2026-06-24T04:37:11.988072+00:00 ALREADY_WRITTEN: Already handled candle 2026-06-24T04:30:00+00:00; mode=live; export=2026-06-24T04:36:44+00:00; candle=2026-06-24T04:30:00+00:00
2026-06-24T04:37:24.758671+00:00 ALREADY_WRITTEN: Already handled candle 2026-06-24T04:30:00+00:00; mode=live; export=2026-06-24T04:37:14+00:00; candle=2026-06-24T04:30:00+00:00
2026-06-24T04:37:42.070109+00:00 ALREADY_WRITTEN: Already handled candle 2026-06-24T04:30:00+00:00; mode=live; export=2026-06-24T04:37:14+00:00; candle=2026-06-24T04:30:00+00:00
2026-06-24T04:37:54.846396+00:00 ALREADY_WRITTEN: Already handled candle 2026-06-24T04:30:00+00:00; mode=live; export=2026-06-24T04:37:44+00:00; candle=2026-06-24T04:30:00+00:00
2026-06-24T04:38:12.140890+00:00 ALREADY_WRITTEN: Already handled candle 2026-06-24T04:30:00+00:00; mode=live; export=2026-06-24T04:37:44+00:00; candle=2026-06-24T04:30:00+00:00
2026-06-24T04:38:24.930035+00:00 ALREADY_WRITTEN: Already handled candle 2026-06-24T04:30:00+00:00; mode=live; export=2026-06-24T04:38:14+00:00; candle=2026-06-24T04:30:00+00:00
2026-06-24T04:38:42.222635+00:00 ALREADY_WRITTEN: Already handled candle 2026-06-24T04:30:00+00:00; mode=live; export=2026-06-24T04:38:14+00:00; candle=2026-06-24T04:30:00+00:00
2026-06-24T04:38:55.016140+00:00 ALREADY_WRITTEN: Already handled candle 2026-06-24T04:30:00+00:00; mode=live; export=2026-06-24T04:38:44+00:00; candle=2026-06-24T04:30:00+00:00
2026-06-24T04:39:12.298114+00:00 ALREADY_WRITTEN: Already handled candle 2026-06-24T04:30:00+00:00; mode=live; export=2026-06-24T04:38:44+00:00; candle=2026-06-24T04:30:00+00:00
2026-06-24T04:39:25.105041+00:00 ALREADY_WRITTEN: Already handled candle 2026-06-24T04:30:00+00:00; mode=live; export=2026-06-24T04:39:14+00:00; candle=2026-06-24T04:30:00+00:00
2026-06-24T04:39:42.379262+00:00 ALREADY_WRITTEN: Already handled candle 2026-06-24T04:30:00+00:00; mode=live; export=2026-06-24T04:39:14+00:00; candle=2026-06-24T04:30:00+00:00
2026-06-24T04:39:55.181727+00:00 ALREADY_WRITTEN: Already handled candle 2026-06-24T04:30:00+00:00; mode=live; export=2026-06-24T04:39:44+00:00; candle=2026-06-24T04:30:00+00:00
2026-06-24T04:40:12.456812+00:00 ALREADY_WRITTEN: Already handled candle 2026-06-24T04:30:00+00:00; mode=live; export=2026-06-24T04:39:44+00:00; candle=2026-06-24T04:30:00+00:00
2026-06-24T04:40:25.257616+00:00 HOLD: No meaningful orders after tiny-churn filter; mode=live; export=2026-06-24T04:40:14+00:00; candle=2026-06-24T04:35:00+00:00
2026-06-24T04:40:42.536325+00:00 HOLD: No meaningful orders after tiny-churn filter; mode=live; export=2026-06-24T04:40:14+00:00; candle=2026-06-24T04:35:00+00:00
2026-06-24T04:40:55.327744+00:00 HOLD: No meaningful orders after tiny-churn filter; mode=live; export=2026-06-24T04:40:44+00:00; candle=2026-06-24T04:35:00+00:00
2026-06-24T04:41:12.618079+00:00 HOLD: No meaningful orders after tiny-churn filter; mode=live; export=2026-06-24T04:40:44+00:00; candle=2026-06-24T04:35:00+00:00
2026-06-24T04:41:25.416142+00:00 HOLD: No meaningful orders after tiny-churn filter; mode=live; export=2026-06-24T04:41:14+00:00; candle=2026-06-24T04:35:00+00:00
2026-06-24T04:41:42.683801+00:00 HOLD: No meaningful orders after tiny-churn filter; mode=live; export=2026-06-24T04:41:14+00:00; candle=2026-06-24T04:35:00+00:00
2026-06-24T04:41:55.501250+00:00 HOLD: No meaningful orders after tiny-churn filter; mode=live; export=2026-06-24T04:41:44+00:00; candle=2026-06-24T04:35:00+00:00
2026-06-24T04:42:12.752202+00:00 HOLD: No meaningful orders after tiny-churn filter; mode=live; export=2026-06-24T04:41:44+00:00; candle=2026-06-24T04:35:00+00:00
2026-06-24T04:42:25.587521+00:00 HOLD: No meaningful orders after tiny-churn filter; mode=live; export=2026-06-24T04:42:14+00:00; candle=2026-06-24T04:35:00+00:00
2026-06-24T04:42:42.835300+00:00 HOLD: No meaningful orders after tiny-churn filter; mode=live; export=2026-06-24T04:42:14+00:00; candle=2026-06-24T04:35:00+00:00
2026-06-24T04:42:55.673448+00:00 HOLD: No meaningful orders after tiny-churn filter; mode=live; export=2026-06-24T04:42:44+00:00; candle=2026-06-24T04:35:00+00:00
2026-06-24T04:43:12.914741+00:00 HOLD: No meaningful orders after tiny-churn filter; mode=live; export=2026-06-24T04:42:44+00:00; candle=2026-06-24T04:35:00+00:00
2026-06-24T04:43:25.745938+00:00 HOLD: No meaningful orders after tiny-churn filter; mode=live; export=2026-06-24T04:43:14+00:00; candle=2026-06-24T04:35:00+00:00
2026-06-24T04:43:42.989041+00:00 HOLD: No meaningful orders after tiny-churn filter; mode=live; export=2026-06-24T04:43:14+00:00; candle=2026-06-24T04:35:00+00:00
2026-06-24T04:43:55.826595+00:00 HOLD: No meaningful orders after tiny-churn filter; mode=live; export=2026-06-24T04:43:44+00:00; candle=2026-06-24T04:35:00+00:00
2026-06-24T04:44:13.072542+00:00 HOLD: No meaningful orders after tiny-churn filter; mode=live; export=2026-06-24T04:43:44+00:00; candle=2026-06-24T04:35:00+00:00
2026-06-24T04:44:25.908166+00:00 HOLD: No meaningful orders after tiny-churn filter; mode=live; export=2026-06-24T04:44:14+00:00; candle=2026-06-24T04:35:00+00:00
2026-06-24T04:44:43.152420+00:00 HOLD: No meaningful orders after tiny-churn filter; mode=live; export=2026-06-24T04:44:14+00:00; candle=2026-06-24T04:35:00+00:00
2026-06-24T04:44:55.987339+00:00 HOLD: No meaningful orders after tiny-churn filter; mode=live; export=2026-06-24T04:44:44+00:00; candle=2026-06-24T04:35:00+00:00
2026-06-24T04:45:13.221132+00:00 HOLD: No meaningful orders after tiny-churn filter; mode=live; export=2026-06-24T04:44:44+00:00; candle=2026-06-24T04:35:00+00:00
2026-06-24T04:45:26.070101+00:00 HOLD: No meaningful orders after tiny-churn filter; mode=live; export=2026-06-24T04:45:14+00:00; candle=2026-06-24T04:40:00+00:00
2026-06-24T04:45:43.300208+00:00 HOLD: No meaningful orders after tiny-churn filter; mode=live; export=2026-06-24T04:45:14+00:00; candle=2026-06-24T04:40:00+00:00
2026-06-24T04:45:56.142508+00:00 HOLD: No meaningful orders after tiny-churn filter; mode=live; export=2026-06-24T04:45:44+00:00; candle=2026-06-24T04:40:00+00:00
2026-06-24T04:46:13.383173+00:00 HOLD: No meaningful orders after tiny-churn filter; mode=live; export=2026-06-24T04:45:44+00:00; candle=2026-06-24T04:40:00+00:00
2026-06-24T04:46:26.225806+00:00 HOLD: No meaningful orders after tiny-churn filter; mode=live; export=2026-06-24T04:46:14+00:00; candle=2026-06-24T04:40:00+00:00
2026-06-24T04:46:43.464911+00:00 HOLD: No meaningful orders after tiny-churn filter; mode=live; export=2026-06-24T04:46:14+00:00; candle=2026-06-24T04:40:00+00:00
2026-06-24T04:46:56.311262+00:00 HOLD: No meaningful orders after tiny-churn filter; mode=live; export=2026-06-24T04:46:44+00:00; candle=2026-06-24T04:40:00+00:00
2026-06-24T04:47:13.546648+00:00 HOLD: No meaningful orders after tiny-churn filter; mode=live; export=2026-06-24T04:46:44+00:00; candle=2026-06-24T04:40:00+00:00
2026-06-24T04:47:26.384835+00:00 HOLD: No meaningful orders after tiny-churn filter; mode=live; export=2026-06-24T04:47:14+00:00; candle=2026-06-24T04:40:00+00:00
2026-06-24T04:47:43.608138+00:00 HOLD: No meaningful orders after tiny-churn filter; mode=live; export=2026-06-24T04:47:14+00:00; candle=2026-06-24T04:40:00+00:00
2026-06-24T04:47:56.460378+00:00 HOLD: No meaningful orders after tiny-churn filter; mode=live; export=2026-06-24T04:47:44+00:00; candle=2026-06-24T04:40:00+00:00
2026-06-24T04:48:13.691908+00:00 HOLD: No meaningful orders after tiny-churn filter; mode=live; export=2026-06-24T04:47:44+00:00; candle=2026-06-24T04:40:00+00:00
2026-06-24T04:48:26.531154+00:00 HOLD: No meaningful orders after tiny-churn filter; mode=live; export=2026-06-24T04:48:14+00:00; candle=2026-06-24T04:40:00+00:00
2026-06-24T04:48:43.775575+00:00 HOLD: No meaningful orders after tiny-churn filter; mode=live; export=2026-06-24T04:48:14+00:00; candle=2026-06-24T04:40:00+00:00
2026-06-24T04:48:56.595095+00:00 HOLD: No meaningful orders after tiny-churn filter; mode=live; export=2026-06-24T04:48:44+00:00; candle=2026-06-24T04:40:00+00:00
2026-06-24T04:49:13.859328+00:00 HOLD: No meaningful orders after tiny-churn filter; mode=live; export=2026-06-24T04:48:44+00:00; candle=2026-06-24T04:40:00+00:00
2026-06-24T04:49:26.684213+00:00 HOLD: No meaningful orders after tiny-churn filter; mode=live; export=2026-06-24T04:49:14+00:00; candle=2026-06-24T04:40:00+00:00
2026-06-24T04:49:43.931553+00:00 HOLD: No meaningful orders after tiny-churn filter; mode=live; export=2026-06-24T04:49:14+00:00; candle=2026-06-24T04:40:00+00:00
2026-06-24T04:49:56.769547+00:00 HOLD: No meaningful orders after tiny-churn filter; mode=live; export=2026-06-24T04:49:44+00:00; candle=2026-06-24T04:40:00+00:00
2026-06-24T04:50:14.014390+00:00 HOLD: No meaningful orders after tiny-churn filter; mode=live; export=2026-06-24T04:49:44+00:00; candle=2026-06-24T04:40:00+00:00
2026-06-24T04:50:26.846893+00:00 HOLD: No meaningful orders after tiny-churn filter; mode=live; export=2026-06-24T04:50:14+00:00; candle=2026-06-24T04:45:00+00:00
2026-06-24T04:50:44.094243+00:00 HOLD: No meaningful orders after tiny-churn filter; mode=live; export=2026-06-24T04:50:14+00:00; candle=2026-06-24T04:45:00+00:00
2026-06-24T04:50:56.924098+00:00 HOLD: No meaningful orders after tiny-churn filter; mode=live; export=2026-06-24T04:50:44+00:00; candle=2026-06-24T04:45:00+00:00
2026-06-24T04:51:14.176928+00:00 HOLD: No meaningful orders after tiny-churn filter; mode=live; export=2026-06-24T04:50:44+00:00; candle=2026-06-24T04:45:00+00:00
2026-06-24T04:51:27.011616+00:00 HOLD: No meaningful orders after tiny-churn filter; mode=live; export=2026-06-24T04:51:14+00:00; candle=2026-06-24T04:45:00+00:00
2026-06-24T04:51:44.252572+00:00 HOLD: No meaningful orders after tiny-churn filter; mode=live; export=2026-06-24T04:51:14+00:00; candle=2026-06-24T04:45:00+00:00
2026-06-24T04:51:57.098135+00:00 HOLD: No meaningful orders after tiny-churn filter; mode=live; export=2026-06-24T04:51:44+00:00; candle=2026-06-24T04:45:00+00:00
2026-06-24T04:52:14.334876+00:00 HOLD: No meaningful orders after tiny-churn filter; mode=live; export=2026-06-24T04:51:44+00:00; candle=2026-06-24T04:45:00+00:00
2026-06-24T04:52:27.183289+00:00 HOLD: No meaningful orders after tiny-churn filter; mode=live; export=2026-06-24T04:52:14+00:00; candle=2026-06-24T04:45:00+00:00
2026-06-24T04:52:44.417999+00:00 HOLD: No meaningful orders after tiny-churn filter; mode=live; export=2026-06-24T04:52:14+00:00; candle=2026-06-24T04:45:00+00:00
2026-06-24T04:52:57.268685+00:00 HOLD: No meaningful orders after tiny-churn filter; mode=live; export=2026-06-24T04:52:44+00:00; candle=2026-06-24T04:45:00+00:00
2026-06-24T04:53:14.490892+00:00 HOLD: No meaningful orders after tiny-churn filter; mode=live; export=2026-06-24T04:52:44+00:00; candle=2026-06-24T04:45:00+00:00
2026-06-24T04:53:27.350231+00:00 HOLD: No meaningful orders after tiny-churn filter; mode=live; export=2026-06-24T04:53:14+00:00; candle=2026-06-24T04:45:00+00:00
2026-06-24T04:53:44.570704+00:00 HOLD: No meaningful orders after tiny-churn filter; mode=live; export=2026-06-24T04:53:14+00:00; candle=2026-06-24T04:45:00+00:00
2026-06-24T04:53:57.437164+00:00 HOLD: No meaningful orders after tiny-churn filter; mode=live; export=2026-06-24T04:53:44+00:00; candle=2026-06-24T04:45:00+00:00
2026-06-24T04:54:14.642122+00:00 HOLD: No meaningful orders after tiny-churn filter; mode=live; export=2026-06-24T04:53:44+00:00; candle=2026-06-24T04:45:00+00:00
2026-06-24T04:54:27.522838+00:00 HOLD: No meaningful orders after tiny-churn filter; mode=live; export=2026-06-24T04:54:14+00:00; candle=2026-06-24T04:45:00+00:00
2026-06-24T04:54:44.721008+00:00 HOLD: No meaningful orders after tiny-churn filter; mode=live; export=2026-06-24T04:54:14+00:00; candle=2026-06-24T04:45:00+00:00
2026-06-24T04:54:57.610259+00:00 HOLD: No meaningful orders after tiny-churn filter; mode=live; export=2026-06-24T04:54:44+00:00; candle=2026-06-24T04:45:00+00:00
2026-06-24T04:55:14.794218+00:00 HOLD: No meaningful orders after tiny-churn filter; mode=live; export=2026-06-24T04:55:14+00:00; candle=2026-06-24T04:45:00+00:00
2026-06-24T04:55:27.694175+00:00 HOLD: No meaningful orders after tiny-churn filter; mode=live; export=2026-06-24T04:55:14+00:00; candle=2026-06-24T04:50:00+00:00
2026-06-24T04:55:44.874613+00:00 WRITE_SPLIT: Writing split proposed orders: BUY EURUSD 2.25 as 3 capped chunks; mode=live; export=2026-06-24T04:55:44+00:00; candle=2026-06-24T04:50:00+00:00
2026-06-24T04:55:57.781613+00:00 ALREADY_WRITTEN: Already handled candle 2026-06-24T04:50:00+00:00; mode=live; export=2026-06-24T04:55:44+00:00; candle=2026-06-24T04:50:00+00:00
2026-06-24T04:56:14.948539+00:00 ALREADY_WRITTEN: Already handled candle 2026-06-24T04:50:00+00:00; mode=live; export=2026-06-24T04:56:14+00:00; candle=2026-06-24T04:50:00+00:00
2026-06-24T04:56:27.867772+00:00 ALREADY_WRITTEN: Already handled candle 2026-06-24T04:50:00+00:00; mode=live; export=2026-06-24T04:56:14+00:00; candle=2026-06-24T04:50:00+00:00
2026-06-24T04:56:45.030323+00:00 ALREADY_WRITTEN: Already handled candle 2026-06-24T04:50:00+00:00; mode=live; export=2026-06-24T04:56:44+00:00; candle=2026-06-24T04:50:00+00:00
2026-06-24T04:56:57.938806+00:00 ALREADY_WRITTEN: Already handled candle 2026-06-24T04:50:00+00:00; mode=live; export=2026-06-24T04:56:44+00:00; candle=2026-06-24T04:50:00+00:00
2026-06-24T04:57:15.106393+00:00 ALREADY_WRITTEN: Already handled candle 2026-06-24T04:50:00+00:00; mode=live; export=2026-06-24T04:57:14+00:00; candle=2026-06-24T04:50:00+00:00
2026-06-24T04:57:28.019900+00:00 ALREADY_WRITTEN: Already handled candle 2026-06-24T04:50:00+00:00; mode=live; export=2026-06-24T04:57:14+00:00; candle=2026-06-24T04:50:00+00:00
2026-06-24T04:57:45.182625+00:00 ALREADY_WRITTEN: Already handled candle 2026-06-24T04:50:00+00:00; mode=live; export=2026-06-24T04:57:44+00:00; candle=2026-06-24T04:50:00+00:00
2026-06-24T04:57:58.107921+00:00 ALREADY_WRITTEN: Already handled candle 2026-06-24T04:50:00+00:00; mode=live; export=2026-06-24T04:57:44+00:00; candle=2026-06-24T04:50:00+00:00
2026-06-24T04:58:15.251098+00:00 ALREADY_WRITTEN: Already handled candle 2026-06-24T04:50:00+00:00; mode=live; export=2026-06-24T04:58:14+00:00; candle=2026-06-24T04:50:00+00:00
2026-06-24T04:58:28.195395+00:00 ALREADY_WRITTEN: Already handled candle 2026-06-24T04:50:00+00:00; mode=live; export=2026-06-24T04:58:14+00:00; candle=2026-06-24T04:50:00+00:00
2026-06-24T04:58:45.329240+00:00 ALREADY_WRITTEN: Already handled candle 2026-06-24T04:50:00+00:00; mode=live; export=2026-06-24T04:58:44+00:00; candle=2026-06-24T04:50:00+00:00
2026-06-24T04:58:58.263489+00:00 ALREADY_WRITTEN: Already handled candle 2026-06-24T04:50:00+00:00; mode=live; export=2026-06-24T04:58:44+00:00; candle=2026-06-24T04:50:00+00:00
2026-06-24T04:59:15.414470+00:00 ALREADY_WRITTEN: Already handled candle 2026-06-24T04:50:00+00:00; mode=live; export=2026-06-24T04:59:14+00:00; candle=2026-06-24T04:50:00+00:00
2026-06-24T04:59:28.345237+00:00 ALREADY_WRITTEN: Already handled candle 2026-06-24T04:50:00+00:00; mode=live; export=2026-06-24T04:59:14+00:00; candle=2026-06-24T04:50:00+00:00
2026-06-24T04:59:45.495553+00:00 ALREADY_WRITTEN: Already handled candle 2026-06-24T04:50:00+00:00; mode=live; export=2026-06-24T04:59:44+00:00; candle=2026-06-24T04:50:00+00:00
2026-06-24T04:59:58.432730+00:00 ALREADY_WRITTEN: Already handled candle 2026-06-24T04:50:00+00:00; mode=live; export=2026-06-24T04:59:44+00:00; candle=2026-06-24T04:50:00+00:00
2026-06-24T05:00:15.564178+00:00 ALREADY_WRITTEN: Already handled candle 2026-06-24T04:50:00+00:00; mode=live; export=2026-06-24T05:00:14+00:00; candle=2026-06-24T04:50:00+00:00
2026-06-24T05:00:28.518913+00:00 WRITE_SPLIT: Writing split proposed orders: SELL EURUSD 2.25 as 3 capped chunks; mode=live; export=2026-06-24T05:00:14+00:00; candle=2026-06-24T04:55:00+00:00
2026-06-24T05:00:45.647782+00:00 ALREADY_WRITTEN: Already handled candle 2026-06-24T04:55:00+00:00; mode=live; export=2026-06-24T05:00:44+00:00; candle=2026-06-24T04:55:00+00:00
2026-06-24T05:00:58.607879+00:00 ALREADY_WRITTEN: Already handled candle 2026-06-24T04:55:00+00:00; mode=live; export=2026-06-24T05:00:44+00:00; candle=2026-06-24T04:55:00+00:00
2026-06-24T05:01:15.723178+00:00 ALREADY_WRITTEN: Already handled candle 2026-06-24T04:55:00+00:00; mode=live; export=2026-06-24T05:01:14+00:00; candle=2026-06-24T04:55:00+00:00
2026-06-24T05:01:28.694297+00:00 ALREADY_WRITTEN: Already handled candle 2026-06-24T04:55:00+00:00; mode=live; export=2026-06-24T05:01:14+00:00; candle=2026-06-24T04:55:00+00:00
2026-06-24T05:01:45.806078+00:00 ALREADY_WRITTEN: Already handled candle 2026-06-24T04:55:00+00:00; mode=live; export=2026-06-24T05:01:44+00:00; candle=2026-06-24T04:55:00+00:00
2026-06-24T05:01:58.759565+00:00 ALREADY_WRITTEN: Already handled candle 2026-06-24T04:55:00+00:00; mode=live; export=2026-06-24T05:01:44+00:00; candle=2026-06-24T04:55:00+00:00
2026-06-24T05:02:15.885108+00:00 ALREADY_WRITTEN: Already handled candle 2026-06-24T04:55:00+00:00; mode=live; export=2026-06-24T05:02:14+00:00; candle=2026-06-24T04:55:00+00:00
2026-06-24T05:02:28.853813+00:00 ALREADY_WRITTEN: Already handled candle 2026-06-24T04:55:00+00:00; mode=live; export=2026-06-24T05:02:14+00:00; candle=2026-06-24T04:55:00+00:00
2026-06-24T05:02:45.966297+00:00 ALREADY_WRITTEN: Already handled candle 2026-06-24T04:55:00+00:00; mode=live; export=2026-06-24T05:02:44+00:00; candle=2026-06-24T04:55:00+00:00
2026-06-24T05:02:58.942847+00:00 ALREADY_WRITTEN: Already handled candle 2026-06-24T04:55:00+00:00; mode=live; export=2026-06-24T05:02:44+00:00; candle=2026-06-24T04:55:00+00:00
2026-06-24T05:03:16.039926+00:00 ALREADY_WRITTEN: Already handled candle 2026-06-24T04:55:00+00:00; mode=live; export=2026-06-24T05:03:14+00:00; candle=2026-06-24T04:55:00+00:00
2026-06-24T05:03:29.028703+00:00 ALREADY_WRITTEN: Already handled candle 2026-06-24T04:55:00+00:00; mode=live; export=2026-06-24T05:03:14+00:00; candle=2026-06-24T04:55:00+00:00
2026-06-24T05:03:46.118050+00:00 ALREADY_WRITTEN: Already handled candle 2026-06-24T04:55:00+00:00; mode=live; export=2026-06-24T05:03:44+00:00; candle=2026-06-24T04:55:00+00:00
2026-06-24T05:03:59.114933+00:00 ALREADY_WRITTEN: Already handled candle 2026-06-24T04:55:00+00:00; mode=live; export=2026-06-24T05:03:44+00:00; candle=2026-06-24T04:55:00+00:00
2026-06-24T05:04:16.187227+00:00 ALREADY_WRITTEN: Already handled candle 2026-06-24T04:55:00+00:00; mode=live; export=2026-06-24T05:04:14+00:00; candle=2026-06-24T04:55:00+00:00
2026-06-24T05:04:29.189116+00:00 ALREADY_WRITTEN: Already handled candle 2026-06-24T04:55:00+00:00; mode=live; export=2026-06-24T05:04:14+00:00; candle=2026-06-24T04:55:00+00:00
2026-06-24T05:04:46.265832+00:00 ALREADY_WRITTEN: Already handled candle 2026-06-24T04:55:00+00:00; mode=live; export=2026-06-24T05:04:44+00:00; candle=2026-06-24T04:55:00+00:00
2026-06-24T05:04:59.272744+00:00 ALREADY_WRITTEN: Already handled candle 2026-06-24T04:55:00+00:00; mode=live; export=2026-06-24T05:04:44+00:00; candle=2026-06-24T04:55:00+00:00
2026-06-24T05:05:16.337124+00:00 ALREADY_WRITTEN: Already handled candle 2026-06-24T04:55:00+00:00; mode=live; export=2026-06-24T05:05:14+00:00; candle=2026-06-24T04:55:00+00:00
2026-06-24T05:05:29.348653+00:00 HOLD: No meaningful orders after tiny-churn filter; mode=live; export=2026-06-24T05:05:14+00:00; candle=2026-06-24T05:00:00+00:00
2026-06-24T05:05:46.418417+00:00 HOLD: No meaningful orders after tiny-churn filter; mode=live; export=2026-06-24T05:05:44+00:00; candle=2026-06-24T05:00:00+00:00
2026-06-24T05:05:59.428371+00:00 HOLD: No meaningful orders after tiny-churn filter; mode=live; export=2026-06-24T05:05:44+00:00; candle=2026-06-24T05:00:00+00:00
2026-06-24T05:06:16.500578+00:00 HOLD: No meaningful orders after tiny-churn filter; mode=live; export=2026-06-24T05:06:14+00:00; candle=2026-06-24T05:00:00+00:00
2026-06-24T05:06:29.514425+00:00 HOLD: No meaningful orders after tiny-churn filter; mode=live; export=2026-06-24T05:06:14+00:00; candle=2026-06-24T05:00:00+00:00
2026-06-24T05:06:46.580203+00:00 HOLD: No meaningful orders after tiny-churn filter; mode=live; export=2026-06-24T05:06:44+00:00; candle=2026-06-24T05:00:00+00:00
2026-06-24T05:06:59.588715+00:00 HOLD: No meaningful orders after tiny-churn filter; mode=live; export=2026-06-24T05:06:44+00:00; candle=2026-06-24T05:00:00+00:00
2026-06-24T05:07:16.662267+00:00 HOLD: No meaningful orders after tiny-churn filter; mode=live; export=2026-06-24T05:07:14+00:00; candle=2026-06-24T05:00:00+00:00
2026-06-24T05:07:29.673118+00:00 HOLD: No meaningful orders after tiny-churn filter; mode=live; export=2026-06-24T05:07:14+00:00; candle=2026-06-24T05:00:00+00:00
2026-06-24T05:07:46.745754+00:00 HOLD: No meaningful orders after tiny-churn filter; mode=live; export=2026-06-24T05:07:44+00:00; candle=2026-06-24T05:00:00+00:00
2026-06-24T05:07:59.760581+00:00 HOLD: No meaningful orders after tiny-churn filter; mode=live; export=2026-06-24T05:07:44+00:00; candle=2026-06-24T05:00:00+00:00
2026-06-24T05:08:16.818179+00:00 HOLD: No meaningful orders after tiny-churn filter; mode=live; export=2026-06-24T05:08:14+00:00; candle=2026-06-24T05:00:00+00:00
2026-06-24T05:08:29.847562+00:00 HOLD: No meaningful orders after tiny-churn filter; mode=live; export=2026-06-24T05:08:14+00:00; candle=2026-06-24T05:00:00+00:00
2026-06-24T05:08:46.893365+00:00 HOLD: No meaningful orders after tiny-churn filter; mode=live; export=2026-06-24T05:08:44+00:00; candle=2026-06-24T05:00:00+00:00
2026-06-24T05:08:59.918552+00:00 HOLD: No meaningful orders after tiny-churn filter; mode=live; export=2026-06-24T05:08:44+00:00; candle=2026-06-24T05:00:00+00:00
2026-06-24T05:09:16.955832+00:00 HOLD: No meaningful orders after tiny-churn filter; mode=live; export=2026-06-24T05:09:14+00:00; candle=2026-06-24T05:00:00+00:00
2026-06-24T05:09:30.004708+00:00 HOLD: No meaningful orders after tiny-churn filter; mode=live; export=2026-06-24T05:09:14+00:00; candle=2026-06-24T05:00:00+00:00
2026-06-24T05:09:47.041017+00:00 HOLD: No meaningful orders after tiny-churn filter; mode=live; export=2026-06-24T05:09:44+00:00; candle=2026-06-24T05:00:00+00:00
2026-06-24T05:10:00.087549+00:00 HOLD: No meaningful orders after tiny-churn filter; mode=live; export=2026-06-24T05:09:44+00:00; candle=2026-06-24T05:00:00+00:00
2026-06-24T05:10:17.113539+00:00 HOLD: No meaningful orders after tiny-churn filter; mode=live; export=2026-06-24T05:10:14+00:00; candle=2026-06-24T05:00:00+00:00
2026-06-24T05:10:30.163193+00:00 HOLD: No meaningful orders after tiny-churn filter; mode=live; export=2026-06-24T05:10:14+00:00; candle=2026-06-24T05:05:00+00:00
2026-06-24T05:10:47.196311+00:00 HOLD: No meaningful orders after tiny-churn filter; mode=live; export=2026-06-24T05:10:44+00:00; candle=2026-06-24T05:05:00+00:00
2026-06-24T05:11:00.243077+00:00 HOLD: No meaningful orders after tiny-churn filter; mode=live; export=2026-06-24T05:10:44+00:00; candle=2026-06-24T05:05:00+00:00
2026-06-24T05:11:17.271854+00:00 HOLD: No meaningful orders after tiny-churn filter; mode=live; export=2026-06-24T05:11:14+00:00; candle=2026-06-24T05:05:00+00:00
2026-06-24T05:11:30.325300+00:00 HOLD: No meaningful orders after tiny-churn filter; mode=live; export=2026-06-24T05:11:14+00:00; candle=2026-06-24T05:05:00+00:00
2026-06-24T05:11:47.352963+00:00 HOLD: No meaningful orders after tiny-churn filter; mode=live; export=2026-06-24T05:11:44+00:00; candle=2026-06-24T05:05:00+00:00
2026-06-24T05:12:00.393556+00:00 HOLD: No meaningful orders after tiny-churn filter; mode=live; export=2026-06-24T05:11:44+00:00; candle=2026-06-24T05:05:00+00:00
2026-06-24T05:12:17.431105+00:00 HOLD: No meaningful orders after tiny-churn filter; mode=live; export=2026-06-24T05:12:14+00:00; candle=2026-06-24T05:05:00+00:00
2026-06-24T05:12:30.477439+00:00 HOLD: No meaningful orders after tiny-churn filter; mode=live; export=2026-06-24T05:12:14+00:00; candle=2026-06-24T05:05:00+00:00
2026-06-24T05:12:47.509045+00:00 HOLD: No meaningful orders after tiny-churn filter; mode=live; export=2026-06-24T05:12:44+00:00; candle=2026-06-24T05:05:00+00:00
2026-06-24T05:13:00.564422+00:00 HOLD: No meaningful orders after tiny-churn filter; mode=live; export=2026-06-24T05:12:44+00:00; candle=2026-06-24T05:05:00+00:00
2026-06-24T05:13:17.590070+00:00 HOLD: No meaningful orders after tiny-churn filter; mode=live; export=2026-06-24T05:13:14+00:00; candle=2026-06-24T05:05:00+00:00
2026-06-24T05:13:30.642481+00:00 HOLD: No meaningful orders after tiny-churn filter; mode=live; export=2026-06-24T05:13:14+00:00; candle=2026-06-24T05:05:00+00:00
2026-06-24T05:13:47.672482+00:00 HOLD: No meaningful orders after tiny-churn filter; mode=live; export=2026-06-24T05:13:44+00:00; candle=2026-06-24T05:05:00+00:00
2026-06-24T05:14:00.730996+00:00 HOLD: No meaningful orders after tiny-churn filter; mode=live; export=2026-06-24T05:13:44+00:00; candle=2026-06-24T05:05:00+00:00
2026-06-24T05:14:17.751716+00:00 HOLD: No meaningful orders after tiny-churn filter; mode=live; export=2026-06-24T05:14:14+00:00; candle=2026-06-24T05:05:00+00:00
2026-06-24T05:14:30.817058+00:00 HOLD: No meaningful orders after tiny-churn filter; mode=live; export=2026-06-24T05:14:14+00:00; candle=2026-06-24T05:05:00+00:00
2026-06-24T05:14:47.833190+00:00 HOLD: No meaningful orders after tiny-churn filter; mode=live; export=2026-06-24T05:14:44+00:00; candle=2026-06-24T05:05:00+00:00
2026-06-24T05:15:00.903688+00:00 HOLD: No meaningful orders after tiny-churn filter; mode=live; export=2026-06-24T05:14:44+00:00; candle=2026-06-24T05:05:00+00:00
2026-06-24T05:15:17.917749+00:00 HOLD: No meaningful orders after tiny-churn filter; mode=live; export=2026-06-24T05:15:14+00:00; candle=2026-06-24T05:05:00+00:00
2026-06-24T05:15:30.979499+00:00 HOLD: No meaningful orders after tiny-churn filter; mode=live; export=2026-06-24T05:15:14+00:00; candle=2026-06-24T05:10:00+00:00
2026-06-24T05:15:48.001220+00:00 WRITE_SPLIT: Writing split proposed orders: BUY USDJPY 6.58 as 7 capped chunks; mode=live; export=2026-06-24T05:15:44+00:00; candle=2026-06-24T05:10:00+00:00
2026-06-24T05:16:01.050856+00:00 ALREADY_WRITTEN: Already handled candle 2026-06-24T05:10:00+00:00; mode=live; export=2026-06-24T05:15:44+00:00; candle=2026-06-24T05:10:00+00:00
2026-06-24T05:16:18.074135+00:00 ALREADY_WRITTEN: Already handled candle 2026-06-24T05:10:00+00:00; mode=live; export=2026-06-24T05:16:14+00:00; candle=2026-06-24T05:10:00+00:00
2026-06-24T05:16:31.130687+00:00 ALREADY_WRITTEN: Already handled candle 2026-06-24T05:10:00+00:00; mode=live; export=2026-06-24T05:16:14+00:00; candle=2026-06-24T05:10:00+00:00
2026-06-24T05:16:48.136665+00:00 ALREADY_WRITTEN: Already handled candle 2026-06-24T05:10:00+00:00; mode=live; export=2026-06-24T05:16:44+00:00; candle=2026-06-24T05:10:00+00:00
2026-06-24T05:17:01.217018+00:00 ALREADY_WRITTEN: Already handled candle 2026-06-24T05:10:00+00:00; mode=live; export=2026-06-24T05:16:44+00:00; candle=2026-06-24T05:10:00+00:00
2026-06-24T05:17:18.209720+00:00 ALREADY_WRITTEN: Already handled candle 2026-06-24T05:10:00+00:00; mode=live; export=2026-06-24T05:17:14+00:00; candle=2026-06-24T05:10:00+00:00
2026-06-24T05:17:31.298467+00:00 ALREADY_WRITTEN: Already handled candle 2026-06-24T05:10:00+00:00; mode=live; export=2026-06-24T05:17:14+00:00; candle=2026-06-24T05:10:00+00:00
2026-06-24T05:17:48.292563+00:00 ALREADY_WRITTEN: Already handled candle 2026-06-24T05:10:00+00:00; mode=live; export=2026-06-24T05:17:44+00:00; candle=2026-06-24T05:10:00+00:00
2026-06-24T05:18:01.384078+00:00 ALREADY_WRITTEN: Already handled candle 2026-06-24T05:10:00+00:00; mode=live; export=2026-06-24T05:17:44+00:00; candle=2026-06-24T05:10:00+00:00
2026-06-24T05:18:18.364793+00:00 ALREADY_WRITTEN: Already handled candle 2026-06-24T05:10:00+00:00; mode=live; export=2026-06-24T05:18:14+00:00; candle=2026-06-24T05:10:00+00:00
2026-06-24T05:18:31.459458+00:00 ALREADY_WRITTEN: Already handled candle 2026-06-24T05:10:00+00:00; mode=live; export=2026-06-24T05:18:14+00:00; candle=2026-06-24T05:10:00+00:00
2026-06-24T05:18:48.446536+00:00 ALREADY_WRITTEN: Already handled candle 2026-06-24T05:10:00+00:00; mode=live; export=2026-06-24T05:18:44+00:00; candle=2026-06-24T05:10:00+00:00
2026-06-24T05:19:01.543009+00:00 ALREADY_WRITTEN: Already handled candle 2026-06-24T05:10:00+00:00; mode=live; export=2026-06-24T05:18:44+00:00; candle=2026-06-24T05:10:00+00:00
2026-06-24T05:19:18.524366+00:00 ALREADY_WRITTEN: Already handled candle 2026-06-24T05:10:00+00:00; mode=live; export=2026-06-24T05:19:14+00:00; candle=2026-06-24T05:10:00+00:00
2026-06-24T05:19:31.631816+00:00 ALREADY_WRITTEN: Already handled candle 2026-06-24T05:10:00+00:00; mode=live; export=2026-06-24T05:19:14+00:00; candle=2026-06-24T05:10:00+00:00
2026-06-24T05:19:48.606480+00:00 ALREADY_WRITTEN: Already handled candle 2026-06-24T05:10:00+00:00; mode=live; export=2026-06-24T05:19:44+00:00; candle=2026-06-24T05:10:00+00:00
2026-06-24T05:20:01.715935+00:00 ALREADY_WRITTEN: Already handled candle 2026-06-24T05:10:00+00:00; mode=live; export=2026-06-24T05:19:44+00:00; candle=2026-06-24T05:10:00+00:00
2026-06-24T05:20:18.690129+00:00 ALREADY_WRITTEN: Already handled candle 2026-06-24T05:10:00+00:00; mode=live; export=2026-06-24T05:20:14+00:00; candle=2026-06-24T05:10:00+00:00
2026-06-24T05:20:31.790263+00:00 WRITE_SPLIT: Writing split proposed orders: SELL USDJPY 6.58 as 7 capped chunks; mode=live; export=2026-06-24T05:20:14+00:00; candle=2026-06-24T05:15:00+00:00
2026-06-24T05:20:48.768179+00:00 ALREADY_WRITTEN: Already handled candle 2026-06-24T05:15:00+00:00; mode=live; export=2026-06-24T05:20:44+00:00; candle=2026-06-24T05:15:00+00:00
2026-06-24T05:21:01.851594+00:00 ALREADY_WRITTEN: Already handled candle 2026-06-24T05:15:00+00:00; mode=live; export=2026-06-24T05:20:44+00:00; candle=2026-06-24T05:15:00+00:00
2026-06-24T05:21:18.867022+00:00 ALREADY_WRITTEN: Already handled candle 2026-06-24T05:15:00+00:00; mode=live; export=2026-06-24T05:21:14+00:00; candle=2026-06-24T05:15:00+00:00
2026-06-24T05:21:31.957337+00:00 ALREADY_WRITTEN: Already handled candle 2026-06-24T05:15:00+00:00; mode=live; export=2026-06-24T05:21:14+00:00; candle=2026-06-24T05:15:00+00:00
2026-06-24T05:21:48.960258+00:00 ALREADY_WRITTEN: Already handled candle 2026-06-24T05:15:00+00:00; mode=live; export=2026-06-24T05:21:44+00:00; candle=2026-06-24T05:15:00+00:00
2026-06-24T05:22:02.049879+00:00 ALREADY_WRITTEN: Already handled candle 2026-06-24T05:15:00+00:00; mode=live; export=2026-06-24T05:21:44+00:00; candle=2026-06-24T05:15:00+00:00
2026-06-24T05:22:19.041639+00:00 ALREADY_WRITTEN: Already handled candle 2026-06-24T05:15:00+00:00; mode=live; export=2026-06-24T05:22:14+00:00; candle=2026-06-24T05:15:00+00:00
2026-06-24T05:22:32.119473+00:00 ALREADY_WRITTEN: Already handled candle 2026-06-24T05:15:00+00:00; mode=live; export=2026-06-24T05:22:14+00:00; candle=2026-06-24T05:15:00+00:00
2026-06-24T05:22:49.123227+00:00 ALREADY_WRITTEN: Already handled candle 2026-06-24T05:15:00+00:00; mode=live; export=2026-06-24T05:22:44+00:00; candle=2026-06-24T05:15:00+00:00
2026-06-24T05:23:02.187106+00:00 ALREADY_WRITTEN: Already handled candle 2026-06-24T05:15:00+00:00; mode=live; export=2026-06-24T05:22:44+00:00; candle=2026-06-24T05:15:00+00:00
2026-06-24T05:23:19.202438+00:00 ALREADY_WRITTEN: Already handled candle 2026-06-24T05:15:00+00:00; mode=live; export=2026-06-24T05:23:14+00:00; candle=2026-06-24T05:15:00+00:00
2026-06-24T05:23:32.266830+00:00 ALREADY_WRITTEN: Already handled candle 2026-06-24T05:15:00+00:00; mode=live; export=2026-06-24T05:23:14+00:00; candle=2026-06-24T05:15:00+00:00
2026-06-24T05:23:49.276862+00:00 ALREADY_WRITTEN: Already handled candle 2026-06-24T05:15:00+00:00; mode=live; export=2026-06-24T05:23:44+00:00; candle=2026-06-24T05:15:00+00:00
2026-06-24T05:24:02.343594+00:00 ALREADY_WRITTEN: Already handled candle 2026-06-24T05:15:00+00:00; mode=live; export=2026-06-24T05:23:44+00:00; candle=2026-06-24T05:15:00+00:00
2026-06-24T05:24:19.356570+00:00 ALREADY_WRITTEN: Already handled candle 2026-06-24T05:15:00+00:00; mode=live; export=2026-06-24T05:24:14+00:00; candle=2026-06-24T05:15:00+00:00
2026-06-24T05:24:32.423004+00:00 ALREADY_WRITTEN: Already handled candle 2026-06-24T05:15:00+00:00; mode=live; export=2026-06-24T05:24:14+00:00; candle=2026-06-24T05:15:00+00:00
2026-06-24T05:24:49.431863+00:00 ALREADY_WRITTEN: Already handled candle 2026-06-24T05:15:00+00:00; mode=live; export=2026-06-24T05:24:44+00:00; candle=2026-06-24T05:15:00+00:00
2026-06-24T05:25:02.508791+00:00 ALREADY_WRITTEN: Already handled candle 2026-06-24T05:15:00+00:00; mode=live; export=2026-06-24T05:24:44+00:00; candle=2026-06-24T05:15:00+00:00
2026-06-24T05:25:19.502712+00:00 ALREADY_WRITTEN: Already handled candle 2026-06-24T05:15:00+00:00; mode=live; export=2026-06-24T05:25:14+00:00; candle=2026-06-24T05:15:00+00:00
2026-06-24T05:25:32.595244+00:00 WRITE_SPLIT: Writing split proposed orders: SELL USDJPY 6.59 as 7 capped chunks; mode=live; export=2026-06-24T05:25:14+00:00; candle=2026-06-24T05:20:00+00:00
2026-06-24T05:25:49.585706+00:00 ALREADY_WRITTEN: Already handled candle 2026-06-24T05:20:00+00:00; mode=live; export=2026-06-24T05:25:44+00:00; candle=2026-06-24T05:20:00+00:00
2026-06-24T05:26:02.675679+00:00 ALREADY_WRITTEN: Already handled candle 2026-06-24T05:20:00+00:00; mode=live; export=2026-06-24T05:25:44+00:00; candle=2026-06-24T05:20:00+00:00
2026-06-24T05:26:19.657257+00:00 ALREADY_WRITTEN: Already handled candle 2026-06-24T05:20:00+00:00; mode=live; export=2026-06-24T05:26:14+00:00; candle=2026-06-24T05:20:00+00:00
2026-06-24T05:26:32.762622+00:00 ALREADY_WRITTEN: Already handled candle 2026-06-24T05:20:00+00:00; mode=live; export=2026-06-24T05:26:14+00:00; candle=2026-06-24T05:20:00+00:00
2026-06-24T05:26:49.736799+00:00 ALREADY_WRITTEN: Already handled candle 2026-06-24T05:20:00+00:00; mode=live; export=2026-06-24T05:26:44+00:00; candle=2026-06-24T05:20:00+00:00
2026-06-24T05:27:02.840865+00:00 ALREADY_WRITTEN: Already handled candle 2026-06-24T05:20:00+00:00; mode=live; export=2026-06-24T05:26:44+00:00; candle=2026-06-24T05:20:00+00:00
2026-06-24T05:27:19.809643+00:00 ALREADY_WRITTEN: Already handled candle 2026-06-24T05:20:00+00:00; mode=live; export=2026-06-24T05:27:14+00:00; candle=2026-06-24T05:20:00+00:00
2026-06-24T05:27:32.922797+00:00 ALREADY_WRITTEN: Already handled candle 2026-06-24T05:20:00+00:00; mode=live; export=2026-06-24T05:27:14+00:00; candle=2026-06-24T05:20:00+00:00
2026-06-24T05:27:49.890192+00:00 ALREADY_WRITTEN: Already handled candle 2026-06-24T05:20:00+00:00; mode=live; export=2026-06-24T05:27:44+00:00; candle=2026-06-24T05:20:00+00:00
2026-06-24T05:28:02.993047+00:00 ALREADY_WRITTEN: Already handled candle 2026-06-24T05:20:00+00:00; mode=live; export=2026-06-24T05:27:44+00:00; candle=2026-06-24T05:20:00+00:00
2026-06-24T05:28:19.956549+00:00 ALREADY_WRITTEN: Already handled candle 2026-06-24T05:20:00+00:00; mode=live; export=2026-06-24T05:28:14+00:00; candle=2026-06-24T05:20:00+00:00
2026-06-24T05:28:33.081076+00:00 ALREADY_WRITTEN: Already handled candle 2026-06-24T05:20:00+00:00; mode=live; export=2026-06-24T05:28:14+00:00; candle=2026-06-24T05:20:00+00:00
2026-06-24T05:28:50.037901+00:00 ALREADY_WRITTEN: Already handled candle 2026-06-24T05:20:00+00:00; mode=live; export=2026-06-24T05:28:44+00:00; candle=2026-06-24T05:20:00+00:00
2026-06-24T05:29:03.155584+00:00 ALREADY_WRITTEN: Already handled candle 2026-06-24T05:20:00+00:00; mode=live; export=2026-06-24T05:28:44+00:00; candle=2026-06-24T05:20:00+00:00
2026-06-24T05:29:20.118460+00:00 ALREADY_WRITTEN: Already handled candle 2026-06-24T05:20:00+00:00; mode=live; export=2026-06-24T05:29:14+00:00; candle=2026-06-24T05:20:00+00:00
2026-06-24T05:29:33.217210+00:00 ALREADY_WRITTEN: Already handled candle 2026-06-24T05:20:00+00:00; mode=live; export=2026-06-24T05:29:14+00:00; candle=2026-06-24T05:20:00+00:00
2026-06-24T05:29:50.195139+00:00 ALREADY_WRITTEN: Already handled candle 2026-06-24T05:20:00+00:00; mode=live; export=2026-06-24T05:29:44+00:00; candle=2026-06-24T05:20:00+00:00
2026-06-24T05:30:03.283146+00:00 ALREADY_WRITTEN: Already handled candle 2026-06-24T05:20:00+00:00; mode=live; export=2026-06-24T05:29:44+00:00; candle=2026-06-24T05:20:00+00:00
2026-06-24T05:30:20.272194+00:00 ALREADY_WRITTEN: Already handled candle 2026-06-24T05:20:00+00:00; mode=live; export=2026-06-24T05:30:14+00:00; candle=2026-06-24T05:20:00+00:00
2026-06-24T05:30:33.358202+00:00 HOLD: No meaningful orders after tiny-churn filter; mode=live; export=2026-06-24T05:30:14+00:00; candle=2026-06-24T05:25:00+00:00
2026-06-24T05:30:50.346232+00:00 HOLD: No meaningful orders after tiny-churn filter; mode=live; export=2026-06-24T05:30:44+00:00; candle=2026-06-24T05:25:00+00:00
2026-06-24T05:31:03.439939+00:00 HOLD: No meaningful orders after tiny-churn filter; mode=live; export=2026-06-24T05:30:44+00:00; candle=2026-06-24T05:25:00+00:00
2026-06-24T05:31:20.425149+00:00 HOLD: No meaningful orders after tiny-churn filter; mode=live; export=2026-06-24T05:31:14+00:00; candle=2026-06-24T05:25:00+00:00
2026-06-24T05:31:33.525279+00:00 HOLD: No meaningful orders after tiny-churn filter; mode=live; export=2026-06-24T05:31:14+00:00; candle=2026-06-24T05:25:00+00:00
2026-06-24T05:31:50.507468+00:00 HOLD: No meaningful orders after tiny-churn filter; mode=live; export=2026-06-24T05:31:44+00:00; candle=2026-06-24T05:25:00+00:00
2026-06-24T05:32:03.600861+00:00 HOLD: No meaningful orders after tiny-churn filter; mode=live; export=2026-06-24T05:31:44+00:00; candle=2026-06-24T05:25:00+00:00
2026-06-24T05:32:20.572723+00:00 HOLD: No meaningful orders after tiny-churn filter; mode=live; export=2026-06-24T05:32:14+00:00; candle=2026-06-24T05:25:00+00:00
2026-06-24T05:32:33.668846+00:00 HOLD: No meaningful orders after tiny-churn filter; mode=live; export=2026-06-24T05:32:14+00:00; candle=2026-06-24T05:25:00+00:00
2026-06-24T05:32:50.654561+00:00 HOLD: No meaningful orders after tiny-churn filter; mode=live; export=2026-06-24T05:32:44+00:00; candle=2026-06-24T05:25:00+00:00
2026-06-24T05:33:03.746092+00:00 HOLD: No meaningful orders after tiny-churn filter; mode=live; export=2026-06-24T05:32:44+00:00; candle=2026-06-24T05:25:00+00:00
2026-06-24T05:33:20.729668+00:00 HOLD: No meaningful orders after tiny-churn filter; mode=live; export=2026-06-24T05:33:14+00:00; candle=2026-06-24T05:25:00+00:00
2026-06-24T05:33:33.822172+00:00 HOLD: No meaningful orders after tiny-churn filter; mode=live; export=2026-06-24T05:33:14+00:00; candle=2026-06-24T05:25:00+00:00
2026-06-24T05:33:50.812009+00:00 HOLD: No meaningful orders after tiny-churn filter; mode=live; export=2026-06-24T05:33:44+00:00; candle=2026-06-24T05:25:00+00:00
2026-06-24T05:34:03.903059+00:00 HOLD: No meaningful orders after tiny-churn filter; mode=live; export=2026-06-24T05:33:44+00:00; candle=2026-06-24T05:25:00+00:00
2026-06-24T05:34:20.892207+00:00 HOLD: No meaningful orders after tiny-churn filter; mode=live; export=2026-06-24T05:34:14+00:00; candle=2026-06-24T05:25:00+00:00
2026-06-24T05:34:33.988760+00:00 HOLD: No meaningful orders after tiny-churn filter; mode=live; export=2026-06-24T05:34:14+00:00; candle=2026-06-24T05:25:00+00:00
2026-06-24T05:34:50.967448+00:00 HOLD: No meaningful orders after tiny-churn filter; mode=live; export=2026-06-24T05:34:44+00:00; candle=2026-06-24T05:25:00+00:00
2026-06-24T05:35:04.063129+00:00 HOLD: No meaningful orders after tiny-churn filter; mode=live; export=2026-06-24T05:34:44+00:00; candle=2026-06-24T05:25:00+00:00
2026-06-24T05:35:21.045918+00:00 HOLD: No meaningful orders after tiny-churn filter; mode=live; export=2026-06-24T05:35:14+00:00; candle=2026-06-24T05:25:00+00:00
2026-06-24T05:35:34.147328+00:00 HOLD: No meaningful orders after tiny-churn filter; mode=live; export=2026-06-24T05:35:14+00:00; candle=2026-06-24T05:30:00+00:00
2026-06-24T05:35:51.129672+00:00 HOLD: No meaningful orders after tiny-churn filter; mode=live; export=2026-06-24T05:35:44+00:00; candle=2026-06-24T05:30:00+00:00
2026-06-24T05:36:04.229204+00:00 HOLD: No meaningful orders after tiny-churn filter; mode=live; export=2026-06-24T05:35:44+00:00; candle=2026-06-24T05:30:00+00:00
2026-06-24T05:36:21.214072+00:00 HOLD: No meaningful orders after tiny-churn filter; mode=live; export=2026-06-24T05:36:14+00:00; candle=2026-06-24T05:30:00+00:00
2026-06-24T05:36:34.311161+00:00 HOLD: No meaningful orders after tiny-churn filter; mode=live; export=2026-06-24T05:36:14+00:00; candle=2026-06-24T05:30:00+00:00
2026-06-24T05:36:51.289176+00:00 HOLD: No meaningful orders after tiny-churn filter; mode=live; export=2026-06-24T05:36:44+00:00; candle=2026-06-24T05:30:00+00:00
2026-06-24T05:37:04.379672+00:00 HOLD: No meaningful orders after tiny-churn filter; mode=live; export=2026-06-24T05:36:44+00:00; candle=2026-06-24T05:30:00+00:00
2026-06-24T05:37:21.358443+00:00 HOLD: No meaningful orders after tiny-churn filter; mode=live; export=2026-06-24T05:37:14+00:00; candle=2026-06-24T05:30:00+00:00
2026-06-24T05:37:34.459317+00:00 HOLD: No meaningful orders after tiny-churn filter; mode=live; export=2026-06-24T05:37:14+00:00; candle=2026-06-24T05:30:00+00:00
2026-06-24T05:37:51.437977+00:00 HOLD: No meaningful orders after tiny-churn filter; mode=live; export=2026-06-24T05:37:44+00:00; candle=2026-06-24T05:30:00+00:00
2026-06-24T05:38:04.542575+00:00 HOLD: No meaningful orders after tiny-churn filter; mode=live; export=2026-06-24T05:37:44+00:00; candle=2026-06-24T05:30:00+00:00
2026-06-24T05:38:21.520567+00:00 HOLD: No meaningful orders after tiny-churn filter; mode=live; export=2026-06-24T05:38:14+00:00; candle=2026-06-24T05:30:00+00:00
2026-06-24T05:38:34.622594+00:00 HOLD: No meaningful orders after tiny-churn filter; mode=live; export=2026-06-24T05:38:14+00:00; candle=2026-06-24T05:30:00+00:00
2026-06-24T05:38:51.599971+00:00 HOLD: No meaningful orders after tiny-churn filter; mode=live; export=2026-06-24T05:38:44+00:00; candle=2026-06-24T05:30:00+00:00
2026-06-24T05:39:04.698408+00:00 HOLD: No meaningful orders after tiny-churn filter; mode=live; export=2026-06-24T05:38:44+00:00; candle=2026-06-24T05:30:00+00:00
2026-06-24T05:39:21.679770+00:00 HOLD: No meaningful orders after tiny-churn filter; mode=live; export=2026-06-24T05:39:14+00:00; candle=2026-06-24T05:30:00+00:00
2026-06-24T05:39:34.780880+00:00 HOLD: No meaningful orders after tiny-churn filter; mode=live; export=2026-06-24T05:39:14+00:00; candle=2026-06-24T05:30:00+00:00
2026-06-24T05:39:51.747257+00:00 HOLD: No meaningful orders after tiny-churn filter; mode=live; export=2026-06-24T05:39:44+00:00; candle=2026-06-24T05:30:00+00:00
2026-06-24T05:40:04.865381+00:00 HOLD: No meaningful orders after tiny-churn filter; mode=live; export=2026-06-24T05:39:44+00:00; candle=2026-06-24T05:30:00+00:00
2026-06-24T05:40:21.812902+00:00 HOLD: No meaningful orders after tiny-churn filter; mode=live; export=2026-06-24T05:40:14+00:00; candle=2026-06-24T05:30:00+00:00
2026-06-24T05:40:34.951332+00:00 HOLD: No meaningful orders after tiny-churn filter; mode=live; export=2026-06-24T05:40:14+00:00; candle=2026-06-24T05:35:00+00:00
2026-06-24T05:40:51.878965+00:00 HOLD: No meaningful orders after tiny-churn filter; mode=live; export=2026-06-24T05:40:44+00:00; candle=2026-06-24T05:35:00+00:00
2026-06-24T05:41:05.040763+00:00 HOLD: No meaningful orders after tiny-churn filter; mode=live; export=2026-06-24T05:40:44+00:00; candle=2026-06-24T05:35:00+00:00
2026-06-24T05:41:21.955390+00:00 HOLD: No meaningful orders after tiny-churn filter; mode=live; export=2026-06-24T05:41:14+00:00; candle=2026-06-24T05:35:00+00:00
2026-06-24T05:41:35.128331+00:00 HOLD: No meaningful orders after tiny-churn filter; mode=live; export=2026-06-24T05:41:14+00:00; candle=2026-06-24T05:35:00+00:00
2026-06-24T05:41:52.036215+00:00 HOLD: No meaningful orders after tiny-churn filter; mode=live; export=2026-06-24T05:41:44+00:00; candle=2026-06-24T05:35:00+00:00
2026-06-24T05:42:05.199835+00:00 HOLD: No meaningful orders after tiny-churn filter; mode=live; export=2026-06-24T05:41:44+00:00; candle=2026-06-24T05:35:00+00:00
2026-06-24T05:42:22.106088+00:00 HOLD: No meaningful orders after tiny-churn filter; mode=live; export=2026-06-24T05:42:14+00:00; candle=2026-06-24T05:35:00+00:00
2026-06-24T05:42:35.272362+00:00 HOLD: No meaningful orders after tiny-churn filter; mode=live; export=2026-06-24T05:42:14+00:00; candle=2026-06-24T05:35:00+00:00
2026-06-24T05:42:52.178106+00:00 HOLD: No meaningful orders after tiny-churn filter; mode=live; export=2026-06-24T05:42:44+00:00; candle=2026-06-24T05:35:00+00:00
2026-06-24T05:43:05.349047+00:00 HOLD: No meaningful orders after tiny-churn filter; mode=live; export=2026-06-24T05:42:44+00:00; candle=2026-06-24T05:35:00+00:00
2026-06-24T05:43:22.260858+00:00 HOLD: No meaningful orders after tiny-churn filter; mode=live; export=2026-06-24T05:43:14+00:00; candle=2026-06-24T05:35:00+00:00
2026-06-24T05:43:35.422949+00:00 HOLD: No meaningful orders after tiny-churn filter; mode=live; export=2026-06-24T05:43:14+00:00; candle=2026-06-24T05:35:00+00:00
2026-06-24T05:43:52.328472+00:00 HOLD: No meaningful orders after tiny-churn filter; mode=live; export=2026-06-24T05:43:44+00:00; candle=2026-06-24T05:35:00+00:00
2026-06-24T05:44:05.506869+00:00 HOLD: No meaningful orders after tiny-churn filter; mode=live; export=2026-06-24T05:43:44+00:00; candle=2026-06-24T05:35:00+00:00
2026-06-24T05:44:22.401399+00:00 HOLD: No meaningful orders after tiny-churn filter; mode=live; export=2026-06-24T05:44:14+00:00; candle=2026-06-24T05:35:00+00:00
2026-06-24T05:44:35.591721+00:00 HOLD: No meaningful orders after tiny-churn filter; mode=live; export=2026-06-24T05:44:14+00:00; candle=2026-06-24T05:35:00+00:00
2026-06-24T05:44:52.474798+00:00 HOLD: No meaningful orders after tiny-churn filter; mode=live; export=2026-06-24T05:44:44+00:00; candle=2026-06-24T05:35:00+00:00
2026-06-24T05:45:05.673737+00:00 HOLD: No meaningful orders after tiny-churn filter; mode=live; export=2026-06-24T05:44:44+00:00; candle=2026-06-24T05:35:00+00:00
2026-06-24T05:45:22.546952+00:00 HOLD: No meaningful orders after tiny-churn filter; mode=live; export=2026-06-24T05:45:14+00:00; candle=2026-06-24T05:35:00+00:00
2026-06-24T05:45:35.762370+00:00 WRITE_SPLIT: Writing split proposed orders: SELL USDCHF 1.78; BUY USDJPY 6.59 as 9 capped chunks; mode=live; export=2026-06-24T05:45:14+00:00; candle=2026-06-24T05:40:00+00:00
2026-06-24T05:45:52.629050+00:00 ALREADY_WRITTEN: Already handled candle 2026-06-24T05:40:00+00:00; mode=live; export=2026-06-24T05:45:44+00:00; candle=2026-06-24T05:40:00+00:00
2026-06-24T05:46:05.847258+00:00 ALREADY_WRITTEN: Already handled candle 2026-06-24T05:40:00+00:00; mode=live; export=2026-06-24T05:45:44+00:00; candle=2026-06-24T05:40:00+00:00
2026-06-24T05:46:22.710073+00:00 ALREADY_WRITTEN: Already handled candle 2026-06-24T05:40:00+00:00; mode=live; export=2026-06-24T05:46:14+00:00; candle=2026-06-24T05:40:00+00:00
2026-06-24T05:46:35.934123+00:00 ALREADY_WRITTEN: Already handled candle 2026-06-24T05:40:00+00:00; mode=live; export=2026-06-24T05:46:14+00:00; candle=2026-06-24T05:40:00+00:00
2026-06-24T05:46:52.791168+00:00 ALREADY_WRITTEN: Already handled candle 2026-06-24T05:40:00+00:00; mode=live; export=2026-06-24T05:46:44+00:00; candle=2026-06-24T05:40:00+00:00
2026-06-24T05:47:06.012693+00:00 ALREADY_WRITTEN: Already handled candle 2026-06-24T05:40:00+00:00; mode=live; export=2026-06-24T05:46:44+00:00; candle=2026-06-24T05:40:00+00:00
2026-06-24T05:47:22.874607+00:00 ALREADY_WRITTEN: Already handled candle 2026-06-24T05:40:00+00:00; mode=live; export=2026-06-24T05:47:14+00:00; candle=2026-06-24T05:40:00+00:00
2026-06-24T05:47:36.097680+00:00 ALREADY_WRITTEN: Already handled candle 2026-06-24T05:40:00+00:00; mode=live; export=2026-06-24T05:47:14+00:00; candle=2026-06-24T05:40:00+00:00
2026-06-24T05:47:52.947198+00:00 ALREADY_WRITTEN: Already handled candle 2026-06-24T05:40:00+00:00; mode=live; export=2026-06-24T05:47:44+00:00; candle=2026-06-24T05:40:00+00:00
2026-06-24T05:48:06.182759+00:00 ALREADY_WRITTEN: Already handled candle 2026-06-24T05:40:00+00:00; mode=live; export=2026-06-24T05:47:44+00:00; candle=2026-06-24T05:40:00+00:00
2026-06-24T05:48:23.021314+00:00 ALREADY_WRITTEN: Already handled candle 2026-06-24T05:40:00+00:00; mode=live; export=2026-06-24T05:48:14+00:00; candle=2026-06-24T05:40:00+00:00
2026-06-24T05:48:36.268817+00:00 ALREADY_WRITTEN: Already handled candle 2026-06-24T05:40:00+00:00; mode=live; export=2026-06-24T05:48:14+00:00; candle=2026-06-24T05:40:00+00:00
2026-06-24T05:48:53.100878+00:00 ALREADY_WRITTEN: Already handled candle 2026-06-24T05:40:00+00:00; mode=live; export=2026-06-24T05:48:44+00:00; candle=2026-06-24T05:40:00+00:00
2026-06-24T05:49:06.356133+00:00 ALREADY_WRITTEN: Already handled candle 2026-06-24T05:40:00+00:00; mode=live; export=2026-06-24T05:48:44+00:00; candle=2026-06-24T05:40:00+00:00
2026-06-24T05:49:23.180901+00:00 ALREADY_WRITTEN: Already handled candle 2026-06-24T05:40:00+00:00; mode=live; export=2026-06-24T05:49:14+00:00; candle=2026-06-24T05:40:00+00:00
2026-06-24T05:49:36.444326+00:00 ALREADY_WRITTEN: Already handled candle 2026-06-24T05:40:00+00:00; mode=live; export=2026-06-24T05:49:14+00:00; candle=2026-06-24T05:40:00+00:00
2026-06-24T05:49:53.254454+00:00 ALREADY_WRITTEN: Already handled candle 2026-06-24T05:40:00+00:00; mode=live; export=2026-06-24T05:49:44+00:00; candle=2026-06-24T05:40:00+00:00
2026-06-24T05:50:06.520064+00:00 ALREADY_WRITTEN: Already handled candle 2026-06-24T05:40:00+00:00; mode=live; export=2026-06-24T05:49:44+00:00; candle=2026-06-24T05:40:00+00:00
2026-06-24T05:50:23.338293+00:00 ALREADY_WRITTEN: Already handled candle 2026-06-24T05:40:00+00:00; mode=live; export=2026-06-24T05:50:14+00:00; candle=2026-06-24T05:40:00+00:00
2026-06-24T05:50:36.608712+00:00 HOLD: No meaningful orders after tiny-churn filter; mode=live; export=2026-06-24T05:50:14+00:00; candle=2026-06-24T05:45:00+00:00
2026-06-24T05:50:53.419253+00:00 WRITE_SPLIT: Writing split proposed orders: SELL EURGBP 3.26; SELL EURUSD 2.25; SELL USDCHF 1.78 as 9 capped chunks; mode=live; export=2026-06-24T05:50:44+00:00; candle=2026-06-24T05:45:00+00:00
2026-06-24T05:51:06.689077+00:00 ALREADY_WRITTEN: Already handled candle 2026-06-24T05:45:00+00:00; mode=live; export=2026-06-24T05:50:44+00:00; candle=2026-06-24T05:45:00+00:00
2026-06-24T05:51:23.502351+00:00 ALREADY_WRITTEN: Already handled candle 2026-06-24T05:45:00+00:00; mode=live; export=2026-06-24T05:51:14+00:00; candle=2026-06-24T05:45:00+00:00
2026-06-24T05:51:36.775476+00:00 ALREADY_WRITTEN: Already handled candle 2026-06-24T05:45:00+00:00; mode=live; export=2026-06-24T05:51:14+00:00; candle=2026-06-24T05:45:00+00:00
2026-06-24T05:51:53.584552+00:00 ALREADY_WRITTEN: Already handled candle 2026-06-24T05:45:00+00:00; mode=live; export=2026-06-24T05:51:44+00:00; candle=2026-06-24T05:45:00+00:00
2026-06-24T05:52:06.843843+00:00 ALREADY_WRITTEN: Already handled candle 2026-06-24T05:45:00+00:00; mode=live; export=2026-06-24T05:51:44+00:00; candle=2026-06-24T05:45:00+00:00
2026-06-24T05:52:23.656964+00:00 ALREADY_WRITTEN: Already handled candle 2026-06-24T05:45:00+00:00; mode=live; export=2026-06-24T05:52:14+00:00; candle=2026-06-24T05:45:00+00:00
2026-06-24T05:52:36.933587+00:00 ALREADY_WRITTEN: Already handled candle 2026-06-24T05:45:00+00:00; mode=live; export=2026-06-24T05:52:14+00:00; candle=2026-06-24T05:45:00+00:00
2026-06-24T05:52:53.728174+00:00 ALREADY_WRITTEN: Already handled candle 2026-06-24T05:45:00+00:00; mode=live; export=2026-06-24T05:52:44+00:00; candle=2026-06-24T05:45:00+00:00
2026-06-24T05:53:07.019822+00:00 ALREADY_WRITTEN: Already handled candle 2026-06-24T05:45:00+00:00; mode=live; export=2026-06-24T05:52:44+00:00; candle=2026-06-24T05:45:00+00:00
2026-06-24T05:53:23.812987+00:00 ALREADY_WRITTEN: Already handled candle 2026-06-24T05:45:00+00:00; mode=live; export=2026-06-24T05:53:14+00:00; candle=2026-06-24T05:45:00+00:00
2026-06-24T05:53:37.075200+00:00 ALREADY_WRITTEN: Already handled candle 2026-06-24T05:45:00+00:00; mode=live; export=2026-06-24T05:53:14+00:00; candle=2026-06-24T05:45:00+00:00
2026-06-24T05:53:53.894002+00:00 ALREADY_WRITTEN: Already handled candle 2026-06-24T05:45:00+00:00; mode=live; export=2026-06-24T05:53:44+00:00; candle=2026-06-24T05:45:00+00:00
2026-06-24T05:54:07.147927+00:00 ALREADY_WRITTEN: Already handled candle 2026-06-24T05:45:00+00:00; mode=live; export=2026-06-24T05:53:44+00:00; candle=2026-06-24T05:45:00+00:00
2026-06-24T05:54:23.976215+00:00 ALREADY_WRITTEN: Already handled candle 2026-06-24T05:45:00+00:00; mode=live; export=2026-06-24T05:54:14+00:00; candle=2026-06-24T05:45:00+00:00
2026-06-24T05:54:37.235520+00:00 ALREADY_WRITTEN: Already handled candle 2026-06-24T05:45:00+00:00; mode=live; export=2026-06-24T05:54:14+00:00; candle=2026-06-24T05:45:00+00:00
2026-06-24T05:54:54.042616+00:00 ALREADY_WRITTEN: Already handled candle 2026-06-24T05:45:00+00:00; mode=live; export=2026-06-24T05:54:44+00:00; candle=2026-06-24T05:45:00+00:00
2026-06-24T05:55:07.320786+00:00 ALREADY_WRITTEN: Already handled candle 2026-06-24T05:45:00+00:00; mode=live; export=2026-06-24T05:54:44+00:00; candle=2026-06-24T05:45:00+00:00
2026-06-24T05:55:24.115746+00:00 WRITE_SPLIT: Writing split proposed orders: BUY USDCHF 1.78; SELL USDJPY 6.59 as 9 capped chunks; mode=live; export=2026-06-24T05:55:14+00:00; candle=2026-06-24T05:50:00+00:00
2026-06-24T05:55:37.405610+00:00 ALREADY_WRITTEN: Already handled candle 2026-06-24T05:50:00+00:00; mode=live; export=2026-06-24T05:55:14+00:00; candle=2026-06-24T05:50:00+00:00
2026-06-24T05:55:54.197570+00:00 ALREADY_WRITTEN: Already handled candle 2026-06-24T05:50:00+00:00; mode=live; export=2026-06-24T05:55:44+00:00; candle=2026-06-24T05:50:00+00:00
2026-06-24T05:56:07.492536+00:00 ALREADY_WRITTEN: Already handled candle 2026-06-24T05:50:00+00:00; mode=live; export=2026-06-24T05:55:44+00:00; candle=2026-06-24T05:50:00+00:00
2026-06-24T05:56:24.276045+00:00 ALREADY_WRITTEN: Already handled candle 2026-06-24T05:50:00+00:00; mode=live; export=2026-06-24T05:56:14+00:00; candle=2026-06-24T05:50:00+00:00
2026-06-24T05:56:37.566560+00:00 ALREADY_WRITTEN: Already handled candle 2026-06-24T05:50:00+00:00; mode=live; export=2026-06-24T05:56:14+00:00; candle=2026-06-24T05:50:00+00:00
2026-06-24T05:56:54.353996+00:00 ALREADY_WRITTEN: Already handled candle 2026-06-24T05:50:00+00:00; mode=live; export=2026-06-24T05:56:44+00:00; candle=2026-06-24T05:50:00+00:00
2026-06-24T05:57:07.650397+00:00 ALREADY_WRITTEN: Already handled candle 2026-06-24T05:50:00+00:00; mode=live; export=2026-06-24T05:56:44+00:00; candle=2026-06-24T05:50:00+00:00
2026-06-24T05:57:24.435430+00:00 ALREADY_WRITTEN: Already handled candle 2026-06-24T05:50:00+00:00; mode=live; export=2026-06-24T05:57:14+00:00; candle=2026-06-24T05:50:00+00:00
2026-06-24T05:57:37.730866+00:00 ALREADY_WRITTEN: Already handled candle 2026-06-24T05:50:00+00:00; mode=live; export=2026-06-24T05:57:14+00:00; candle=2026-06-24T05:50:00+00:00
2026-06-24T05:57:54.516687+00:00 ALREADY_WRITTEN: Already handled candle 2026-06-24T05:50:00+00:00; mode=live; export=2026-06-24T05:57:44+00:00; candle=2026-06-24T05:50:00+00:00
2026-06-24T05:58:07.803310+00:00 ALREADY_WRITTEN: Already handled candle 2026-06-24T05:50:00+00:00; mode=live; export=2026-06-24T05:57:44+00:00; candle=2026-06-24T05:50:00+00:00
2026-06-24T05:58:24.591194+00:00 ALREADY_WRITTEN: Already handled candle 2026-06-24T05:50:00+00:00; mode=live; export=2026-06-24T05:58:14+00:00; candle=2026-06-24T05:50:00+00:00
2026-06-24T05:58:37.888347+00:00 ALREADY_WRITTEN: Already handled candle 2026-06-24T05:50:00+00:00; mode=live; export=2026-06-24T05:58:14+00:00; candle=2026-06-24T05:50:00+00:00
2026-06-24T05:58:54.668263+00:00 ALREADY_WRITTEN: Already handled candle 2026-06-24T05:50:00+00:00; mode=live; export=2026-06-24T05:58:44+00:00; candle=2026-06-24T05:50:00+00:00
2026-06-24T05:59:07.974009+00:00 ALREADY_WRITTEN: Already handled candle 2026-06-24T05:50:00+00:00; mode=live; export=2026-06-24T05:58:44+00:00; candle=2026-06-24T05:50:00+00:00
2026-06-24T05:59:24.745315+00:00 ALREADY_WRITTEN: Already handled candle 2026-06-24T05:50:00+00:00; mode=live; export=2026-06-24T05:59:14+00:00; candle=2026-06-24T05:50:00+00:00
2026-06-24T05:59:38.050935+00:00 ALREADY_WRITTEN: Already handled candle 2026-06-24T05:50:00+00:00; mode=live; export=2026-06-24T05:59:14+00:00; candle=2026-06-24T05:50:00+00:00
2026-06-24T05:59:54.827371+00:00 ALREADY_WRITTEN: Already handled candle 2026-06-24T05:50:00+00:00; mode=live; export=2026-06-24T05:59:44+00:00; candle=2026-06-24T05:50:00+00:00
2026-06-24T06:00:08.122844+00:00 ALREADY_WRITTEN: Already handled candle 2026-06-24T05:50:00+00:00; mode=live; export=2026-06-24T05:59:44+00:00; candle=2026-06-24T05:50:00+00:00
2026-06-24T06:00:24.894892+00:00 WRITE_SPLIT: Writing split proposed orders: BUY USDCHF 1.78 as 2 capped chunks; mode=live; export=2026-06-24T06:00:14+00:00; candle=2026-06-24T05:55:00+00:00
2026-06-24T06:00:38.210541+00:00 ALREADY_WRITTEN: Already handled candle 2026-06-24T05:55:00+00:00; mode=live; export=2026-06-24T06:00:14+00:00; candle=2026-06-24T05:55:00+00:00
2026-06-24T06:00:54.974303+00:00 ALREADY_WRITTEN: Already handled candle 2026-06-24T05:55:00+00:00; mode=live; export=2026-06-24T06:00:44+00:00; candle=2026-06-24T05:55:00+00:00
2026-06-24T06:01:08.274952+00:00 ALREADY_WRITTEN: Already handled candle 2026-06-24T05:55:00+00:00; mode=live; export=2026-06-24T06:00:44+00:00; candle=2026-06-24T05:55:00+00:00
2026-06-24T06:01:25.054197+00:00 ALREADY_WRITTEN: Already handled candle 2026-06-24T05:55:00+00:00; mode=live; export=2026-06-24T06:01:14+00:00; candle=2026-06-24T05:55:00+00:00
2026-06-24T06:01:38.355025+00:00 ALREADY_WRITTEN: Already handled candle 2026-06-24T05:55:00+00:00; mode=live; export=2026-06-24T06:01:14+00:00; candle=2026-06-24T05:55:00+00:00
2026-06-24T06:01:55.136470+00:00 ALREADY_WRITTEN: Already handled candle 2026-06-24T05:55:00+00:00; mode=live; export=2026-06-24T06:01:44+00:00; candle=2026-06-24T05:55:00+00:00
2026-06-24T06:02:08.439779+00:00 ALREADY_WRITTEN: Already handled candle 2026-06-24T05:55:00+00:00; mode=live; export=2026-06-24T06:01:44+00:00; candle=2026-06-24T05:55:00+00:00
2026-06-24T06:02:25.209917+00:00 ALREADY_WRITTEN: Already handled candle 2026-06-24T05:55:00+00:00; mode=live; export=2026-06-24T06:02:14+00:00; candle=2026-06-24T05:55:00+00:00
2026-06-24T06:02:38.526648+00:00 ALREADY_WRITTEN: Already handled candle 2026-06-24T05:55:00+00:00; mode=live; export=2026-06-24T06:02:14+00:00; candle=2026-06-24T05:55:00+00:00
2026-06-24T06:02:55.276098+00:00 ALREADY_WRITTEN: Already handled candle 2026-06-24T05:55:00+00:00; mode=live; export=2026-06-24T06:02:44+00:00; candle=2026-06-24T05:55:00+00:00
2026-06-24T06:03:08.609215+00:00 ALREADY_WRITTEN: Already handled candle 2026-06-24T05:55:00+00:00; mode=live; export=2026-06-24T06:02:44+00:00; candle=2026-06-24T05:55:00+00:00
2026-06-24T06:03:25.358840+00:00 ALREADY_WRITTEN: Already handled candle 2026-06-24T05:55:00+00:00; mode=live; export=2026-06-24T06:03:14+00:00; candle=2026-06-24T05:55:00+00:00
2026-06-24T06:03:38.664444+00:00 ALREADY_WRITTEN: Already handled candle 2026-06-24T05:55:00+00:00; mode=live; export=2026-06-24T06:03:14+00:00; candle=2026-06-24T05:55:00+00:00
2026-06-24T06:03:55.414167+00:00 ALREADY_WRITTEN: Already handled candle 2026-06-24T05:55:00+00:00; mode=live; export=2026-06-24T06:03:44+00:00; candle=2026-06-24T05:55:00+00:00
2026-06-24T06:04:08.729182+00:00 ALREADY_WRITTEN: Already handled candle 2026-06-24T05:55:00+00:00; mode=live; export=2026-06-24T06:03:44+00:00; candle=2026-06-24T05:55:00+00:00
2026-06-24T06:04:25.496610+00:00 ALREADY_WRITTEN: Already handled candle 2026-06-24T05:55:00+00:00; mode=live; export=2026-06-24T06:04:14+00:00; candle=2026-06-24T05:55:00+00:00
2026-06-24T06:04:38.816920+00:00 ALREADY_WRITTEN: Already handled candle 2026-06-24T05:55:00+00:00; mode=live; export=2026-06-24T06:04:14+00:00; candle=2026-06-24T05:55:00+00:00
2026-06-24T06:04:55.558604+00:00 ALREADY_WRITTEN: Already handled candle 2026-06-24T05:55:00+00:00; mode=live; export=2026-06-24T06:04:44+00:00; candle=2026-06-24T05:55:00+00:00
2026-06-24T06:05:08.887956+00:00 ALREADY_WRITTEN: Already handled candle 2026-06-24T05:55:00+00:00; mode=live; export=2026-06-24T06:04:44+00:00; candle=2026-06-24T05:55:00+00:00
2026-06-24T06:05:25.635257+00:00 WRITE_SPLIT: Writing split proposed orders: SELL USDCHF 1.78 as 2 capped chunks; mode=live; export=2026-06-24T06:05:14+00:00; candle=2026-06-24T06:00:00+00:00
2026-06-24T06:05:38.974345+00:00 ALREADY_WRITTEN: Already handled candle 2026-06-24T06:00:00+00:00; mode=live; export=2026-06-24T06:05:14+00:00; candle=2026-06-24T06:00:00+00:00
2026-06-24T06:05:55.716384+00:00 ALREADY_WRITTEN: Already handled candle 2026-06-24T06:00:00+00:00; mode=live; export=2026-06-24T06:05:44+00:00; candle=2026-06-24T06:00:00+00:00
2026-06-24T06:06:09.049297+00:00 ALREADY_WRITTEN: Already handled candle 2026-06-24T06:00:00+00:00; mode=live; export=2026-06-24T06:05:44+00:00; candle=2026-06-24T06:00:00+00:00
2026-06-24T06:06:25.795971+00:00 ALREADY_WRITTEN: Already handled candle 2026-06-24T06:00:00+00:00; mode=live; export=2026-06-24T06:06:14+00:00; candle=2026-06-24T06:00:00+00:00
2026-06-24T06:06:39.121451+00:00 ALREADY_WRITTEN: Already handled candle 2026-06-24T06:00:00+00:00; mode=live; export=2026-06-24T06:06:14+00:00; candle=2026-06-24T06:00:00+00:00
2026-06-24T06:06:55.866224+00:00 ALREADY_WRITTEN: Already handled candle 2026-06-24T06:00:00+00:00; mode=live; export=2026-06-24T06:06:44+00:00; candle=2026-06-24T06:00:00+00:00
2026-06-24T06:07:09.189336+00:00 ALREADY_WRITTEN: Already handled candle 2026-06-24T06:00:00+00:00; mode=live; export=2026-06-24T06:06:44+00:00; candle=2026-06-24T06:00:00+00:00
2026-06-24T06:07:25.950919+00:00 ALREADY_WRITTEN: Already handled candle 2026-06-24T06:00:00+00:00; mode=live; export=2026-06-24T06:07:14+00:00; candle=2026-06-24T06:00:00+00:00
2026-06-24T06:07:39.260221+00:00 ALREADY_WRITTEN: Already handled candle 2026-06-24T06:00:00+00:00; mode=live; export=2026-06-24T06:07:14+00:00; candle=2026-06-24T06:00:00+00:00
2026-06-24T06:07:56.023962+00:00 ALREADY_WRITTEN: Already handled candle 2026-06-24T06:00:00+00:00; mode=live; export=2026-06-24T06:07:44+00:00; candle=2026-06-24T06:00:00+00:00
2026-06-24T06:08:09.333090+00:00 ALREADY_WRITTEN: Already handled candle 2026-06-24T06:00:00+00:00; mode=live; export=2026-06-24T06:07:44+00:00; candle=2026-06-24T06:00:00+00:00
2026-06-24T06:08:26.098525+00:00 ALREADY_WRITTEN: Already handled candle 2026-06-24T06:00:00+00:00; mode=live; export=2026-06-24T06:08:14+00:00; candle=2026-06-24T06:00:00+00:00
2026-06-24T06:08:39.413539+00:00 ALREADY_WRITTEN: Already handled candle 2026-06-24T06:00:00+00:00; mode=live; export=2026-06-24T06:08:14+00:00; candle=2026-06-24T06:00:00+00:00
2026-06-24T06:08:56.175935+00:00 ALREADY_WRITTEN: Already handled candle 2026-06-24T06:00:00+00:00; mode=live; export=2026-06-24T06:08:44+00:00; candle=2026-06-24T06:00:00+00:00
2026-06-24T06:09:09.507311+00:00 ALREADY_WRITTEN: Already handled candle 2026-06-24T06:00:00+00:00; mode=live; export=2026-06-24T06:08:44+00:00; candle=2026-06-24T06:00:00+00:00
2026-06-24T06:09:26.256107+00:00 ALREADY_WRITTEN: Already handled candle 2026-06-24T06:00:00+00:00; mode=live; export=2026-06-24T06:09:14+00:00; candle=2026-06-24T06:00:00+00:00
2026-06-24T06:09:39.584273+00:00 ALREADY_WRITTEN: Already handled candle 2026-06-24T06:00:00+00:00; mode=live; export=2026-06-24T06:09:14+00:00; candle=2026-06-24T06:00:00+00:00
2026-06-24T06:09:56.326761+00:00 ALREADY_WRITTEN: Already handled candle 2026-06-24T06:00:00+00:00; mode=live; export=2026-06-24T06:09:44+00:00; candle=2026-06-24T06:00:00+00:00
2026-06-24T06:10:09.668492+00:00 ALREADY_WRITTEN: Already handled candle 2026-06-24T06:00:00+00:00; mode=live; export=2026-06-24T06:09:44+00:00; candle=2026-06-24T06:00:00+00:00
2026-06-24T06:10:26.389670+00:00 WRITE_SPLIT: Writing split proposed orders: SELL USDCHF 1.78 as 2 capped chunks; mode=live; export=2026-06-24T06:10:14+00:00; candle=2026-06-24T06:05:00+00:00
2026-06-24T06:10:39.746163+00:00 ALREADY_WRITTEN: Already handled candle 2026-06-24T06:05:00+00:00; mode=live; export=2026-06-24T06:10:14+00:00; candle=2026-06-24T06:05:00+00:00
2026-06-24T06:10:56.461362+00:00 ALREADY_WRITTEN: Already handled candle 2026-06-24T06:05:00+00:00; mode=live; export=2026-06-24T06:10:44+00:00; candle=2026-06-24T06:05:00+00:00
2026-06-24T06:11:09.808744+00:00 ALREADY_WRITTEN: Already handled candle 2026-06-24T06:05:00+00:00; mode=live; export=2026-06-24T06:10:44+00:00; candle=2026-06-24T06:05:00+00:00
2026-06-24T06:11:26.532416+00:00 ALREADY_WRITTEN: Already handled candle 2026-06-24T06:05:00+00:00; mode=live; export=2026-06-24T06:11:14+00:00; candle=2026-06-24T06:05:00+00:00
2026-06-24T06:11:39.889879+00:00 ALREADY_WRITTEN: Already handled candle 2026-06-24T06:05:00+00:00; mode=live; export=2026-06-24T06:11:14+00:00; candle=2026-06-24T06:05:00+00:00
2026-06-24T06:11:56.607898+00:00 ALREADY_WRITTEN: Already handled candle 2026-06-24T06:05:00+00:00; mode=live; export=2026-06-24T06:11:44+00:00; candle=2026-06-24T06:05:00+00:00
2026-06-24T06:12:09.970390+00:00 ALREADY_WRITTEN: Already handled candle 2026-06-24T06:05:00+00:00; mode=live; export=2026-06-24T06:11:44+00:00; candle=2026-06-24T06:05:00+00:00
2026-06-24T06:12:26.670985+00:00 ALREADY_WRITTEN: Already handled candle 2026-06-24T06:05:00+00:00; mode=live; export=2026-06-24T06:12:14+00:00; candle=2026-06-24T06:05:00+00:00
2026-06-24T06:12:40.055401+00:00 ALREADY_WRITTEN: Already handled candle 2026-06-24T06:05:00+00:00; mode=live; export=2026-06-24T06:12:14+00:00; candle=2026-06-24T06:05:00+00:00
2026-06-24T06:12:56.751948+00:00 ALREADY_WRITTEN: Already handled candle 2026-06-24T06:05:00+00:00; mode=live; export=2026-06-24T06:12:44+00:00; candle=2026-06-24T06:05:00+00:00
2026-06-24T06:13:10.143626+00:00 ALREADY_WRITTEN: Already handled candle 2026-06-24T06:05:00+00:00; mode=live; export=2026-06-24T06:12:44+00:00; candle=2026-06-24T06:05:00+00:00
2026-06-24T06:13:26.826774+00:00 ALREADY_WRITTEN: Already handled candle 2026-06-24T06:05:00+00:00; mode=live; export=2026-06-24T06:13:14+00:00; candle=2026-06-24T06:05:00+00:00
2026-06-24T06:13:40.230998+00:00 ALREADY_WRITTEN: Already handled candle 2026-06-24T06:05:00+00:00; mode=live; export=2026-06-24T06:13:14+00:00; candle=2026-06-24T06:05:00+00:00
2026-06-24T06:13:56.904408+00:00 ALREADY_WRITTEN: Already handled candle 2026-06-24T06:05:00+00:00; mode=live; export=2026-06-24T06:13:44+00:00; candle=2026-06-24T06:05:00+00:00
2026-06-24T06:14:10.308518+00:00 ALREADY_WRITTEN: Already handled candle 2026-06-24T06:05:00+00:00; mode=live; export=2026-06-24T06:13:44+00:00; candle=2026-06-24T06:05:00+00:00
2026-06-24T06:14:26.981481+00:00 ALREADY_WRITTEN: Already handled candle 2026-06-24T06:05:00+00:00; mode=live; export=2026-06-24T06:14:14+00:00; candle=2026-06-24T06:05:00+00:00
2026-06-24T06:14:40.394467+00:00 ALREADY_WRITTEN: Already handled candle 2026-06-24T06:05:00+00:00; mode=live; export=2026-06-24T06:14:14+00:00; candle=2026-06-24T06:05:00+00:00
2026-06-24T06:14:57.066335+00:00 ALREADY_WRITTEN: Already handled candle 2026-06-24T06:05:00+00:00; mode=live; export=2026-06-24T06:14:44+00:00; candle=2026-06-24T06:05:00+00:00
2026-06-24T06:15:10.450899+00:00 ALREADY_WRITTEN: Already handled candle 2026-06-24T06:05:00+00:00; mode=live; export=2026-06-24T06:14:44+00:00; candle=2026-06-24T06:05:00+00:00
2026-06-24T06:15:27.145335+00:00 WRITE_SPLIT: Writing split proposed orders: BUY EURGBP 3.26 as 4 capped chunks; mode=live; export=2026-06-24T06:15:14+00:00; candle=2026-06-24T06:10:00+00:00
2026-06-24T06:15:40.531207+00:00 ALREADY_WRITTEN: Already handled candle 2026-06-24T06:10:00+00:00; mode=live; export=2026-06-24T06:15:14+00:00; candle=2026-06-24T06:10:00+00:00
2026-06-24T06:15:57.217904+00:00 ALREADY_WRITTEN: Already handled candle 2026-06-24T06:10:00+00:00; mode=live; export=2026-06-24T06:15:44+00:00; candle=2026-06-24T06:10:00+00:00
2026-06-24T06:16:10.616430+00:00 ALREADY_WRITTEN: Already handled candle 2026-06-24T06:10:00+00:00; mode=live; export=2026-06-24T06:15:44+00:00; candle=2026-06-24T06:10:00+00:00
2026-06-24T06:16:27.289603+00:00 ALREADY_WRITTEN: Already handled candle 2026-06-24T06:10:00+00:00; mode=live; export=2026-06-24T06:16:14+00:00; candle=2026-06-24T06:10:00+00:00
2026-06-24T06:16:40.702614+00:00 ALREADY_WRITTEN: Already handled candle 2026-06-24T06:10:00+00:00; mode=live; export=2026-06-24T06:16:14+00:00; candle=2026-06-24T06:10:00+00:00
2026-06-24T06:16:57.358766+00:00 ALREADY_WRITTEN: Already handled candle 2026-06-24T06:10:00+00:00; mode=live; export=2026-06-24T06:16:44+00:00; candle=2026-06-24T06:10:00+00:00
2026-06-24T06:17:10.782678+00:00 ALREADY_WRITTEN: Already handled candle 2026-06-24T06:10:00+00:00; mode=live; export=2026-06-24T06:16:44+00:00; candle=2026-06-24T06:10:00+00:00
2026-06-24T06:17:27.429629+00:00 ALREADY_WRITTEN: Already handled candle 2026-06-24T06:10:00+00:00; mode=live; export=2026-06-24T06:17:14+00:00; candle=2026-06-24T06:10:00+00:00
2026-06-24T06:17:40.869398+00:00 ALREADY_WRITTEN: Already handled candle 2026-06-24T06:10:00+00:00; mode=live; export=2026-06-24T06:17:14+00:00; candle=2026-06-24T06:10:00+00:00
2026-06-24T06:17:57.508616+00:00 ALREADY_WRITTEN: Already handled candle 2026-06-24T06:10:00+00:00; mode=live; export=2026-06-24T06:17:44+00:00; candle=2026-06-24T06:10:00+00:00
2026-06-24T06:18:10.943746+00:00 ALREADY_WRITTEN: Already handled candle 2026-06-24T06:10:00+00:00; mode=live; export=2026-06-24T06:17:44+00:00; candle=2026-06-24T06:10:00+00:00
2026-06-24T06:18:27.589539+00:00 ALREADY_WRITTEN: Already handled candle 2026-06-24T06:10:00+00:00; mode=live; export=2026-06-24T06:18:14+00:00; candle=2026-06-24T06:10:00+00:00
2026-06-24T06:18:41.014260+00:00 ALREADY_WRITTEN: Already handled candle 2026-06-24T06:10:00+00:00; mode=live; export=2026-06-24T06:18:14+00:00; candle=2026-06-24T06:10:00+00:00
2026-06-24T06:18:57.664117+00:00 ALREADY_WRITTEN: Already handled candle 2026-06-24T06:10:00+00:00; mode=live; export=2026-06-24T06:18:44+00:00; candle=2026-06-24T06:10:00+00:00
2026-06-24T06:19:11.102877+00:00 ALREADY_WRITTEN: Already handled candle 2026-06-24T06:10:00+00:00; mode=live; export=2026-06-24T06:18:44+00:00; candle=2026-06-24T06:10:00+00:00
2026-06-24T06:19:27.745719+00:00 ALREADY_WRITTEN: Already handled candle 2026-06-24T06:10:00+00:00; mode=live; export=2026-06-24T06:19:14+00:00; candle=2026-06-24T06:10:00+00:00
2026-06-24T06:19:41.179875+00:00 ALREADY_WRITTEN: Already handled candle 2026-06-24T06:10:00+00:00; mode=live; export=2026-06-24T06:19:14+00:00; candle=2026-06-24T06:10:00+00:00
2026-06-24T06:19:57.828371+00:00 ALREADY_WRITTEN: Already handled candle 2026-06-24T06:10:00+00:00; mode=live; export=2026-06-24T06:19:44+00:00; candle=2026-06-24T06:10:00+00:00
2026-06-24T06:20:11.264494+00:00 ALREADY_WRITTEN: Already handled candle 2026-06-24T06:10:00+00:00; mode=live; export=2026-06-24T06:19:44+00:00; candle=2026-06-24T06:10:00+00:00
2026-06-24T06:20:27.912915+00:00 WRITE_SPLIT: Writing split proposed orders: BUY EURUSD 2.25; BUY USDCHF 1.78 as 5 capped chunks; mode=live; export=2026-06-24T06:20:14+00:00; candle=2026-06-24T06:15:00+00:00
2026-06-24T06:20:41.348041+00:00 ALREADY_WRITTEN: Already handled candle 2026-06-24T06:15:00+00:00; mode=live; export=2026-06-24T06:20:14+00:00; candle=2026-06-24T06:15:00+00:00
2026-06-24T06:20:57.986592+00:00 ALREADY_WRITTEN: Already handled candle 2026-06-24T06:15:00+00:00; mode=live; export=2026-06-24T06:20:44+00:00; candle=2026-06-24T06:15:00+00:00
2026-06-24T06:21:11.415027+00:00 ALREADY_WRITTEN: Already handled candle 2026-06-24T06:15:00+00:00; mode=live; export=2026-06-24T06:20:44+00:00; candle=2026-06-24T06:15:00+00:00
2026-06-24T06:21:28.070582+00:00 ALREADY_WRITTEN: Already handled candle 2026-06-24T06:15:00+00:00; mode=live; export=2026-06-24T06:21:14+00:00; candle=2026-06-24T06:15:00+00:00
2026-06-24T06:21:41.500919+00:00 ALREADY_WRITTEN: Already handled candle 2026-06-24T06:15:00+00:00; mode=live; export=2026-06-24T06:21:14+00:00; candle=2026-06-24T06:15:00+00:00
2026-06-24T06:21:58.141745+00:00 ALREADY_WRITTEN: Already handled candle 2026-06-24T06:15:00+00:00; mode=live; export=2026-06-24T06:21:44+00:00; candle=2026-06-24T06:15:00+00:00
2026-06-24T06:22:11.586731+00:00 ALREADY_WRITTEN: Already handled candle 2026-06-24T06:15:00+00:00; mode=live; export=2026-06-24T06:21:44+00:00; candle=2026-06-24T06:15:00+00:00
2026-06-24T06:22:28.224717+00:00 ALREADY_WRITTEN: Already handled candle 2026-06-24T06:15:00+00:00; mode=live; export=2026-06-24T06:22:14+00:00; candle=2026-06-24T06:15:00+00:00
2026-06-24T06:22:41.663224+00:00 ALREADY_WRITTEN: Already handled candle 2026-06-24T06:15:00+00:00; mode=live; export=2026-06-24T06:22:14+00:00; candle=2026-06-24T06:15:00+00:00
2026-06-24T06:22:58.305533+00:00 ALREADY_WRITTEN: Already handled candle 2026-06-24T06:15:00+00:00; mode=live; export=2026-06-24T06:22:44+00:00; candle=2026-06-24T06:15:00+00:00
2026-06-24T06:23:11.740398+00:00 ALREADY_WRITTEN: Already handled candle 2026-06-24T06:15:00+00:00; mode=live; export=2026-06-24T06:22:44+00:00; candle=2026-06-24T06:15:00+00:00
2026-06-24T06:23:28.374696+00:00 ALREADY_WRITTEN: Already handled candle 2026-06-24T06:15:00+00:00; mode=live; export=2026-06-24T06:23:14+00:00; candle=2026-06-24T06:15:00+00:00
2026-06-24T06:23:41.826060+00:00 ALREADY_WRITTEN: Already handled candle 2026-06-24T06:15:00+00:00; mode=live; export=2026-06-24T06:23:14+00:00; candle=2026-06-24T06:15:00+00:00
2026-06-24T06:23:58.455296+00:00 ALREADY_WRITTEN: Already handled candle 2026-06-24T06:15:00+00:00; mode=live; export=2026-06-24T06:23:44+00:00; candle=2026-06-24T06:15:00+00:00
2026-06-24T06:24:11.905677+00:00 ALREADY_WRITTEN: Already handled candle 2026-06-24T06:15:00+00:00; mode=live; export=2026-06-24T06:23:44+00:00; candle=2026-06-24T06:15:00+00:00
2026-06-24T06:24:28.530929+00:00 ALREADY_WRITTEN: Already handled candle 2026-06-24T06:15:00+00:00; mode=live; export=2026-06-24T06:24:14+00:00; candle=2026-06-24T06:15:00+00:00
2026-06-24T06:24:41.985999+00:00 ALREADY_WRITTEN: Already handled candle 2026-06-24T06:15:00+00:00; mode=live; export=2026-06-24T06:24:14+00:00; candle=2026-06-24T06:15:00+00:00
2026-06-24T06:24:58.590832+00:00 ALREADY_WRITTEN: Already handled candle 2026-06-24T06:15:00+00:00; mode=live; export=2026-06-24T06:24:44+00:00; candle=2026-06-24T06:15:00+00:00
2026-06-24T06:25:12.066302+00:00 ALREADY_WRITTEN: Already handled candle 2026-06-24T06:15:00+00:00; mode=live; export=2026-06-24T06:24:44+00:00; candle=2026-06-24T06:15:00+00:00
2026-06-24T06:25:28.660072+00:00 WRITE_SPLIT: Writing split proposed orders: BUY EURGBP 3.25; SELL EURUSD 2.25; BUY USDCHF 1.78 as 9 capped chunks; mode=live; export=2026-06-24T06:25:14+00:00; candle=2026-06-24T06:20:00+00:00
2026-06-24T06:25:42.153175+00:00 ALREADY_WRITTEN: Already handled candle 2026-06-24T06:20:00+00:00; mode=live; export=2026-06-24T06:25:14+00:00; candle=2026-06-24T06:20:00+00:00
2026-06-24T06:25:58.733587+00:00 ALREADY_WRITTEN: Already handled candle 2026-06-24T06:20:00+00:00; mode=live; export=2026-06-24T06:25:44+00:00; candle=2026-06-24T06:20:00+00:00
2026-06-24T06:26:12.237176+00:00 ALREADY_WRITTEN: Already handled candle 2026-06-24T06:20:00+00:00; mode=live; export=2026-06-24T06:25:44+00:00; candle=2026-06-24T06:20:00+00:00
2026-06-24T06:26:28.815521+00:00 ALREADY_WRITTEN: Already handled candle 2026-06-24T06:20:00+00:00; mode=live; export=2026-06-24T06:26:14+00:00; candle=2026-06-24T06:20:00+00:00
2026-06-24T06:26:42.309131+00:00 ALREADY_WRITTEN: Already handled candle 2026-06-24T06:20:00+00:00; mode=live; export=2026-06-24T06:26:14+00:00; candle=2026-06-24T06:20:00+00:00
2026-06-24T06:26:58.884085+00:00 ALREADY_WRITTEN: Already handled candle 2026-06-24T06:20:00+00:00; mode=live; export=2026-06-24T06:26:44+00:00; candle=2026-06-24T06:20:00+00:00
2026-06-24T06:27:12.377196+00:00 ALREADY_WRITTEN: Already handled candle 2026-06-24T06:20:00+00:00; mode=live; export=2026-06-24T06:26:44+00:00; candle=2026-06-24T06:20:00+00:00
2026-06-24T06:27:28.965618+00:00 ALREADY_WRITTEN: Already handled candle 2026-06-24T06:20:00+00:00; mode=live; export=2026-06-24T06:27:14+00:00; candle=2026-06-24T06:20:00+00:00
2026-06-24T06:27:42.455981+00:00 ALREADY_WRITTEN: Already handled candle 2026-06-24T06:20:00+00:00; mode=live; export=2026-06-24T06:27:14+00:00; candle=2026-06-24T06:20:00+00:00
2026-06-24T06:27:59.046797+00:00 ALREADY_WRITTEN: Already handled candle 2026-06-24T06:20:00+00:00; mode=live; export=2026-06-24T06:27:44+00:00; candle=2026-06-24T06:20:00+00:00
2026-06-24T06:28:12.528759+00:00 ALREADY_WRITTEN: Already handled candle 2026-06-24T06:20:00+00:00; mode=live; export=2026-06-24T06:27:44+00:00; candle=2026-06-24T06:20:00+00:00
2026-06-24T06:28:29.125515+00:00 ALREADY_WRITTEN: Already handled candle 2026-06-24T06:20:00+00:00; mode=live; export=2026-06-24T06:28:14+00:00; candle=2026-06-24T06:20:00+00:00
2026-06-24T06:28:42.609855+00:00 ALREADY_WRITTEN: Already handled candle 2026-06-24T06:20:00+00:00; mode=live; export=2026-06-24T06:28:14+00:00; candle=2026-06-24T06:20:00+00:00
2026-06-24T06:28:59.194691+00:00 ALREADY_WRITTEN: Already handled candle 2026-06-24T06:20:00+00:00; mode=live; export=2026-06-24T06:28:44+00:00; candle=2026-06-24T06:20:00+00:00
2026-06-24T06:29:12.697898+00:00 ALREADY_WRITTEN: Already handled candle 2026-06-24T06:20:00+00:00; mode=live; export=2026-06-24T06:28:44+00:00; candle=2026-06-24T06:20:00+00:00
2026-06-24T06:29:29.276346+00:00 ALREADY_WRITTEN: Already handled candle 2026-06-24T06:20:00+00:00; mode=live; export=2026-06-24T06:29:14+00:00; candle=2026-06-24T06:20:00+00:00
2026-06-24T06:29:42.784286+00:00 ALREADY_WRITTEN: Already handled candle 2026-06-24T06:20:00+00:00; mode=live; export=2026-06-24T06:29:14+00:00; candle=2026-06-24T06:20:00+00:00
2026-06-24T06:29:59.352094+00:00 ALREADY_WRITTEN: Already handled candle 2026-06-24T06:20:00+00:00; mode=live; export=2026-06-24T06:29:44+00:00; candle=2026-06-24T06:20:00+00:00
2026-06-24T06:30:12.856023+00:00 ALREADY_WRITTEN: Already handled candle 2026-06-24T06:20:00+00:00; mode=live; export=2026-06-24T06:29:44+00:00; candle=2026-06-24T06:20:00+00:00
2026-06-24T06:30:29.436168+00:00 WRITE_SPLIT: Writing split proposed orders: SELL EURGBP 3.25; BUY EURUSD 2.25 as 7 capped chunks; mode=live; export=2026-06-24T06:30:14+00:00; candle=2026-06-24T06:25:00+00:00
2026-06-24T06:30:42.917012+00:00 ALREADY_WRITTEN: Already handled candle 2026-06-24T06:25:00+00:00; mode=live; export=2026-06-24T06:30:14+00:00; candle=2026-06-24T06:25:00+00:00
2026-06-24T06:30:59.516191+00:00 ALREADY_WRITTEN: Already handled candle 2026-06-24T06:25:00+00:00; mode=live; export=2026-06-24T06:30:44+00:00; candle=2026-06-24T06:25:00+00:00
2026-06-24T06:31:13.001684+00:00 ALREADY_WRITTEN: Already handled candle 2026-06-24T06:25:00+00:00; mode=live; export=2026-06-24T06:30:44+00:00; candle=2026-06-24T06:25:00+00:00
2026-06-24T06:31:29.599190+00:00 ALREADY_WRITTEN: Already handled candle 2026-06-24T06:25:00+00:00; mode=live; export=2026-06-24T06:31:14+00:00; candle=2026-06-24T06:25:00+00:00
2026-06-24T06:31:43.090098+00:00 ALREADY_WRITTEN: Already handled candle 2026-06-24T06:25:00+00:00; mode=live; export=2026-06-24T06:31:14+00:00; candle=2026-06-24T06:25:00+00:00
2026-06-24T06:31:59.674422+00:00 ALREADY_WRITTEN: Already handled candle 2026-06-24T06:25:00+00:00; mode=live; export=2026-06-24T06:31:44+00:00; candle=2026-06-24T06:25:00+00:00
2026-06-24T06:32:13.154538+00:00 ALREADY_WRITTEN: Already handled candle 2026-06-24T06:25:00+00:00; mode=live; export=2026-06-24T06:31:44+00:00; candle=2026-06-24T06:25:00+00:00
2026-06-24T06:32:29.750613+00:00 ALREADY_WRITTEN: Already handled candle 2026-06-24T06:25:00+00:00; mode=live; export=2026-06-24T06:32:14+00:00; candle=2026-06-24T06:25:00+00:00
2026-06-24T06:32:43.239365+00:00 ALREADY_WRITTEN: Already handled candle 2026-06-24T06:25:00+00:00; mode=live; export=2026-06-24T06:32:14+00:00; candle=2026-06-24T06:25:00+00:00
2026-06-24T06:32:59.837236+00:00 ALREADY_WRITTEN: Already handled candle 2026-06-24T06:25:00+00:00; mode=live; export=2026-06-24T06:32:44+00:00; candle=2026-06-24T06:25:00+00:00
2026-06-24T06:33:13.324728+00:00 ALREADY_WRITTEN: Already handled candle 2026-06-24T06:25:00+00:00; mode=live; export=2026-06-24T06:32:44+00:00; candle=2026-06-24T06:25:00+00:00
2026-06-24T06:33:29.916356+00:00 ALREADY_WRITTEN: Already handled candle 2026-06-24T06:25:00+00:00; mode=live; export=2026-06-24T06:33:14+00:00; candle=2026-06-24T06:25:00+00:00
2026-06-24T06:33:43.402377+00:00 ALREADY_WRITTEN: Already handled candle 2026-06-24T06:25:00+00:00; mode=live; export=2026-06-24T06:33:14+00:00; candle=2026-06-24T06:25:00+00:00
2026-06-24T06:33:59.977341+00:00 ALREADY_WRITTEN: Already handled candle 2026-06-24T06:25:00+00:00; mode=live; export=2026-06-24T06:33:44+00:00; candle=2026-06-24T06:25:00+00:00
2026-06-24T06:34:13.488451+00:00 ALREADY_WRITTEN: Already handled candle 2026-06-24T06:25:00+00:00; mode=live; export=2026-06-24T06:33:44+00:00; candle=2026-06-24T06:25:00+00:00
2026-06-24T06:34:30.054560+00:00 ALREADY_WRITTEN: Already handled candle 2026-06-24T06:25:00+00:00; mode=live; export=2026-06-24T06:34:14+00:00; candle=2026-06-24T06:25:00+00:00
2026-06-24T06:34:43.568312+00:00 ALREADY_WRITTEN: Already handled candle 2026-06-24T06:25:00+00:00; mode=live; export=2026-06-24T06:34:14+00:00; candle=2026-06-24T06:25:00+00:00
2026-06-24T06:35:00.120349+00:00 ALREADY_WRITTEN: Already handled candle 2026-06-24T06:25:00+00:00; mode=live; export=2026-06-24T06:34:44+00:00; candle=2026-06-24T06:25:00+00:00
2026-06-24T06:35:13.648737+00:00 ALREADY_WRITTEN: Already handled candle 2026-06-24T06:25:00+00:00; mode=live; export=2026-06-24T06:34:44+00:00; candle=2026-06-24T06:25:00+00:00
2026-06-24T06:35:30.203155+00:00 WRITE_SPLIT: Writing split proposed orders: SELL EURGBP 3.26 as 4 capped chunks; mode=live; export=2026-06-24T06:35:14+00:00; candle=2026-06-24T06:30:00+00:00
2026-06-24T06:35:43.731234+00:00 ALREADY_WRITTEN: Already handled candle 2026-06-24T06:30:00+00:00; mode=live; export=2026-06-24T06:35:14+00:00; candle=2026-06-24T06:30:00+00:00
2026-06-24T06:36:00.267565+00:00 ALREADY_WRITTEN: Already handled candle 2026-06-24T06:30:00+00:00; mode=live; export=2026-06-24T06:35:44+00:00; candle=2026-06-24T06:30:00+00:00
2026-06-24T06:36:13.815480+00:00 ALREADY_WRITTEN: Already handled candle 2026-06-24T06:30:00+00:00; mode=live; export=2026-06-24T06:35:44+00:00; candle=2026-06-24T06:30:00+00:00
2026-06-24T06:36:30.349340+00:00 ALREADY_WRITTEN: Already handled candle 2026-06-24T06:30:00+00:00; mode=live; export=2026-06-24T06:36:14+00:00; candle=2026-06-24T06:30:00+00:00
2026-06-24T06:36:43.900312+00:00 ALREADY_WRITTEN: Already handled candle 2026-06-24T06:30:00+00:00; mode=live; export=2026-06-24T06:36:14+00:00; candle=2026-06-24T06:30:00+00:00
2026-06-24T06:37:00.421326+00:00 ALREADY_WRITTEN: Already handled candle 2026-06-24T06:30:00+00:00; mode=live; export=2026-06-24T06:36:44+00:00; candle=2026-06-24T06:30:00+00:00
2026-06-24T06:37:13.979683+00:00 ALREADY_WRITTEN: Already handled candle 2026-06-24T06:30:00+00:00; mode=live; export=2026-06-24T06:36:44+00:00; candle=2026-06-24T06:30:00+00:00
2026-06-24T06:37:30.501305+00:00 ALREADY_WRITTEN: Already handled candle 2026-06-24T06:30:00+00:00; mode=live; export=2026-06-24T06:37:14+00:00; candle=2026-06-24T06:30:00+00:00
2026-06-24T06:37:44.063781+00:00 ALREADY_WRITTEN: Already handled candle 2026-06-24T06:30:00+00:00; mode=live; export=2026-06-24T06:37:14+00:00; candle=2026-06-24T06:30:00+00:00
2026-06-24T06:38:00.564336+00:00 ALREADY_WRITTEN: Already handled candle 2026-06-24T06:30:00+00:00; mode=live; export=2026-06-24T06:37:44+00:00; candle=2026-06-24T06:30:00+00:00
2026-06-24T06:38:14.132336+00:00 ALREADY_WRITTEN: Already handled candle 2026-06-24T06:30:00+00:00; mode=live; export=2026-06-24T06:37:44+00:00; candle=2026-06-24T06:30:00+00:00
2026-06-24T06:38:30.641806+00:00 ALREADY_WRITTEN: Already handled candle 2026-06-24T06:30:00+00:00; mode=live; export=2026-06-24T06:38:14+00:00; candle=2026-06-24T06:30:00+00:00
2026-06-24T06:38:44.219737+00:00 ALREADY_WRITTEN: Already handled candle 2026-06-24T06:30:00+00:00; mode=live; export=2026-06-24T06:38:14+00:00; candle=2026-06-24T06:30:00+00:00
2026-06-24T06:39:00.722436+00:00 ALREADY_WRITTEN: Already handled candle 2026-06-24T06:30:00+00:00; mode=live; export=2026-06-24T06:38:44+00:00; candle=2026-06-24T06:30:00+00:00
2026-06-24T06:39:14.307782+00:00 ALREADY_WRITTEN: Already handled candle 2026-06-24T06:30:00+00:00; mode=live; export=2026-06-24T06:38:44+00:00; candle=2026-06-24T06:30:00+00:00
2026-06-24T06:39:30.800517+00:00 ALREADY_WRITTEN: Already handled candle 2026-06-24T06:30:00+00:00; mode=live; export=2026-06-24T06:39:14+00:00; candle=2026-06-24T06:30:00+00:00
2026-06-24T06:39:44.385694+00:00 ALREADY_WRITTEN: Already handled candle 2026-06-24T06:30:00+00:00; mode=live; export=2026-06-24T06:39:14+00:00; candle=2026-06-24T06:30:00+00:00
2026-06-24T06:40:00.878794+00:00 ALREADY_WRITTEN: Already handled candle 2026-06-24T06:30:00+00:00; mode=live; export=2026-06-24T06:39:44+00:00; candle=2026-06-24T06:30:00+00:00
2026-06-24T06:40:14.458168+00:00 ALREADY_WRITTEN: Already handled candle 2026-06-24T06:30:00+00:00; mode=live; export=2026-06-24T06:39:44+00:00; candle=2026-06-24T06:30:00+00:00
2026-06-24T06:40:30.960360+00:00 HOLD: No meaningful orders after tiny-churn filter; mode=live; export=2026-06-24T06:40:14+00:00; candle=2026-06-24T06:35:00+00:00
2026-06-24T06:40:44.543834+00:00 WRITE_SPLIT: Writing split proposed orders: BUY USDJPY 6.59 as 7 capped chunks; mode=live; export=2026-06-24T06:40:14+00:00; candle=2026-06-24T06:35:00+00:00
2026-06-24T06:41:01.035290+00:00 ALREADY_WRITTEN: Already handled candle 2026-06-24T06:35:00+00:00; mode=live; export=2026-06-24T06:40:44+00:00; candle=2026-06-24T06:35:00+00:00
2026-06-24T06:41:14.624521+00:00 ALREADY_WRITTEN: Already handled candle 2026-06-24T06:35:00+00:00; mode=live; export=2026-06-24T06:40:44+00:00; candle=2026-06-24T06:35:00+00:00
2026-06-24T06:41:31.101047+00:00 ALREADY_WRITTEN: Already handled candle 2026-06-24T06:35:00+00:00; mode=live; export=2026-06-24T06:41:14+00:00; candle=2026-06-24T06:35:00+00:00
2026-06-24T06:41:44.698289+00:00 ALREADY_WRITTEN: Already handled candle 2026-06-24T06:35:00+00:00; mode=live; export=2026-06-24T06:41:14+00:00; candle=2026-06-24T06:35:00+00:00
2026-06-24T06:42:01.169219+00:00 ALREADY_WRITTEN: Already handled candle 2026-06-24T06:35:00+00:00; mode=live; export=2026-06-24T06:41:44+00:00; candle=2026-06-24T06:35:00+00:00
2026-06-24T06:42:14.782283+00:00 ALREADY_WRITTEN: Already handled candle 2026-06-24T06:35:00+00:00; mode=live; export=2026-06-24T06:42:14+00:00; candle=2026-06-24T06:35:00+00:00
2026-06-24T06:42:31.249932+00:00 ALREADY_WRITTEN: Already handled candle 2026-06-24T06:35:00+00:00; mode=live; export=2026-06-24T06:42:14+00:00; candle=2026-06-24T06:35:00+00:00
2026-06-24T06:42:44.864482+00:00 ALREADY_WRITTEN: Already handled candle 2026-06-24T06:35:00+00:00; mode=live; export=2026-06-24T06:42:44+00:00; candle=2026-06-24T06:35:00+00:00
2026-06-24T06:43:01.327589+00:00 ALREADY_WRITTEN: Already handled candle 2026-06-24T06:35:00+00:00; mode=live; export=2026-06-24T06:42:44+00:00; candle=2026-06-24T06:35:00+00:00
2026-06-24T06:43:14.952089+00:00 ALREADY_WRITTEN: Already handled candle 2026-06-24T06:35:00+00:00; mode=live; export=2026-06-24T06:43:14+00:00; candle=2026-06-24T06:35:00+00:00
2026-06-24T06:43:31.410655+00:00 ALREADY_WRITTEN: Already handled candle 2026-06-24T06:35:00+00:00; mode=live; export=2026-06-24T06:43:14+00:00; candle=2026-06-24T06:35:00+00:00
2026-06-24T06:43:45.039907+00:00 ALREADY_WRITTEN: Already handled candle 2026-06-24T06:35:00+00:00; mode=live; export=2026-06-24T06:43:44+00:00; candle=2026-06-24T06:35:00+00:00
2026-06-24T06:44:01.481378+00:00 ALREADY_WRITTEN: Already handled candle 2026-06-24T06:35:00+00:00; mode=live; export=2026-06-24T06:43:44+00:00; candle=2026-06-24T06:35:00+00:00
2026-06-24T06:44:15.126223+00:00 ALREADY_WRITTEN: Already handled candle 2026-06-24T06:35:00+00:00; mode=live; export=2026-06-24T06:44:14+00:00; candle=2026-06-24T06:35:00+00:00
2026-06-24T06:44:31.560917+00:00 ALREADY_WRITTEN: Already handled candle 2026-06-24T06:35:00+00:00; mode=live; export=2026-06-24T06:44:14+00:00; candle=2026-06-24T06:35:00+00:00
2026-06-24T06:44:45.211122+00:00 ALREADY_WRITTEN: Already handled candle 2026-06-24T06:35:00+00:00; mode=live; export=2026-06-24T06:44:44+00:00; candle=2026-06-24T06:35:00+00:00
2026-06-24T06:45:01.632104+00:00 ALREADY_WRITTEN: Already handled candle 2026-06-24T06:35:00+00:00; mode=live; export=2026-06-24T06:44:44+00:00; candle=2026-06-24T06:35:00+00:00
2026-06-24T06:45:15.293944+00:00 ALREADY_WRITTEN: Already handled candle 2026-06-24T06:35:00+00:00; mode=live; export=2026-06-24T06:45:14+00:00; candle=2026-06-24T06:35:00+00:00
2026-06-24T06:45:31.706779+00:00 WRITE_SPLIT: Writing split proposed orders: SELL USDJPY 6.58 as 7 capped chunks; mode=live; export=2026-06-24T06:45:14+00:00; candle=2026-06-24T06:40:00+00:00
2026-06-24T06:45:45.372942+00:00 ALREADY_WRITTEN: Already handled candle 2026-06-24T06:40:00+00:00; mode=live; export=2026-06-24T06:45:44+00:00; candle=2026-06-24T06:40:00+00:00
2026-06-24T06:46:01.776697+00:00 ALREADY_WRITTEN: Already handled candle 2026-06-24T06:40:00+00:00; mode=live; export=2026-06-24T06:45:44+00:00; candle=2026-06-24T06:40:00+00:00
2026-06-24T06:46:15.454137+00:00 ALREADY_WRITTEN: Already handled candle 2026-06-24T06:40:00+00:00; mode=live; export=2026-06-24T06:46:14+00:00; candle=2026-06-24T06:40:00+00:00
2026-06-24T06:46:31.855145+00:00 ALREADY_WRITTEN: Already handled candle 2026-06-24T06:40:00+00:00; mode=live; export=2026-06-24T06:46:14+00:00; candle=2026-06-24T06:40:00+00:00
2026-06-24T06:46:45.537852+00:00 ALREADY_WRITTEN: Already handled candle 2026-06-24T06:40:00+00:00; mode=live; export=2026-06-24T06:46:44+00:00; candle=2026-06-24T06:40:00+00:00
2026-06-24T06:47:01.920395+00:00 ALREADY_WRITTEN: Already handled candle 2026-06-24T06:40:00+00:00; mode=live; export=2026-06-24T06:46:44+00:00; candle=2026-06-24T06:40:00+00:00
2026-06-24T06:47:15.622176+00:00 ALREADY_WRITTEN: Already handled candle 2026-06-24T06:40:00+00:00; mode=live; export=2026-06-24T06:47:14+00:00; candle=2026-06-24T06:40:00+00:00
2026-06-24T06:47:31.982945+00:00 ALREADY_WRITTEN: Already handled candle 2026-06-24T06:40:00+00:00; mode=live; export=2026-06-24T06:47:14+00:00; candle=2026-06-24T06:40:00+00:00
2026-06-24T06:47:45.699158+00:00 ALREADY_WRITTEN: Already handled candle 2026-06-24T06:40:00+00:00; mode=live; export=2026-06-24T06:47:44+00:00; candle=2026-06-24T06:40:00+00:00
2026-06-24T06:48:02.049785+00:00 ALREADY_WRITTEN: Already handled candle 2026-06-24T06:40:00+00:00; mode=live; export=2026-06-24T06:47:44+00:00; candle=2026-06-24T06:40:00+00:00
2026-06-24T06:48:15.769862+00:00 ALREADY_WRITTEN: Already handled candle 2026-06-24T06:40:00+00:00; mode=live; export=2026-06-24T06:48:14+00:00; candle=2026-06-24T06:40:00+00:00
2026-06-24T06:48:32.124802+00:00 ALREADY_WRITTEN: Already handled candle 2026-06-24T06:40:00+00:00; mode=live; export=2026-06-24T06:48:14+00:00; candle=2026-06-24T06:40:00+00:00
2026-06-24T06:48:45.855601+00:00 ALREADY_WRITTEN: Already handled candle 2026-06-24T06:40:00+00:00; mode=live; export=2026-06-24T06:48:44+00:00; candle=2026-06-24T06:40:00+00:00
2026-06-24T06:49:02.187479+00:00 ALREADY_WRITTEN: Already handled candle 2026-06-24T06:40:00+00:00; mode=live; export=2026-06-24T06:48:44+00:00; candle=2026-06-24T06:40:00+00:00
2026-06-24T06:49:15.941050+00:00 ALREADY_WRITTEN: Already handled candle 2026-06-24T06:40:00+00:00; mode=live; export=2026-06-24T06:49:14+00:00; candle=2026-06-24T06:40:00+00:00
2026-06-24T06:49:32.251338+00:00 ALREADY_WRITTEN: Already handled candle 2026-06-24T06:40:00+00:00; mode=live; export=2026-06-24T06:49:14+00:00; candle=2026-06-24T06:40:00+00:00
2026-06-24T06:49:46.020617+00:00 ALREADY_WRITTEN: Already handled candle 2026-06-24T06:40:00+00:00; mode=live; export=2026-06-24T06:49:44+00:00; candle=2026-06-24T06:40:00+00:00
2026-06-24T06:50:02.328820+00:00 ALREADY_WRITTEN: Already handled candle 2026-06-24T06:40:00+00:00; mode=live; export=2026-06-24T06:49:44+00:00; candle=2026-06-24T06:40:00+00:00
2026-06-24T06:50:16.089497+00:00 ALREADY_WRITTEN: Already handled candle 2026-06-24T06:40:00+00:00; mode=live; export=2026-06-24T06:50:14+00:00; candle=2026-06-24T06:40:00+00:00
2026-06-24T06:50:32.412011+00:00 WRITE_SPLIT: Writing split proposed orders: BUY EURGBP 3.26 as 4 capped chunks; mode=live; export=2026-06-24T06:50:14+00:00; candle=2026-06-24T06:45:00+00:00
2026-06-24T06:50:46.174897+00:00 ALREADY_WRITTEN: Already handled candle 2026-06-24T06:45:00+00:00; mode=live; export=2026-06-24T06:50:44+00:00; candle=2026-06-24T06:45:00+00:00
2026-06-24T06:51:02.482660+00:00 ALREADY_WRITTEN: Already handled candle 2026-06-24T06:45:00+00:00; mode=live; export=2026-06-24T06:50:44+00:00; candle=2026-06-24T06:45:00+00:00
2026-06-24T06:51:16.260818+00:00 ALREADY_WRITTEN: Already handled candle 2026-06-24T06:45:00+00:00; mode=live; export=2026-06-24T06:51:14+00:00; candle=2026-06-24T06:45:00+00:00
2026-06-24T06:51:32.554702+00:00 ALREADY_WRITTEN: Already handled candle 2026-06-24T06:45:00+00:00; mode=live; export=2026-06-24T06:51:14+00:00; candle=2026-06-24T06:45:00+00:00
2026-06-24T06:51:46.347079+00:00 ALREADY_WRITTEN: Already handled candle 2026-06-24T06:45:00+00:00; mode=live; export=2026-06-24T06:51:44+00:00; candle=2026-06-24T06:45:00+00:00
2026-06-24T06:52:02.630509+00:00 ALREADY_WRITTEN: Already handled candle 2026-06-24T06:45:00+00:00; mode=live; export=2026-06-24T06:51:44+00:00; candle=2026-06-24T06:45:00+00:00
2026-06-24T06:52:16.427154+00:00 ALREADY_WRITTEN: Already handled candle 2026-06-24T06:45:00+00:00; mode=live; export=2026-06-24T06:52:14+00:00; candle=2026-06-24T06:45:00+00:00
2026-06-24T06:52:32.706781+00:00 ALREADY_WRITTEN: Already handled candle 2026-06-24T06:45:00+00:00; mode=live; export=2026-06-24T06:52:14+00:00; candle=2026-06-24T06:45:00+00:00
2026-06-24T06:52:46.514334+00:00 ALREADY_WRITTEN: Already handled candle 2026-06-24T06:45:00+00:00; mode=live; export=2026-06-24T06:52:44+00:00; candle=2026-06-24T06:45:00+00:00
2026-06-24T06:53:02.786688+00:00 ALREADY_WRITTEN: Already handled candle 2026-06-24T06:45:00+00:00; mode=live; export=2026-06-24T06:52:44+00:00; candle=2026-06-24T06:45:00+00:00
2026-06-24T06:53:16.597955+00:00 ALREADY_WRITTEN: Already handled candle 2026-06-24T06:45:00+00:00; mode=live; export=2026-06-24T06:53:14+00:00; candle=2026-06-24T06:45:00+00:00
2026-06-24T06:53:32.864902+00:00 ALREADY_WRITTEN: Already handled candle 2026-06-24T06:45:00+00:00; mode=live; export=2026-06-24T06:53:14+00:00; candle=2026-06-24T06:45:00+00:00
2026-06-24T06:53:46.684510+00:00 ALREADY_WRITTEN: Already handled candle 2026-06-24T06:45:00+00:00; mode=live; export=2026-06-24T06:53:44+00:00; candle=2026-06-24T06:45:00+00:00
2026-06-24T06:54:02.946509+00:00 ALREADY_WRITTEN: Already handled candle 2026-06-24T06:45:00+00:00; mode=live; export=2026-06-24T06:53:44+00:00; candle=2026-06-24T06:45:00+00:00
2026-06-24T06:54:16.766188+00:00 ALREADY_WRITTEN: Already handled candle 2026-06-24T06:45:00+00:00; mode=live; export=2026-06-24T06:54:14+00:00; candle=2026-06-24T06:45:00+00:00
2026-06-24T06:54:33.029705+00:00 ALREADY_WRITTEN: Already handled candle 2026-06-24T06:45:00+00:00; mode=live; export=2026-06-24T06:54:14+00:00; candle=2026-06-24T06:45:00+00:00
2026-06-24T06:54:46.853287+00:00 ALREADY_WRITTEN: Already handled candle 2026-06-24T06:45:00+00:00; mode=live; export=2026-06-24T06:54:44+00:00; candle=2026-06-24T06:45:00+00:00
2026-06-24T06:55:03.094201+00:00 ALREADY_WRITTEN: Already handled candle 2026-06-24T06:45:00+00:00; mode=live; export=2026-06-24T06:54:44+00:00; candle=2026-06-24T06:45:00+00:00
2026-06-24T06:55:16.929619+00:00 ALREADY_WRITTEN: Already handled candle 2026-06-24T06:45:00+00:00; mode=live; export=2026-06-24T06:55:14+00:00; candle=2026-06-24T06:45:00+00:00
2026-06-24T06:55:33.175440+00:00 WRITE_SPLIT: Writing split proposed orders: BUY EURUSD 2.25 as 3 capped chunks; mode=live; export=2026-06-24T06:55:14+00:00; candle=2026-06-24T06:50:00+00:00
2026-06-24T06:55:46.996989+00:00 ALREADY_WRITTEN: Already handled candle 2026-06-24T06:50:00+00:00; mode=live; export=2026-06-24T06:55:44+00:00; candle=2026-06-24T06:50:00+00:00
2026-06-24T06:56:03.241008+00:00 ALREADY_WRITTEN: Already handled candle 2026-06-24T06:50:00+00:00; mode=live; export=2026-06-24T06:55:44+00:00; candle=2026-06-24T06:50:00+00:00
2026-06-24T06:56:17.079226+00:00 ALREADY_WRITTEN: Already handled candle 2026-06-24T06:50:00+00:00; mode=live; export=2026-06-24T06:56:14+00:00; candle=2026-06-24T06:50:00+00:00
2026-06-24T06:56:33.319334+00:00 ALREADY_WRITTEN: Already handled candle 2026-06-24T06:50:00+00:00; mode=live; export=2026-06-24T06:56:14+00:00; candle=2026-06-24T06:50:00+00:00
2026-06-24T06:56:47.158186+00:00 ALREADY_WRITTEN: Already handled candle 2026-06-24T06:50:00+00:00; mode=live; export=2026-06-24T06:56:44+00:00; candle=2026-06-24T06:50:00+00:00
2026-06-24T06:57:03.400347+00:00 ALREADY_WRITTEN: Already handled candle 2026-06-24T06:50:00+00:00; mode=live; export=2026-06-24T06:56:44+00:00; candle=2026-06-24T06:50:00+00:00
2026-06-24T06:57:17.225850+00:00 ALREADY_WRITTEN: Already handled candle 2026-06-24T06:50:00+00:00; mode=live; export=2026-06-24T06:57:14+00:00; candle=2026-06-24T06:50:00+00:00
2026-06-24T06:57:33.463252+00:00 ALREADY_WRITTEN: Already handled candle 2026-06-24T06:50:00+00:00; mode=live; export=2026-06-24T06:57:14+00:00; candle=2026-06-24T06:50:00+00:00
2026-06-24T06:57:47.293778+00:00 ALREADY_WRITTEN: Already handled candle 2026-06-24T06:50:00+00:00; mode=live; export=2026-06-24T06:57:44+00:00; candle=2026-06-24T06:50:00+00:00
2026-06-24T06:58:03.543713+00:00 ALREADY_WRITTEN: Already handled candle 2026-06-24T06:50:00+00:00; mode=live; export=2026-06-24T06:57:44+00:00; candle=2026-06-24T06:50:00+00:00
2026-06-24T06:58:17.380781+00:00 ALREADY_WRITTEN: Already handled candle 2026-06-24T06:50:00+00:00; mode=live; export=2026-06-24T06:58:14+00:00; candle=2026-06-24T06:50:00+00:00
2026-06-24T06:58:33.620491+00:00 ALREADY_WRITTEN: Already handled candle 2026-06-24T06:50:00+00:00; mode=live; export=2026-06-24T06:58:14+00:00; candle=2026-06-24T06:50:00+00:00
2026-06-24T06:58:47.464567+00:00 ALREADY_WRITTEN: Already handled candle 2026-06-24T06:50:00+00:00; mode=live; export=2026-06-24T06:58:44+00:00; candle=2026-06-24T06:50:00+00:00
2026-06-24T06:59:03.679010+00:00 ALREADY_WRITTEN: Already handled candle 2026-06-24T06:50:00+00:00; mode=live; export=2026-06-24T06:58:44+00:00; candle=2026-06-24T06:50:00+00:00
2026-06-24T06:59:17.549107+00:00 ALREADY_WRITTEN: Already handled candle 2026-06-24T06:50:00+00:00; mode=live; export=2026-06-24T06:59:14+00:00; candle=2026-06-24T06:50:00+00:00
2026-06-24T06:59:33.757753+00:00 ALREADY_WRITTEN: Already handled candle 2026-06-24T06:50:00+00:00; mode=live; export=2026-06-24T06:59:14+00:00; candle=2026-06-24T06:50:00+00:00
2026-06-24T06:59:47.631341+00:00 ALREADY_WRITTEN: Already handled candle 2026-06-24T06:50:00+00:00; mode=live; export=2026-06-24T06:59:44+00:00; candle=2026-06-24T06:50:00+00:00
2026-06-24T07:00:03.821439+00:00 ALREADY_WRITTEN: Already handled candle 2026-06-24T06:50:00+00:00; mode=live; export=2026-06-24T06:59:44+00:00; candle=2026-06-24T06:50:00+00:00
2026-06-24T07:00:17.704961+00:00 ALREADY_WRITTEN: Already handled candle 2026-06-24T06:50:00+00:00; mode=live; export=2026-06-24T07:00:14+00:00; candle=2026-06-24T06:50:00+00:00
2026-06-24T07:00:33.901755+00:00 WRITE_SPLIT: Writing split proposed orders: SELL EURUSD 2.25 as 3 capped chunks; mode=live; export=2026-06-24T07:00:14+00:00; candle=2026-06-24T06:55:00+00:00
2026-06-24T07:00:47.775972+00:00 ALREADY_WRITTEN: Already handled candle 2026-06-24T06:55:00+00:00; mode=live; export=2026-06-24T07:00:44+00:00; candle=2026-06-24T06:55:00+00:00
2026-06-24T07:01:03.973720+00:00 ALREADY_WRITTEN: Already handled candle 2026-06-24T06:55:00+00:00; mode=live; export=2026-06-24T07:00:44+00:00; candle=2026-06-24T06:55:00+00:00
2026-06-24T07:01:17.856334+00:00 ALREADY_WRITTEN: Already handled candle 2026-06-24T06:55:00+00:00; mode=live; export=2026-06-24T07:01:14+00:00; candle=2026-06-24T06:55:00+00:00
2026-06-24T07:01:34.037207+00:00 ALREADY_WRITTEN: Already handled candle 2026-06-24T06:55:00+00:00; mode=live; export=2026-06-24T07:01:14+00:00; candle=2026-06-24T06:55:00+00:00
2026-06-24T07:01:47.930951+00:00 ALREADY_WRITTEN: Already handled candle 2026-06-24T06:55:00+00:00; mode=live; export=2026-06-24T07:01:44+00:00; candle=2026-06-24T06:55:00+00:00
2026-06-24T07:02:04.102714+00:00 ALREADY_WRITTEN: Already handled candle 2026-06-24T06:55:00+00:00; mode=live; export=2026-06-24T07:01:44+00:00; candle=2026-06-24T06:55:00+00:00
2026-06-24T07:02:18.015995+00:00 ALREADY_WRITTEN: Already handled candle 2026-06-24T06:55:00+00:00; mode=live; export=2026-06-24T07:02:14+00:00; candle=2026-06-24T06:55:00+00:00
2026-06-24T07:02:34.163825+00:00 ALREADY_WRITTEN: Already handled candle 2026-06-24T06:55:00+00:00; mode=live; export=2026-06-24T07:02:14+00:00; candle=2026-06-24T06:55:00+00:00
2026-06-24T07:02:48.094269+00:00 ALREADY_WRITTEN: Already handled candle 2026-06-24T06:55:00+00:00; mode=live; export=2026-06-24T07:02:44+00:00; candle=2026-06-24T06:55:00+00:00
2026-06-24T07:03:04.235505+00:00 ALREADY_WRITTEN: Already handled candle 2026-06-24T06:55:00+00:00; mode=live; export=2026-06-24T07:02:44+00:00; candle=2026-06-24T06:55:00+00:00
2026-06-24T07:03:18.174001+00:00 ALREADY_WRITTEN: Already handled candle 2026-06-24T06:55:00+00:00; mode=live; export=2026-06-24T07:03:14+00:00; candle=2026-06-24T06:55:00+00:00
2026-06-24T07:03:34.309690+00:00 ALREADY_WRITTEN: Already handled candle 2026-06-24T06:55:00+00:00; mode=live; export=2026-06-24T07:03:14+00:00; candle=2026-06-24T06:55:00+00:00
2026-06-24T07:03:48.252811+00:00 ALREADY_WRITTEN: Already handled candle 2026-06-24T06:55:00+00:00; mode=live; export=2026-06-24T07:03:44+00:00; candle=2026-06-24T06:55:00+00:00
2026-06-24T07:04:04.385295+00:00 ALREADY_WRITTEN: Already handled candle 2026-06-24T06:55:00+00:00; mode=live; export=2026-06-24T07:03:44+00:00; candle=2026-06-24T06:55:00+00:00
2026-06-24T07:04:18.337202+00:00 ALREADY_WRITTEN: Already handled candle 2026-06-24T06:55:00+00:00; mode=live; export=2026-06-24T07:04:14+00:00; candle=2026-06-24T06:55:00+00:00
2026-06-24T07:04:34.448776+00:00 ALREADY_WRITTEN: Already handled candle 2026-06-24T06:55:00+00:00; mode=live; export=2026-06-24T07:04:14+00:00; candle=2026-06-24T06:55:00+00:00
2026-06-24T07:04:48.403016+00:00 ALREADY_WRITTEN: Already handled candle 2026-06-24T06:55:00+00:00; mode=live; export=2026-06-24T07:04:44+00:00; candle=2026-06-24T06:55:00+00:00
2026-06-24T07:05:04.520794+00:00 ALREADY_WRITTEN: Already handled candle 2026-06-24T06:55:00+00:00; mode=live; export=2026-06-24T07:04:44+00:00; candle=2026-06-24T06:55:00+00:00
2026-06-24T07:05:18.485394+00:00 ALREADY_WRITTEN: Already handled candle 2026-06-24T06:55:00+00:00; mode=live; export=2026-06-24T07:05:14+00:00; candle=2026-06-24T06:55:00+00:00
2026-06-24T07:05:34.599828+00:00 WRITE_SPLIT: Writing split proposed orders: SELL EURGBP 3.26 as 4 capped chunks; mode=live; export=2026-06-24T07:05:14+00:00; candle=2026-06-24T07:00:00+00:00
2026-06-24T07:05:48.565021+00:00 ALREADY_WRITTEN: Already handled candle 2026-06-24T07:00:00+00:00; mode=live; export=2026-06-24T07:05:44+00:00; candle=2026-06-24T07:00:00+00:00
2026-06-24T07:06:04.671032+00:00 ALREADY_WRITTEN: Already handled candle 2026-06-24T07:00:00+00:00; mode=live; export=2026-06-24T07:05:44+00:00; candle=2026-06-24T07:00:00+00:00
2026-06-24T07:06:18.637190+00:00 ALREADY_WRITTEN: Already handled candle 2026-06-24T07:00:00+00:00; mode=live; export=2026-06-24T07:06:14+00:00; candle=2026-06-24T07:00:00+00:00
2026-06-24T07:06:34.743317+00:00 ALREADY_WRITTEN: Already handled candle 2026-06-24T07:00:00+00:00; mode=live; export=2026-06-24T07:06:14+00:00; candle=2026-06-24T07:00:00+00:00
2026-06-24T07:06:48.712417+00:00 ALREADY_WRITTEN: Already handled candle 2026-06-24T07:00:00+00:00; mode=live; export=2026-06-24T07:06:44+00:00; candle=2026-06-24T07:00:00+00:00
2026-06-24T07:07:04.821888+00:00 ALREADY_WRITTEN: Already handled candle 2026-06-24T07:00:00+00:00; mode=live; export=2026-06-24T07:06:44+00:00; candle=2026-06-24T07:00:00+00:00
2026-06-24T07:07:18.785840+00:00 ALREADY_WRITTEN: Already handled candle 2026-06-24T07:00:00+00:00; mode=live; export=2026-06-24T07:07:14+00:00; candle=2026-06-24T07:00:00+00:00
2026-06-24T07:07:34.890906+00:00 ALREADY_WRITTEN: Already handled candle 2026-06-24T07:00:00+00:00; mode=live; export=2026-06-24T07:07:14+00:00; candle=2026-06-24T07:00:00+00:00
2026-06-24T07:07:48.869138+00:00 ALREADY_WRITTEN: Already handled candle 2026-06-24T07:00:00+00:00; mode=live; export=2026-06-24T07:07:44+00:00; candle=2026-06-24T07:00:00+00:00
2026-06-24T07:08:04.975202+00:00 ALREADY_WRITTEN: Already handled candle 2026-06-24T07:00:00+00:00; mode=live; export=2026-06-24T07:07:44+00:00; candle=2026-06-24T07:00:00+00:00
2026-06-24T07:08:18.952638+00:00 ALREADY_WRITTEN: Already handled candle 2026-06-24T07:00:00+00:00; mode=live; export=2026-06-24T07:08:14+00:00; candle=2026-06-24T07:00:00+00:00
2026-06-24T07:08:35.056785+00:00 ALREADY_WRITTEN: Already handled candle 2026-06-24T07:00:00+00:00; mode=live; export=2026-06-24T07:08:14+00:00; candle=2026-06-24T07:00:00+00:00
2026-06-24T07:08:49.041079+00:00 ALREADY_WRITTEN: Already handled candle 2026-06-24T07:00:00+00:00; mode=live; export=2026-06-24T07:08:44+00:00; candle=2026-06-24T07:00:00+00:00
2026-06-24T07:09:05.127606+00:00 ALREADY_WRITTEN: Already handled candle 2026-06-24T07:00:00+00:00; mode=live; export=2026-06-24T07:08:44+00:00; candle=2026-06-24T07:00:00+00:00
2026-06-24T07:09:19.120796+00:00 ALREADY_WRITTEN: Already handled candle 2026-06-24T07:00:00+00:00; mode=live; export=2026-06-24T07:09:14+00:00; candle=2026-06-24T07:00:00+00:00
2026-06-24T07:09:35.197701+00:00 ALREADY_WRITTEN: Already handled candle 2026-06-24T07:00:00+00:00; mode=live; export=2026-06-24T07:09:14+00:00; candle=2026-06-24T07:00:00+00:00
2026-06-24T07:09:49.182386+00:00 ALREADY_WRITTEN: Already handled candle 2026-06-24T07:00:00+00:00; mode=live; export=2026-06-24T07:09:44+00:00; candle=2026-06-24T07:00:00+00:00
2026-06-24T07:10:05.262749+00:00 ALREADY_WRITTEN: Already handled candle 2026-06-24T07:00:00+00:00; mode=live; export=2026-06-24T07:09:44+00:00; candle=2026-06-24T07:00:00+00:00
2026-06-24T07:10:19.251657+00:00 ALREADY_WRITTEN: Already handled candle 2026-06-24T07:00:00+00:00; mode=live; export=2026-06-24T07:10:14+00:00; candle=2026-06-24T07:00:00+00:00
2026-06-24T07:10:35.344603+00:00 WRITE_SPLIT: Writing split proposed orders: BUY EURGBP 3.26 as 4 capped chunks; mode=live; export=2026-06-24T07:10:14+00:00; candle=2026-06-24T07:05:00+00:00
2026-06-24T07:10:49.336944+00:00 ALREADY_WRITTEN: Already handled candle 2026-06-24T07:05:00+00:00; mode=live; export=2026-06-24T07:10:44+00:00; candle=2026-06-24T07:05:00+00:00
2026-06-24T07:11:05.428235+00:00 ALREADY_WRITTEN: Already handled candle 2026-06-24T07:05:00+00:00; mode=live; export=2026-06-24T07:10:44+00:00; candle=2026-06-24T07:05:00+00:00
2026-06-24T07:11:19.425227+00:00 ALREADY_WRITTEN: Already handled candle 2026-06-24T07:05:00+00:00; mode=live; export=2026-06-24T07:11:14+00:00; candle=2026-06-24T07:05:00+00:00
2026-06-24T07:11:35.503255+00:00 ALREADY_WRITTEN: Already handled candle 2026-06-24T07:05:00+00:00; mode=live; export=2026-06-24T07:11:14+00:00; candle=2026-06-24T07:05:00+00:00
2026-06-24T07:11:49.510818+00:00 ALREADY_WRITTEN: Already handled candle 2026-06-24T07:05:00+00:00; mode=live; export=2026-06-24T07:11:44+00:00; candle=2026-06-24T07:05:00+00:00
2026-06-24T07:12:05.580246+00:00 ALREADY_WRITTEN: Already handled candle 2026-06-24T07:05:00+00:00; mode=live; export=2026-06-24T07:11:44+00:00; candle=2026-06-24T07:05:00+00:00
2026-06-24T07:12:19.593837+00:00 ALREADY_WRITTEN: Already handled candle 2026-06-24T07:05:00+00:00; mode=live; export=2026-06-24T07:12:14+00:00; candle=2026-06-24T07:05:00+00:00
2026-06-24T07:12:35.659539+00:00 ALREADY_WRITTEN: Already handled candle 2026-06-24T07:05:00+00:00; mode=live; export=2026-06-24T07:12:14+00:00; candle=2026-06-24T07:05:00+00:00
2026-06-24T07:12:49.665227+00:00 ALREADY_WRITTEN: Already handled candle 2026-06-24T07:05:00+00:00; mode=live; export=2026-06-24T07:12:44+00:00; candle=2026-06-24T07:05:00+00:00
2026-06-24T07:13:05.727512+00:00 ALREADY_WRITTEN: Already handled candle 2026-06-24T07:05:00+00:00; mode=live; export=2026-06-24T07:12:44+00:00; candle=2026-06-24T07:05:00+00:00
2026-06-24T07:13:19.750555+00:00 ALREADY_WRITTEN: Already handled candle 2026-06-24T07:05:00+00:00; mode=live; export=2026-06-24T07:13:14+00:00; candle=2026-06-24T07:05:00+00:00
2026-06-24T07:13:35.805753+00:00 ALREADY_WRITTEN: Already handled candle 2026-06-24T07:05:00+00:00; mode=live; export=2026-06-24T07:13:14+00:00; candle=2026-06-24T07:05:00+00:00
2026-06-24T07:13:49.837947+00:00 ALREADY_WRITTEN: Already handled candle 2026-06-24T07:05:00+00:00; mode=live; export=2026-06-24T07:13:44+00:00; candle=2026-06-24T07:05:00+00:00
2026-06-24T07:14:05.864824+00:00 ALREADY_WRITTEN: Already handled candle 2026-06-24T07:05:00+00:00; mode=live; export=2026-06-24T07:13:44+00:00; candle=2026-06-24T07:05:00+00:00
2026-06-24T07:14:19.903352+00:00 ALREADY_WRITTEN: Already handled candle 2026-06-24T07:05:00+00:00; mode=live; export=2026-06-24T07:14:14+00:00; candle=2026-06-24T07:05:00+00:00
2026-06-24T07:14:35.939554+00:00 ALREADY_WRITTEN: Already handled candle 2026-06-24T07:05:00+00:00; mode=live; export=2026-06-24T07:14:14+00:00; candle=2026-06-24T07:05:00+00:00
2026-06-24T07:14:49.989802+00:00 ALREADY_WRITTEN: Already handled candle 2026-06-24T07:05:00+00:00; mode=live; export=2026-06-24T07:14:44+00:00; candle=2026-06-24T07:05:00+00:00
2026-06-24T07:15:06.024071+00:00 ALREADY_WRITTEN: Already handled candle 2026-06-24T07:05:00+00:00; mode=live; export=2026-06-24T07:14:44+00:00; candle=2026-06-24T07:05:00+00:00
2026-06-24T07:15:20.077150+00:00 ALREADY_WRITTEN: Already handled candle 2026-06-24T07:05:00+00:00; mode=live; export=2026-06-24T07:15:14+00:00; candle=2026-06-24T07:05:00+00:00
2026-06-24T07:15:36.103398+00:00 HOLD: No meaningful orders after tiny-churn filter; mode=live; export=2026-06-24T07:15:14+00:00; candle=2026-06-24T07:10:00+00:00
2026-06-24T07:15:50.171766+00:00 HOLD: No meaningful orders after tiny-churn filter; mode=live; export=2026-06-24T07:15:44+00:00; candle=2026-06-24T07:10:00+00:00
2026-06-24T07:16:06.184991+00:00 HOLD: No meaningful orders after tiny-churn filter; mode=live; export=2026-06-24T07:15:44+00:00; candle=2026-06-24T07:10:00+00:00
2026-06-24T07:16:20.259286+00:00 HOLD: No meaningful orders after tiny-churn filter; mode=live; export=2026-06-24T07:16:14+00:00; candle=2026-06-24T07:10:00+00:00
2026-06-24T07:16:36.252772+00:00 HOLD: No meaningful orders after tiny-churn filter; mode=live; export=2026-06-24T07:16:14+00:00; candle=2026-06-24T07:10:00+00:00
2026-06-24T07:16:50.341918+00:00 HOLD: No meaningful orders after tiny-churn filter; mode=live; export=2026-06-24T07:16:44+00:00; candle=2026-06-24T07:10:00+00:00
2026-06-24T07:17:06.334555+00:00 WRITE_SPLIT: Writing split proposed orders: BUY EURUSD 2.25 as 3 capped chunks; mode=live; export=2026-06-24T07:16:44+00:00; candle=2026-06-24T07:10:00+00:00
2026-06-24T07:17:20.424230+00:00 ALREADY_WRITTEN: Already handled candle 2026-06-24T07:10:00+00:00; mode=live; export=2026-06-24T07:17:14+00:00; candle=2026-06-24T07:10:00+00:00
2026-06-24T07:17:36.412341+00:00 ALREADY_WRITTEN: Already handled candle 2026-06-24T07:10:00+00:00; mode=live; export=2026-06-24T07:17:14+00:00; candle=2026-06-24T07:10:00+00:00
2026-06-24T07:17:50.507388+00:00 ALREADY_WRITTEN: Already handled candle 2026-06-24T07:10:00+00:00; mode=live; export=2026-06-24T07:17:44+00:00; candle=2026-06-24T07:10:00+00:00
2026-06-24T07:18:06.488381+00:00 ALREADY_WRITTEN: Already handled candle 2026-06-24T07:10:00+00:00; mode=live; export=2026-06-24T07:17:44+00:00; candle=2026-06-24T07:10:00+00:00
2026-06-24T07:18:20.584979+00:00 ALREADY_WRITTEN: Already handled candle 2026-06-24T07:10:00+00:00; mode=live; export=2026-06-24T07:18:14+00:00; candle=2026-06-24T07:10:00+00:00
2026-06-24T07:18:36.565606+00:00 ALREADY_WRITTEN: Already handled candle 2026-06-24T07:10:00+00:00; mode=live; export=2026-06-24T07:18:14+00:00; candle=2026-06-24T07:10:00+00:00
2026-06-24T07:18:50.664019+00:00 ALREADY_WRITTEN: Already handled candle 2026-06-24T07:10:00+00:00; mode=live; export=2026-06-24T07:18:44+00:00; candle=2026-06-24T07:10:00+00:00
2026-06-24T07:19:06.629975+00:00 ALREADY_WRITTEN: Already handled candle 2026-06-24T07:10:00+00:00; mode=live; export=2026-06-24T07:18:44+00:00; candle=2026-06-24T07:10:00+00:00
2026-06-24T07:19:20.728307+00:00 ALREADY_WRITTEN: Already handled candle 2026-06-24T07:10:00+00:00; mode=live; export=2026-06-24T07:19:14+00:00; candle=2026-06-24T07:10:00+00:00
2026-06-24T07:19:36.711283+00:00 ALREADY_WRITTEN: Already handled candle 2026-06-24T07:10:00+00:00; mode=live; export=2026-06-24T07:19:14+00:00; candle=2026-06-24T07:10:00+00:00
2026-06-24T07:19:50.804774+00:00 ALREADY_WRITTEN: Already handled candle 2026-06-24T07:10:00+00:00; mode=live; export=2026-06-24T07:19:44+00:00; candle=2026-06-24T07:10:00+00:00
2026-06-24T07:20:06.789336+00:00 ALREADY_WRITTEN: Already handled candle 2026-06-24T07:10:00+00:00; mode=live; export=2026-06-24T07:19:44+00:00; candle=2026-06-24T07:10:00+00:00
2026-06-24T07:20:20.884674+00:00 ALREADY_WRITTEN: Already handled candle 2026-06-24T07:10:00+00:00; mode=live; export=2026-06-24T07:20:14+00:00; candle=2026-06-24T07:10:00+00:00
2026-06-24T07:20:36.871031+00:00 WRITE_SPLIT: Writing split proposed orders: SELL EURUSD 2.25; BUY USDJPY 6.58 as 10 capped chunks; mode=live; export=2026-06-24T07:20:14+00:00; candle=2026-06-24T07:15:00+00:00
2026-06-24T07:20:50.971110+00:00 ALREADY_WRITTEN: Already handled candle 2026-06-24T07:15:00+00:00; mode=live; export=2026-06-24T07:20:44+00:00; candle=2026-06-24T07:15:00+00:00
2026-06-24T07:21:06.941298+00:00 ALREADY_WRITTEN: Already handled candle 2026-06-24T07:15:00+00:00; mode=live; export=2026-06-24T07:20:44+00:00; candle=2026-06-24T07:15:00+00:00
2026-06-24T07:21:21.049215+00:00 ALREADY_WRITTEN: Already handled candle 2026-06-24T07:15:00+00:00; mode=live; export=2026-06-24T07:21:14+00:00; candle=2026-06-24T07:15:00+00:00
2026-06-24T07:21:37.012708+00:00 ALREADY_WRITTEN: Already handled candle 2026-06-24T07:15:00+00:00; mode=live; export=2026-06-24T07:21:14+00:00; candle=2026-06-24T07:15:00+00:00
2026-06-24T07:21:51.130941+00:00 ALREADY_WRITTEN: Already handled candle 2026-06-24T07:15:00+00:00; mode=live; export=2026-06-24T07:21:44+00:00; candle=2026-06-24T07:15:00+00:00
2026-06-24T07:22:07.096466+00:00 ALREADY_WRITTEN: Already handled candle 2026-06-24T07:15:00+00:00; mode=live; export=2026-06-24T07:21:44+00:00; candle=2026-06-24T07:15:00+00:00
2026-06-24T07:22:21.220180+00:00 ALREADY_WRITTEN: Already handled candle 2026-06-24T07:15:00+00:00; mode=live; export=2026-06-24T07:22:14+00:00; candle=2026-06-24T07:15:00+00:00
2026-06-24T07:22:37.177781+00:00 ALREADY_WRITTEN: Already handled candle 2026-06-24T07:15:00+00:00; mode=live; export=2026-06-24T07:22:14+00:00; candle=2026-06-24T07:15:00+00:00
2026-06-24T07:22:51.303330+00:00 ALREADY_WRITTEN: Already handled candle 2026-06-24T07:15:00+00:00; mode=live; export=2026-06-24T07:22:44+00:00; candle=2026-06-24T07:15:00+00:00
2026-06-24T07:23:07.260188+00:00 ALREADY_WRITTEN: Already handled candle 2026-06-24T07:15:00+00:00; mode=live; export=2026-06-24T07:22:44+00:00; candle=2026-06-24T07:15:00+00:00
2026-06-24T07:23:21.390874+00:00 ALREADY_WRITTEN: Already handled candle 2026-06-24T07:15:00+00:00; mode=live; export=2026-06-24T07:23:14+00:00; candle=2026-06-24T07:15:00+00:00
2026-06-24T07:23:37.340660+00:00 ALREADY_WRITTEN: Already handled candle 2026-06-24T07:15:00+00:00; mode=live; export=2026-06-24T07:23:14+00:00; candle=2026-06-24T07:15:00+00:00
2026-06-24T07:23:51.477036+00:00 ALREADY_WRITTEN: Already handled candle 2026-06-24T07:15:00+00:00; mode=live; export=2026-06-24T07:23:44+00:00; candle=2026-06-24T07:15:00+00:00
2026-06-24T07:24:07.424455+00:00 ALREADY_WRITTEN: Already handled candle 2026-06-24T07:15:00+00:00; mode=live; export=2026-06-24T07:23:44+00:00; candle=2026-06-24T07:15:00+00:00
2026-06-24T07:24:21.565541+00:00 ALREADY_WRITTEN: Already handled candle 2026-06-24T07:15:00+00:00; mode=live; export=2026-06-24T07:24:14+00:00; candle=2026-06-24T07:15:00+00:00
2026-06-24T07:24:37.504689+00:00 ALREADY_WRITTEN: Already handled candle 2026-06-24T07:15:00+00:00; mode=live; export=2026-06-24T07:24:14+00:00; candle=2026-06-24T07:15:00+00:00
2026-06-24T07:24:51.647669+00:00 ALREADY_WRITTEN: Already handled candle 2026-06-24T07:15:00+00:00; mode=live; export=2026-06-24T07:24:44+00:00; candle=2026-06-24T07:15:00+00:00
2026-06-24T07:25:07.586674+00:00 ALREADY_WRITTEN: Already handled candle 2026-06-24T07:15:00+00:00; mode=live; export=2026-06-24T07:24:44+00:00; candle=2026-06-24T07:15:00+00:00
2026-06-24T07:25:21.733582+00:00 ALREADY_WRITTEN: Already handled candle 2026-06-24T07:15:00+00:00; mode=live; export=2026-06-24T07:25:14+00:00; candle=2026-06-24T07:15:00+00:00
2026-06-24T07:25:37.651714+00:00 WRITE_SPLIT: Writing split proposed orders: SELL USDJPY 6.59 as 7 capped chunks; mode=live; export=2026-06-24T07:25:14+00:00; candle=2026-06-24T07:20:00+00:00
2026-06-24T07:25:51.818848+00:00 ALREADY_WRITTEN: Already handled candle 2026-06-24T07:20:00+00:00; mode=live; export=2026-06-24T07:25:44+00:00; candle=2026-06-24T07:20:00+00:00
2026-06-24T07:26:07.734258+00:00 ALREADY_WRITTEN: Already handled candle 2026-06-24T07:20:00+00:00; mode=live; export=2026-06-24T07:25:44+00:00; candle=2026-06-24T07:20:00+00:00
2026-06-24T07:26:21.903811+00:00 ALREADY_WRITTEN: Already handled candle 2026-06-24T07:20:00+00:00; mode=live; export=2026-06-24T07:26:14+00:00; candle=2026-06-24T07:20:00+00:00
2026-06-24T07:26:37.814989+00:00 ALREADY_WRITTEN: Already handled candle 2026-06-24T07:20:00+00:00; mode=live; export=2026-06-24T07:26:14+00:00; candle=2026-06-24T07:20:00+00:00
2026-06-24T07:26:51.993578+00:00 ALREADY_WRITTEN: Already handled candle 2026-06-24T07:20:00+00:00; mode=live; export=2026-06-24T07:26:44+00:00; candle=2026-06-24T07:20:00+00:00
2026-06-24T07:27:07.897605+00:00 ALREADY_WRITTEN: Already handled candle 2026-06-24T07:20:00+00:00; mode=live; export=2026-06-24T07:26:44+00:00; candle=2026-06-24T07:20:00+00:00
2026-06-24T07:27:22.075154+00:00 ALREADY_WRITTEN: Already handled candle 2026-06-24T07:20:00+00:00; mode=live; export=2026-06-24T07:27:14+00:00; candle=2026-06-24T07:20:00+00:00
2026-06-24T07:27:37.970583+00:00 ALREADY_WRITTEN: Already handled candle 2026-06-24T07:20:00+00:00; mode=live; export=2026-06-24T07:27:14+00:00; candle=2026-06-24T07:20:00+00:00
2026-06-24T07:27:52.144308+00:00 ALREADY_WRITTEN: Already handled candle 2026-06-24T07:20:00+00:00; mode=live; export=2026-06-24T07:27:44+00:00; candle=2026-06-24T07:20:00+00:00
2026-06-24T07:28:08.044585+00:00 ALREADY_WRITTEN: Already handled candle 2026-06-24T07:20:00+00:00; mode=live; export=2026-06-24T07:27:44+00:00; candle=2026-06-24T07:20:00+00:00
2026-06-24T07:28:22.228997+00:00 ALREADY_WRITTEN: Already handled candle 2026-06-24T07:20:00+00:00; mode=live; export=2026-06-24T07:28:14+00:00; candle=2026-06-24T07:20:00+00:00
2026-06-24T07:28:38.112849+00:00 ALREADY_WRITTEN: Already handled candle 2026-06-24T07:20:00+00:00; mode=live; export=2026-06-24T07:28:14+00:00; candle=2026-06-24T07:20:00+00:00
2026-06-24T07:28:52.306119+00:00 ALREADY_WRITTEN: Already handled candle 2026-06-24T07:20:00+00:00; mode=live; export=2026-06-24T07:28:44+00:00; candle=2026-06-24T07:20:00+00:00
2026-06-24T07:29:08.193006+00:00 ALREADY_WRITTEN: Already handled candle 2026-06-24T07:20:00+00:00; mode=live; export=2026-06-24T07:28:44+00:00; candle=2026-06-24T07:20:00+00:00
2026-06-24T07:29:22.393220+00:00 ALREADY_WRITTEN: Already handled candle 2026-06-24T07:20:00+00:00; mode=live; export=2026-06-24T07:29:14+00:00; candle=2026-06-24T07:20:00+00:00
2026-06-24T07:29:38.265327+00:00 ALREADY_WRITTEN: Already handled candle 2026-06-24T07:20:00+00:00; mode=live; export=2026-06-24T07:29:14+00:00; candle=2026-06-24T07:20:00+00:00
2026-06-24T07:29:52.479339+00:00 ALREADY_WRITTEN: Already handled candle 2026-06-24T07:20:00+00:00; mode=live; export=2026-06-24T07:29:44+00:00; candle=2026-06-24T07:20:00+00:00
2026-06-24T07:30:08.347219+00:00 ALREADY_WRITTEN: Already handled candle 2026-06-24T07:20:00+00:00; mode=live; export=2026-06-24T07:29:44+00:00; candle=2026-06-24T07:20:00+00:00
2026-06-24T07:30:22.551617+00:00 ALREADY_WRITTEN: Already handled candle 2026-06-24T07:20:00+00:00; mode=live; export=2026-06-24T07:30:14+00:00; candle=2026-06-24T07:20:00+00:00
2026-06-24T07:30:38.427346+00:00 WRITE_SPLIT: Writing split proposed orders: BUY USDJPY 6.59 as 7 capped chunks; mode=live; export=2026-06-24T07:30:14+00:00; candle=2026-06-24T07:25:00+00:00
2026-06-24T07:30:52.637876+00:00 ALREADY_WRITTEN: Already handled candle 2026-06-24T07:25:00+00:00; mode=live; export=2026-06-24T07:30:44+00:00; candle=2026-06-24T07:25:00+00:00
2026-06-24T07:31:08.504959+00:00 ALREADY_WRITTEN: Already handled candle 2026-06-24T07:25:00+00:00; mode=live; export=2026-06-24T07:30:44+00:00; candle=2026-06-24T07:25:00+00:00
2026-06-24T07:31:22.719211+00:00 ALREADY_WRITTEN: Already handled candle 2026-06-24T07:25:00+00:00; mode=live; export=2026-06-24T07:31:14+00:00; candle=2026-06-24T07:25:00+00:00
2026-06-24T07:31:38.573372+00:00 ALREADY_WRITTEN: Already handled candle 2026-06-24T07:25:00+00:00; mode=live; export=2026-06-24T07:31:14+00:00; candle=2026-06-24T07:25:00+00:00
2026-06-24T07:31:52.804269+00:00 ALREADY_WRITTEN: Already handled candle 2026-06-24T07:25:00+00:00; mode=live; export=2026-06-24T07:31:44+00:00; candle=2026-06-24T07:25:00+00:00
2026-06-24T07:32:08.647714+00:00 ALREADY_WRITTEN: Already handled candle 2026-06-24T07:25:00+00:00; mode=live; export=2026-06-24T07:31:44+00:00; candle=2026-06-24T07:25:00+00:00
2026-06-24T07:32:22.886564+00:00 ALREADY_WRITTEN: Already handled candle 2026-06-24T07:25:00+00:00; mode=live; export=2026-06-24T07:32:14+00:00; candle=2026-06-24T07:25:00+00:00
2026-06-24T07:32:38.721338+00:00 ALREADY_WRITTEN: Already handled candle 2026-06-24T07:25:00+00:00; mode=live; export=2026-06-24T07:32:14+00:00; candle=2026-06-24T07:25:00+00:00
2026-06-24T07:32:52.972385+00:00 ALREADY_WRITTEN: Already handled candle 2026-06-24T07:25:00+00:00; mode=live; export=2026-06-24T07:32:44+00:00; candle=2026-06-24T07:25:00+00:00
2026-06-24T07:33:08.792222+00:00 ALREADY_WRITTEN: Already handled candle 2026-06-24T07:25:00+00:00; mode=live; export=2026-06-24T07:32:44+00:00; candle=2026-06-24T07:25:00+00:00
2026-06-24T07:33:23.032969+00:00 ALREADY_WRITTEN: Already handled candle 2026-06-24T07:25:00+00:00; mode=live; export=2026-06-24T07:33:14+00:00; candle=2026-06-24T07:25:00+00:00
2026-06-24T07:33:38.871615+00:00 ALREADY_WRITTEN: Already handled candle 2026-06-24T07:25:00+00:00; mode=live; export=2026-06-24T07:33:14+00:00; candle=2026-06-24T07:25:00+00:00
2026-06-24T07:33:53.116982+00:00 ALREADY_WRITTEN: Already handled candle 2026-06-24T07:25:00+00:00; mode=live; export=2026-06-24T07:33:44+00:00; candle=2026-06-24T07:25:00+00:00
2026-06-24T07:34:08.954403+00:00 ALREADY_WRITTEN: Already handled candle 2026-06-24T07:25:00+00:00; mode=live; export=2026-06-24T07:33:44+00:00; candle=2026-06-24T07:25:00+00:00
2026-06-24T07:34:39.035269+00:00 ALREADY_WRITTEN: Already handled candle 2026-06-24T07:25:00+00:00; mode=live; export=2026-06-24T07:34:14+00:00; candle=2026-06-24T07:25:00+00:00
2026-06-24T07:35:09.106308+00:00 ALREADY_WRITTEN: Already handled candle 2026-06-24T07:25:00+00:00; mode=live; export=2026-06-24T07:34:44+00:00; candle=2026-06-24T07:25:00+00:00
2026-06-24T07:35:39.187243+00:00 HOLD: No meaningful orders after tiny-churn filter; mode=live; export=2026-06-24T07:35:14+00:00; candle=2026-06-24T07:30:00+00:00
2026-06-24T07:36:04.972554+00:00 ENTRY_CONFIRMING: Waiting for one more M5 candle before opening: EURGBP:BUY; mode=live; export=2026-06-24T07:35:44+00:00; candle=2026-06-24T07:30:00+00:00
2026-06-24T07:36:09.260167+00:00 WRITE_SPLIT: Writing split proposed orders: BUY EURGBP 3.26 as 4 capped chunks; mode=live; export=2026-06-24T07:35:44+00:00; candle=2026-06-24T07:30:00+00:00
2026-06-24T07:36:35.053130+00:00 ALREADY_WRITTEN: Already handled candle 2026-06-24T07:30:00+00:00; mode=live; export=2026-06-24T07:36:14+00:00; candle=2026-06-24T07:30:00+00:00
2026-06-24T07:36:39.341558+00:00 ALREADY_WRITTEN: Already handled candle 2026-06-24T07:30:00+00:00; mode=live; export=2026-06-24T07:36:14+00:00; candle=2026-06-24T07:30:00+00:00
2026-06-24T07:37:05.123507+00:00 ALREADY_WRITTEN: Already handled candle 2026-06-24T07:30:00+00:00; mode=live; export=2026-06-24T07:36:44+00:00; candle=2026-06-24T07:30:00+00:00
2026-06-24T07:37:09.418827+00:00 ALREADY_WRITTEN: Already handled candle 2026-06-24T07:30:00+00:00; mode=live; export=2026-06-24T07:36:44+00:00; candle=2026-06-24T07:30:00+00:00
2026-06-24T07:37:35.194953+00:00 ALREADY_WRITTEN: Already handled candle 2026-06-24T07:30:00+00:00; mode=live; export=2026-06-24T07:37:14+00:00; candle=2026-06-24T07:30:00+00:00
2026-06-24T07:37:39.492433+00:00 ALREADY_WRITTEN: Already handled candle 2026-06-24T07:30:00+00:00; mode=live; export=2026-06-24T07:37:14+00:00; candle=2026-06-24T07:30:00+00:00
2026-06-24T07:38:05.281301+00:00 ALREADY_WRITTEN: Already handled candle 2026-06-24T07:30:00+00:00; mode=live; export=2026-06-24T07:37:44+00:00; candle=2026-06-24T07:30:00+00:00
2026-06-24T07:38:09.569853+00:00 ALREADY_WRITTEN: Already handled candle 2026-06-24T07:30:00+00:00; mode=live; export=2026-06-24T07:37:44+00:00; candle=2026-06-24T07:30:00+00:00
2026-06-24T07:38:35.337526+00:00 ENTRY_CONFIRMING: Waiting for one more M5 candle before opening: EURUSD:BUY; mode=live; export=2026-06-24T07:38:14+00:00; candle=2026-06-24T07:30:00+00:00
2026-06-24T07:38:39.634093+00:00 ALREADY_WRITTEN: Already handled candle 2026-06-24T07:30:00+00:00; mode=live; export=2026-06-24T07:38:14+00:00; candle=2026-06-24T07:30:00+00:00
2026-06-24T07:39:05.395259+00:00 ALREADY_WRITTEN: Already handled candle 2026-06-24T07:30:00+00:00; mode=live; export=2026-06-24T07:38:44+00:00; candle=2026-06-24T07:30:00+00:00
2026-06-24T07:39:09.716610+00:00 ALREADY_WRITTEN: Already handled candle 2026-06-24T07:30:00+00:00; mode=live; export=2026-06-24T07:38:44+00:00; candle=2026-06-24T07:30:00+00:00
2026-06-24T07:39:35.482122+00:00 ENTRY_CONFIRMING: Waiting for one more M5 candle before opening: EURUSD:BUY; mode=live; export=2026-06-24T07:39:14+00:00; candle=2026-06-24T07:30:00+00:00
2026-06-24T07:39:39.805126+00:00 ALREADY_WRITTEN: Already handled candle 2026-06-24T07:30:00+00:00; mode=live; export=2026-06-24T07:39:14+00:00; candle=2026-06-24T07:30:00+00:00
2026-06-24T07:40:05.554562+00:00 ALREADY_WRITTEN: Already handled candle 2026-06-24T07:30:00+00:00; mode=live; export=2026-06-24T07:39:44+00:00; candle=2026-06-24T07:30:00+00:00
2026-06-24T07:40:09.875373+00:00 ALREADY_WRITTEN: Already handled candle 2026-06-24T07:30:00+00:00; mode=live; export=2026-06-24T07:39:44+00:00; candle=2026-06-24T07:30:00+00:00
2026-06-24T07:40:35.626084+00:00 WRITE_SPLIT: Writing split proposed orders: SELL EURGBP 3.26 as 4 capped chunks; mode=live; export=2026-06-24T07:40:14+00:00; candle=2026-06-24T07:35:00+00:00
2026-06-24T07:40:39.941290+00:00 ALREADY_WRITTEN: Already handled candle 2026-06-24T07:35:00+00:00; mode=live; export=2026-06-24T07:40:14+00:00; candle=2026-06-24T07:35:00+00:00
2026-06-24T07:41:05.710947+00:00 ALREADY_WRITTEN: Already handled candle 2026-06-24T07:35:00+00:00; mode=live; export=2026-06-24T07:40:44+00:00; candle=2026-06-24T07:35:00+00:00
2026-06-24T07:41:10.019803+00:00 ALREADY_WRITTEN: Already handled candle 2026-06-24T07:35:00+00:00; mode=live; export=2026-06-24T07:40:44+00:00; candle=2026-06-24T07:35:00+00:00
2026-06-24T07:41:35.796664+00:00 ENTRY_CONFIRMING: Waiting for one more M5 candle before opening: EURUSD:BUY; mode=live; export=2026-06-24T07:41:14+00:00; candle=2026-06-24T07:35:00+00:00
2026-06-24T07:41:40.098114+00:00 ALREADY_WRITTEN: Already handled candle 2026-06-24T07:35:00+00:00; mode=live; export=2026-06-24T07:41:14+00:00; candle=2026-06-24T07:35:00+00:00
2026-06-24T07:42:05.868185+00:00 ALREADY_WRITTEN: Already handled candle 2026-06-24T07:35:00+00:00; mode=live; export=2026-06-24T07:41:44+00:00; candle=2026-06-24T07:35:00+00:00
2026-06-24T07:42:10.179228+00:00 ALREADY_WRITTEN: Already handled candle 2026-06-24T07:35:00+00:00; mode=live; export=2026-06-24T07:41:44+00:00; candle=2026-06-24T07:35:00+00:00
2026-06-24T07:42:35.956783+00:00 ALREADY_WRITTEN: Already handled candle 2026-06-24T07:35:00+00:00; mode=live; export=2026-06-24T07:42:14+00:00; candle=2026-06-24T07:35:00+00:00
2026-06-24T07:42:40.257337+00:00 ALREADY_WRITTEN: Already handled candle 2026-06-24T07:35:00+00:00; mode=live; export=2026-06-24T07:42:14+00:00; candle=2026-06-24T07:35:00+00:00
2026-06-24T07:43:06.042021+00:00 ENTRY_CONFIRMING: Waiting for one more M5 candle before opening: EURGBP:BUY|EURUSD:BUY; mode=live; export=2026-06-24T07:42:44+00:00; candle=2026-06-24T07:35:00+00:00
2026-06-24T07:43:10.315252+00:00 ALREADY_WRITTEN: Already handled candle 2026-06-24T07:35:00+00:00; mode=live; export=2026-06-24T07:42:44+00:00; candle=2026-06-24T07:35:00+00:00
2026-06-24T07:43:36.118608+00:00 ENTRY_CONFIRMING: Waiting for one more M5 candle before opening: EURGBP:BUY; mode=live; export=2026-06-24T07:43:14+00:00; candle=2026-06-24T07:35:00+00:00
2026-06-24T07:43:40.399488+00:00 ALREADY_WRITTEN: Already handled candle 2026-06-24T07:35:00+00:00; mode=live; export=2026-06-24T07:43:14+00:00; candle=2026-06-24T07:35:00+00:00
2026-06-24T07:44:06.175032+00:00 ALREADY_WRITTEN: Already handled candle 2026-06-24T07:35:00+00:00; mode=live; export=2026-06-24T07:43:44+00:00; candle=2026-06-24T07:35:00+00:00
2026-06-24T07:44:10.480712+00:00 ALREADY_WRITTEN: Already handled candle 2026-06-24T07:35:00+00:00; mode=live; export=2026-06-24T07:43:44+00:00; candle=2026-06-24T07:35:00+00:00
2026-06-24T07:44:36.255793+00:00 ENTRY_CONFIRMING: Waiting for one more M5 candle before opening: EURGBP:BUY; mode=live; export=2026-06-24T07:44:14+00:00; candle=2026-06-24T07:35:00+00:00
2026-06-24T07:44:40.534954+00:00 ALREADY_WRITTEN: Already handled candle 2026-06-24T07:35:00+00:00; mode=live; export=2026-06-24T07:44:14+00:00; candle=2026-06-24T07:35:00+00:00
2026-06-24T07:45:10.612059+00:00 ALREADY_WRITTEN: Already handled candle 2026-06-24T07:35:00+00:00; mode=live; export=2026-06-24T07:44:44+00:00; candle=2026-06-24T07:35:00+00:00
2026-06-24T07:45:40.684688+00:00 WRITE_SPLIT: Writing split proposed orders: BUY EURGBP 3.26; BUY USDJPY 6.58 as 11 capped chunks; mode=live; export=2026-06-24T07:45:14+00:00; candle=2026-06-24T07:40:00+00:00
2026-06-24T07:46:10.737718+00:00 ALREADY_WRITTEN: Already handled candle 2026-06-24T07:40:00+00:00; mode=live; export=2026-06-24T07:45:44+00:00; candle=2026-06-24T07:40:00+00:00
2026-06-24T07:46:40.820360+00:00 ALREADY_WRITTEN: Already handled candle 2026-06-24T07:40:00+00:00; mode=live; export=2026-06-24T07:46:14+00:00; candle=2026-06-24T07:40:00+00:00
2026-06-24T07:47:10.870523+00:00 ALREADY_WRITTEN: Already handled candle 2026-06-24T07:40:00+00:00; mode=live; export=2026-06-24T07:46:44+00:00; candle=2026-06-24T07:40:00+00:00
2026-06-24T07:47:40.923038+00:00 ALREADY_WRITTEN: Already handled candle 2026-06-24T07:40:00+00:00; mode=live; export=2026-06-24T07:47:14+00:00; candle=2026-06-24T07:40:00+00:00
2026-06-24T07:48:07.513870+00:00 ALREADY_WRITTEN: Already handled candle 2026-06-24T07:40:00+00:00; mode=live; export=2026-06-24T07:47:44+00:00; candle=2026-06-24T07:40:00+00:00
2026-06-24T07:48:10.992283+00:00 ALREADY_WRITTEN: Already handled candle 2026-06-24T07:40:00+00:00; mode=live; export=2026-06-24T07:47:44+00:00; candle=2026-06-24T07:40:00+00:00
2026-06-24T07:48:41.070970+00:00 ALREADY_WRITTEN: Already handled candle 2026-06-24T07:40:00+00:00; mode=live; export=2026-06-24T07:48:14+00:00; candle=2026-06-24T07:40:00+00:00
2026-06-24T07:49:11.139763+00:00 ALREADY_WRITTEN: Already handled candle 2026-06-24T07:40:00+00:00; mode=live; export=2026-06-24T07:48:44+00:00; candle=2026-06-24T07:40:00+00:00
2026-06-24T07:49:34.981581+00:00 WRITE_SPLIT: Writing split proposed orders: SELL EURGBP 3.26; SELL USDCHF 1.78; SELL USDJPY 6.58 as 13 capped chunks; mode=live; export=2026-06-24T07:49:14+00:00; candle=2026-06-24T07:40:00+00:00
2026-06-24T07:49:41.218742+00:00 ALREADY_WRITTEN: Already handled candle 2026-06-24T07:40:00+00:00; mode=live; export=2026-06-24T07:49:14+00:00; candle=2026-06-24T07:40:00+00:00
2026-06-24T07:50:05.075025+00:00 ENTRY_CONFIRMING: Waiting for one more M5 candle before opening: USDCAD:BUY; mode=live; export=2026-06-24T07:49:44+00:00; candle=2026-06-24T07:40:00+00:00
2026-06-24T07:50:11.296637+00:00 ALREADY_WRITTEN: Already handled candle 2026-06-24T07:40:00+00:00; mode=live; export=2026-06-24T07:49:44+00:00; candle=2026-06-24T07:40:00+00:00
2026-06-24T07:50:35.141327+00:00 RISK_BLOCKED: projected largest symbol share 100.0% exceeds 60.0%; projected net directional share 100.0% exceeds 80.0%; mode=live; export=2026-06-24T07:50:14+00:00; candle=2026-06-24T07:45:00+00:00
2026-06-24T07:50:41.375681+00:00 WRITE_SPLIT: Writing split proposed orders: BUY USDCAD 1.46 as 2 capped chunks; mode=live; export=2026-06-24T07:50:14+00:00; candle=2026-06-24T07:45:00+00:00
2026-06-24T07:51:05.218089+00:00 ENTRY_CONFIRMING: Waiting for one more M5 candle before opening: USDCAD:BUY; mode=live; export=2026-06-24T07:50:44+00:00; candle=2026-06-24T07:45:00+00:00
2026-06-24T07:51:11.459688+00:00 ALREADY_WRITTEN: Already handled candle 2026-06-24T07:45:00+00:00; mode=live; export=2026-06-24T07:50:44+00:00; candle=2026-06-24T07:45:00+00:00
2026-06-24T07:51:35.292010+00:00 HOLD: No meaningful orders after tiny-churn filter; mode=live; export=2026-06-24T07:51:14+00:00; candle=2026-06-24T07:45:00+00:00
2026-06-24T07:51:41.535230+00:00 ALREADY_WRITTEN: Already handled candle 2026-06-24T07:45:00+00:00; mode=live; export=2026-06-24T07:51:14+00:00; candle=2026-06-24T07:45:00+00:00
2026-06-24T07:52:05.356684+00:00 HOLD: No meaningful orders after tiny-churn filter; mode=live; export=2026-06-24T07:51:44+00:00; candle=2026-06-24T07:45:00+00:00
2026-06-24T07:52:11.601569+00:00 ALREADY_WRITTEN: Already handled candle 2026-06-24T07:45:00+00:00; mode=live; export=2026-06-24T07:51:44+00:00; candle=2026-06-24T07:45:00+00:00
2026-06-24T07:52:35.439047+00:00 HOLD: No meaningful orders after tiny-churn filter; mode=live; export=2026-06-24T07:52:14+00:00; candle=2026-06-24T07:45:00+00:00
2026-06-24T07:52:41.682921+00:00 ALREADY_WRITTEN: Already handled candle 2026-06-24T07:45:00+00:00; mode=live; export=2026-06-24T07:52:14+00:00; candle=2026-06-24T07:45:00+00:00
2026-06-24T07:53:05.530438+00:00 HOLD: No meaningful orders after tiny-churn filter; mode=live; export=2026-06-24T07:52:44+00:00; candle=2026-06-24T07:45:00+00:00
2026-06-24T07:53:11.761168+00:00 ALREADY_WRITTEN: Already handled candle 2026-06-24T07:45:00+00:00; mode=live; export=2026-06-24T07:52:44+00:00; candle=2026-06-24T07:45:00+00:00
2026-06-24T07:53:35.621603+00:00 HOLD: No meaningful orders after tiny-churn filter; mode=live; export=2026-06-24T07:53:14+00:00; candle=2026-06-24T07:45:00+00:00
2026-06-24T07:53:41.846135+00:00 ALREADY_WRITTEN: Already handled candle 2026-06-24T07:45:00+00:00; mode=live; export=2026-06-24T07:53:14+00:00; candle=2026-06-24T07:45:00+00:00
2026-06-24T07:54:05.710563+00:00 HOLD: No meaningful orders after tiny-churn filter; mode=live; export=2026-06-24T07:53:44+00:00; candle=2026-06-24T07:45:00+00:00
2026-06-24T07:54:11.927303+00:00 ALREADY_WRITTEN: Already handled candle 2026-06-24T07:45:00+00:00; mode=live; export=2026-06-24T07:53:44+00:00; candle=2026-06-24T07:45:00+00:00
2026-06-24T07:54:35.786440+00:00 HOLD: No meaningful orders after tiny-churn filter; mode=live; export=2026-06-24T07:54:14+00:00; candle=2026-06-24T07:45:00+00:00
2026-06-24T07:54:42.007307+00:00 ALREADY_WRITTEN: Already handled candle 2026-06-24T07:45:00+00:00; mode=live; export=2026-06-24T07:54:14+00:00; candle=2026-06-24T07:45:00+00:00
2026-06-24T07:55:05.872379+00:00 HOLD: No meaningful orders after tiny-churn filter; mode=live; export=2026-06-24T07:54:44+00:00; candle=2026-06-24T07:45:00+00:00
2026-06-24T07:55:12.089301+00:00 ALREADY_WRITTEN: Already handled candle 2026-06-24T07:45:00+00:00; mode=live; export=2026-06-24T07:54:44+00:00; candle=2026-06-24T07:45:00+00:00
2026-06-24T07:55:35.945127+00:00 HOLD: No meaningful orders after tiny-churn filter; mode=live; export=2026-06-24T07:55:14+00:00; candle=2026-06-24T07:50:00+00:00
2026-06-24T07:55:42.167112+00:00 HOLD: No meaningful orders after tiny-churn filter; mode=live; export=2026-06-24T07:55:14+00:00; candle=2026-06-24T07:50:00+00:00
2026-06-24T07:56:06.034429+00:00 HOLD: No meaningful orders after tiny-churn filter; mode=live; export=2026-06-24T07:55:44+00:00; candle=2026-06-24T07:50:00+00:00
2026-06-24T07:56:12.249227+00:00 HOLD: No meaningful orders after tiny-churn filter; mode=live; export=2026-06-24T07:55:44+00:00; candle=2026-06-24T07:50:00+00:00
2026-06-24T07:56:36.125239+00:00 HOLD: No meaningful orders after tiny-churn filter; mode=live; export=2026-06-24T07:56:14+00:00; candle=2026-06-24T07:50:00+00:00
2026-06-24T07:56:42.331060+00:00 HOLD: No meaningful orders after tiny-churn filter; mode=live; export=2026-06-24T07:56:14+00:00; candle=2026-06-24T07:50:00+00:00
2026-06-24T07:57:06.213692+00:00 HOLD: No meaningful orders after tiny-churn filter; mode=live; export=2026-06-24T07:56:44+00:00; candle=2026-06-24T07:50:00+00:00
2026-06-24T07:57:12.392209+00:00 HOLD: No meaningful orders after tiny-churn filter; mode=live; export=2026-06-24T07:56:44+00:00; candle=2026-06-24T07:50:00+00:00
2026-06-24T07:57:36.297184+00:00 HOLD: No meaningful orders after tiny-churn filter; mode=live; export=2026-06-24T07:57:14+00:00; candle=2026-06-24T07:50:00+00:00
2026-06-24T07:57:42.471422+00:00 HOLD: No meaningful orders after tiny-churn filter; mode=live; export=2026-06-24T07:57:14+00:00; candle=2026-06-24T07:50:00+00:00
2026-06-24T07:58:06.377154+00:00 HOLD: No meaningful orders after tiny-churn filter; mode=live; export=2026-06-24T07:57:44+00:00; candle=2026-06-24T07:50:00+00:00
2026-06-24T07:58:12.549489+00:00 HOLD: No meaningful orders after tiny-churn filter; mode=live; export=2026-06-24T07:57:44+00:00; candle=2026-06-24T07:50:00+00:00
2026-06-24T07:58:36.455717+00:00 HOLD: No meaningful orders after tiny-churn filter; mode=live; export=2026-06-24T07:58:14+00:00; candle=2026-06-24T07:50:00+00:00
2026-06-24T07:58:42.622206+00:00 HOLD: No meaningful orders after tiny-churn filter; mode=live; export=2026-06-24T07:58:14+00:00; candle=2026-06-24T07:50:00+00:00
2026-06-24T07:59:06.546844+00:00 HOLD: No meaningful orders after tiny-churn filter; mode=live; export=2026-06-24T07:58:44+00:00; candle=2026-06-24T07:50:00+00:00
2026-06-24T07:59:12.710836+00:00 HOLD: No meaningful orders after tiny-churn filter; mode=live; export=2026-06-24T07:58:44+00:00; candle=2026-06-24T07:50:00+00:00
2026-06-24T07:59:36.640644+00:00 HOLD: No meaningful orders after tiny-churn filter; mode=live; export=2026-06-24T07:59:14+00:00; candle=2026-06-24T07:50:00+00:00
2026-06-24T07:59:42.794585+00:00 HOLD: No meaningful orders after tiny-churn filter; mode=live; export=2026-06-24T07:59:14+00:00; candle=2026-06-24T07:50:00+00:00
2026-06-24T08:00:06.702794+00:00 HOLD: No meaningful orders after tiny-churn filter; mode=live; export=2026-06-24T07:59:44+00:00; candle=2026-06-24T07:50:00+00:00
2026-06-24T08:00:12.864710+00:00 HOLD: No meaningful orders after tiny-churn filter; mode=live; export=2026-06-24T07:59:44+00:00; candle=2026-06-24T07:50:00+00:00
2026-06-24T08:00:36.794184+00:00 HOLD: No meaningful orders after tiny-churn filter; mode=live; export=2026-06-24T08:00:14+00:00; candle=2026-06-24T07:55:00+00:00
2026-06-24T08:00:42.945297+00:00 HOLD: No meaningful orders after tiny-churn filter; mode=live; export=2026-06-24T08:00:14+00:00; candle=2026-06-24T07:55:00+00:00
2026-06-24T08:01:06.871613+00:00 HOLD: No meaningful orders after tiny-churn filter; mode=live; export=2026-06-24T08:00:44+00:00; candle=2026-06-24T07:55:00+00:00
2026-06-24T08:01:13.028436+00:00 HOLD: No meaningful orders after tiny-churn filter; mode=live; export=2026-06-24T08:00:44+00:00; candle=2026-06-24T07:55:00+00:00
2026-06-24T08:01:36.960773+00:00 HOLD: No meaningful orders after tiny-churn filter; mode=live; export=2026-06-24T08:01:14+00:00; candle=2026-06-24T07:55:00+00:00
2026-06-24T08:01:43.109489+00:00 HOLD: No meaningful orders after tiny-churn filter; mode=live; export=2026-06-24T08:01:14+00:00; candle=2026-06-24T07:55:00+00:00
2026-06-24T08:02:07.048671+00:00 HOLD: No meaningful orders after tiny-churn filter; mode=live; export=2026-06-24T08:01:44+00:00; candle=2026-06-24T07:55:00+00:00
2026-06-24T08:02:13.191670+00:00 HOLD: No meaningful orders after tiny-churn filter; mode=live; export=2026-06-24T08:01:44+00:00; candle=2026-06-24T07:55:00+00:00
2026-06-24T08:02:37.139435+00:00 HOLD: No meaningful orders after tiny-churn filter; mode=live; export=2026-06-24T08:02:14+00:00; candle=2026-06-24T07:55:00+00:00
2026-06-24T08:02:43.273602+00:00 HOLD: No meaningful orders after tiny-churn filter; mode=live; export=2026-06-24T08:02:14+00:00; candle=2026-06-24T07:55:00+00:00
2026-06-24T08:03:07.223154+00:00 HOLD: No meaningful orders after tiny-churn filter; mode=live; export=2026-06-24T08:02:44+00:00; candle=2026-06-24T07:55:00+00:00
2026-06-24T08:03:13.351759+00:00 HOLD: No meaningful orders after tiny-churn filter; mode=live; export=2026-06-24T08:02:44+00:00; candle=2026-06-24T07:55:00+00:00
2026-06-24T08:03:37.312826+00:00 HOLD: No meaningful orders after tiny-churn filter; mode=live; export=2026-06-24T08:03:14+00:00; candle=2026-06-24T07:55:00+00:00
2026-06-24T08:03:43.426080+00:00 HOLD: No meaningful orders after tiny-churn filter; mode=live; export=2026-06-24T08:03:14+00:00; candle=2026-06-24T07:55:00+00:00
2026-06-24T08:04:07.396960+00:00 HOLD: No meaningful orders after tiny-churn filter; mode=live; export=2026-06-24T08:03:44+00:00; candle=2026-06-24T07:55:00+00:00
2026-06-24T08:04:13.476616+00:00 HOLD: No meaningful orders after tiny-churn filter; mode=live; export=2026-06-24T08:03:44+00:00; candle=2026-06-24T07:55:00+00:00
2026-06-24T08:04:37.489797+00:00 HOLD: No meaningful orders after tiny-churn filter; mode=live; export=2026-06-24T08:04:14+00:00; candle=2026-06-24T07:55:00+00:00
2026-06-24T08:04:43.550998+00:00 HOLD: No meaningful orders after tiny-churn filter; mode=live; export=2026-06-24T08:04:14+00:00; candle=2026-06-24T07:55:00+00:00
2026-06-24T08:05:07.572285+00:00 HOLD: No meaningful orders after tiny-churn filter; mode=live; export=2026-06-24T08:04:44+00:00; candle=2026-06-24T07:55:00+00:00
2026-06-24T08:05:13.635048+00:00 HOLD: No meaningful orders after tiny-churn filter; mode=live; export=2026-06-24T08:04:44+00:00; candle=2026-06-24T07:55:00+00:00
2026-06-24T08:05:37.625221+00:00 HOLD: No meaningful orders after tiny-churn filter; mode=live; export=2026-06-24T08:05:14+00:00; candle=2026-06-24T08:00:00+00:00
2026-06-24T08:05:43.680733+00:00 HOLD: No meaningful orders after tiny-churn filter; mode=live; export=2026-06-24T08:05:14+00:00; candle=2026-06-24T08:00:00+00:00
2026-06-24T08:06:07.712607+00:00 HOLD: No meaningful orders after tiny-churn filter; mode=live; export=2026-06-24T08:05:44+00:00; candle=2026-06-24T08:00:00+00:00
2026-06-24T08:06:13.764655+00:00 HOLD: No meaningful orders after tiny-churn filter; mode=live; export=2026-06-24T08:05:44+00:00; candle=2026-06-24T08:00:00+00:00
2026-06-24T08:06:37.800698+00:00 HOLD: No meaningful orders after tiny-churn filter; mode=live; export=2026-06-24T08:06:14+00:00; candle=2026-06-24T08:00:00+00:00
2026-06-24T08:06:43.846300+00:00 HOLD: No meaningful orders after tiny-churn filter; mode=live; export=2026-06-24T08:06:14+00:00; candle=2026-06-24T08:00:00+00:00
2026-06-24T08:07:07.883840+00:00 HOLD: No meaningful orders after tiny-churn filter; mode=live; export=2026-06-24T08:06:44+00:00; candle=2026-06-24T08:00:00+00:00
2026-06-24T08:07:13.930342+00:00 HOLD: No meaningful orders after tiny-churn filter; mode=live; export=2026-06-24T08:06:44+00:00; candle=2026-06-24T08:00:00+00:00
2026-06-24T08:07:37.958245+00:00 HOLD: No meaningful orders after tiny-churn filter; mode=live; export=2026-06-24T08:07:14+00:00; candle=2026-06-24T08:00:00+00:00
2026-06-24T08:07:44.010007+00:00 HOLD: No meaningful orders after tiny-churn filter; mode=live; export=2026-06-24T08:07:14+00:00; candle=2026-06-24T08:00:00+00:00
2026-06-24T08:17:10.636088+00:00 HOLD: No meaningful orders after tiny-churn filter; mode=live; export=2026-06-24T08:16:44+00:00; candle=2026-06-24T08:10:00+00:00
2026-06-24T08:17:40.729945+00:00 HOLD: No meaningful orders after tiny-churn filter; mode=live; export=2026-06-24T08:17:14+00:00; candle=2026-06-24T08:10:00+00:00
2026-06-24T08:18:10.814355+00:00 HOLD: No meaningful orders after tiny-churn filter; mode=live; export=2026-06-24T08:17:44+00:00; candle=2026-06-24T08:10:00+00:00
2026-06-24T08:18:40.904089+00:00 HOLD: No meaningful orders after tiny-churn filter; mode=live; export=2026-06-24T08:18:14+00:00; candle=2026-06-24T08:10:00+00:00
2026-06-24T08:19:10.990006+00:00 HOLD: No meaningful orders after tiny-churn filter; mode=live; export=2026-06-24T08:18:44+00:00; candle=2026-06-24T08:10:00+00:00
2026-06-24T08:19:41.069070+00:00 HOLD: No meaningful orders after tiny-churn filter; mode=live; export=2026-06-24T08:19:14+00:00; candle=2026-06-24T08:10:00+00:00
2026-06-24T08:26:48.706913+00:00 WRITE_SPLIT: Writing split proposed orders: SELL USDCAD 1.46 as 2 capped chunks; mode=live; export=2026-06-24T08:26:44+00:00; candle=2026-06-24T08:20:00+00:00
2026-06-24T08:27:18.798265+00:00 ENTRY_CONFIRMING: Waiting for one more M5 candle before opening: USDCHF:BUY; mode=live; export=2026-06-24T08:27:14+00:00; candle=2026-06-24T08:20:00+00:00
2026-06-24T08:27:48.886439+00:00 ALREADY_WRITTEN: Already handled candle 2026-06-24T08:20:00+00:00; mode=live; export=2026-06-24T08:27:44+00:00; candle=2026-06-24T08:20:00+00:00
2026-06-24T08:28:18.986147+00:00 ENTRY_CONFIRMING: Waiting for one more M5 candle before opening: USDCHF:BUY; mode=live; export=2026-06-24T08:28:14+00:00; candle=2026-06-24T08:20:00+00:00
2026-06-24T08:28:49.083699+00:00 ENTRY_CONFIRMING: Waiting for one more M5 candle before opening: USDCHF:BUY; mode=live; export=2026-06-24T08:28:44+00:00; candle=2026-06-24T08:20:00+00:00
2026-06-24T08:29:19.184783+00:00 ENTRY_CONFIRMING: Waiting for one more M5 candle before opening: USDCHF:BUY; mode=live; export=2026-06-24T08:29:14+00:00; candle=2026-06-24T08:20:00+00:00
2026-06-24T08:29:49.285940+00:00 ENTRY_CONFIRMING: Waiting for one more M5 candle before opening: USDCHF:BUY; mode=live; export=2026-06-24T08:29:44+00:00; candle=2026-06-24T08:20:00+00:00
2026-06-24T08:30:19.378454+00:00 ALREADY_WRITTEN: Already handled candle 2026-06-24T08:20:00+00:00; mode=live; export=2026-06-24T08:30:14+00:00; candle=2026-06-24T08:20:00+00:00
2026-06-24T08:30:49.476691+00:00 RISK_BLOCKED: projected largest symbol share 100.0% exceeds 70.0%; projected net directional share 100.0% exceeds 90.0%; mode=live; export=2026-06-24T08:30:44+00:00; candle=2026-06-24T08:25:00+00:00
2026-06-24T08:31:19.578135+00:00 ENTRY_CONFIRMING: Waiting for one more M5 candle before opening: USDCHF:BUY; mode=live; export=2026-06-24T08:31:14+00:00; candle=2026-06-24T08:25:00+00:00
2026-06-24T08:31:49.677328+00:00 ENTRY_CONFIRMING: Waiting for one more M5 candle before opening: USDCHF:BUY; mode=live; export=2026-06-24T08:31:44+00:00; candle=2026-06-24T08:25:00+00:00
2026-06-24T08:32:19.775261+00:00 ENTRY_CONFIRMING: Waiting for one more M5 candle before opening: USDCHF:BUY; mode=live; export=2026-06-24T08:32:14+00:00; candle=2026-06-24T08:25:00+00:00
2026-06-24T08:32:49.876458+00:00 ENTRY_CONFIRMING: Waiting for one more M5 candle before opening: USDCHF:BUY; mode=live; export=2026-06-24T08:32:44+00:00; candle=2026-06-24T08:25:00+00:00
2026-06-24T08:33:19.976177+00:00 ENTRY_CONFIRMING: Waiting for one more M5 candle before opening: USDCHF:BUY; mode=live; export=2026-06-24T08:33:14+00:00; candle=2026-06-24T08:25:00+00:00
2026-06-24T08:33:50.074956+00:00 ENTRY_CONFIRMING: Waiting for one more M5 candle before opening: USDCHF:BUY; mode=live; export=2026-06-24T08:33:44+00:00; candle=2026-06-24T08:25:00+00:00
2026-06-24T08:34:20.166899+00:00 ENTRY_CONFIRMING: Waiting for one more M5 candle before opening: USDCHF:BUY; mode=live; export=2026-06-24T08:34:14+00:00; candle=2026-06-24T08:25:00+00:00
2026-06-24T08:34:50.256655+00:00 ENTRY_CONFIRMING: Waiting for one more M5 candle before opening: USDCHF:BUY; mode=live; export=2026-06-24T08:34:44+00:00; candle=2026-06-24T08:25:00+00:00
2026-06-24T08:35:20.328015+00:00 ENTRY_CONFIRMING: Waiting for one more M5 candle before opening: USDCHF:BUY; mode=live; export=2026-06-24T08:35:14+00:00; candle=2026-06-24T08:25:00+00:00
2026-06-24T08:35:50.422966+00:00 RISK_BLOCKED: projected largest symbol share 100.0% exceeds 70.0%; projected net directional share 100.0% exceeds 90.0%; mode=live; export=2026-06-24T08:35:44+00:00; candle=2026-06-24T08:30:00+00:00
2026-06-24T08:36:23.059635+00:00 ENTRY_CONFIRMING: Waiting for one more M5 candle before opening: USDCHF:BUY; mode=live; export=2026-06-24T08:36:14+00:00; candle=2026-06-24T08:30:00+00:00
2026-06-24T08:36:53.153607+00:00 ENTRY_CONFIRMING: Waiting for one more M5 candle before opening: USDCHF:BUY; mode=live; export=2026-06-24T08:36:44+00:00; candle=2026-06-24T08:30:00+00:00
2026-06-24T08:37:23.250374+00:00 ENTRY_CONFIRMING: Waiting for one more M5 candle before opening: USDCHF:BUY; mode=live; export=2026-06-24T08:37:14+00:00; candle=2026-06-24T08:30:00+00:00
2026-06-24T08:37:53.347981+00:00 ENTRY_CONFIRMING: Waiting for one more M5 candle before opening: USDCHF:BUY; mode=live; export=2026-06-24T08:37:44+00:00; candle=2026-06-24T08:30:00+00:00
2026-06-24T08:38:23.449633+00:00 ENTRY_CONFIRMING: Waiting for one more M5 candle before opening: USDCHF:BUY; mode=live; export=2026-06-24T08:38:14+00:00; candle=2026-06-24T08:30:00+00:00
2026-06-24T08:38:53.553953+00:00 ENTRY_CONFIRMING: Waiting for one more M5 candle before opening: USDCHF:BUY; mode=live; export=2026-06-24T08:38:44+00:00; candle=2026-06-24T08:30:00+00:00
2026-06-24T08:39:23.642910+00:00 ENTRY_CONFIRMING: Waiting for one more M5 candle before opening: USDCHF:BUY; mode=live; export=2026-06-24T08:39:14+00:00; candle=2026-06-24T08:30:00+00:00
2026-06-24T08:39:53.738553+00:00 ENTRY_CONFIRMING: Waiting for one more M5 candle before opening: USDCHF:BUY; mode=live; export=2026-06-24T08:39:44+00:00; candle=2026-06-24T08:30:00+00:00
2026-06-24T08:40:23.833297+00:00 ENTRY_CONFIRMING: Waiting for one more M5 candle before opening: USDCHF:BUY; mode=live; export=2026-06-24T08:40:14+00:00; candle=2026-06-24T08:30:00+00:00
2026-06-24T08:40:53.934077+00:00 WRITE_SPLIT: Writing split proposed orders: BUY USDCHF 2.00; SELL USDJPY 2.00 as 4 capped chunks; mode=live; export=2026-06-24T08:40:44+00:00; candle=2026-06-24T08:35:00+00:00
2026-06-24T08:41:24.033047+00:00 ALREADY_WRITTEN: Already handled candle 2026-06-24T08:35:00+00:00; mode=live; export=2026-06-24T08:41:14+00:00; candle=2026-06-24T08:35:00+00:00
2026-06-24T08:41:54.133900+00:00 ALREADY_WRITTEN: Already handled candle 2026-06-24T08:35:00+00:00; mode=live; export=2026-06-24T08:41:44+00:00; candle=2026-06-24T08:35:00+00:00
2026-06-24T08:42:24.229350+00:00 ALREADY_WRITTEN: Already handled candle 2026-06-24T08:35:00+00:00; mode=live; export=2026-06-24T08:42:14+00:00; candle=2026-06-24T08:35:00+00:00
2026-06-24T08:42:54.332546+00:00 ALREADY_WRITTEN: Already handled candle 2026-06-24T08:35:00+00:00; mode=live; export=2026-06-24T08:42:44+00:00; candle=2026-06-24T08:35:00+00:00
2026-06-24T08:43:33.292566+00:00 ALREADY_WRITTEN: Already handled candle 2026-06-24T08:35:00+00:00; mode=live; export=2026-06-24T08:43:14+00:00; candle=2026-06-24T08:35:00+00:00
2026-06-24T08:44:03.385673+00:00 ALREADY_WRITTEN: Already handled candle 2026-06-24T08:35:00+00:00; mode=live; export=2026-06-24T08:43:44+00:00; candle=2026-06-24T08:35:00+00:00
2026-06-24T08:44:33.482009+00:00 ALREADY_WRITTEN: Already handled candle 2026-06-24T08:35:00+00:00; mode=live; export=2026-06-24T08:44:14+00:00; candle=2026-06-24T08:35:00+00:00
2026-06-24T08:45:03.576770+00:00 ALREADY_WRITTEN: Already handled candle 2026-06-24T08:35:00+00:00; mode=live; export=2026-06-24T08:44:44+00:00; candle=2026-06-24T08:35:00+00:00
2026-06-24T08:51:13.841666+00:00 WRITE_SPLIT: Writing split proposed orders: SELL USDCHF 2.00; BUY USDJPY 2.00 as 4 capped chunks; mode=live; export=2026-06-24T08:50:44+00:00; candle=2026-06-24T08:45:00+00:00
2026-06-24T08:51:43.930140+00:00 ALREADY_WRITTEN: Already handled candle 2026-06-24T08:45:00+00:00; mode=live; export=2026-06-24T08:51:14+00:00; candle=2026-06-24T08:45:00+00:00
2026-06-24T08:52:14.036368+00:00 ENTRY_CONFIRMING: Waiting for one more M5 candle before opening: USDCHF:BUY; mode=live; export=2026-06-24T08:51:44+00:00; candle=2026-06-24T08:45:00+00:00
2026-06-24T08:52:44.134813+00:00 ENTRY_CONFIRMING: Waiting for one more M5 candle before opening: USDCHF:BUY; mode=live; export=2026-06-24T08:52:14+00:00; candle=2026-06-24T08:45:00+00:00
2026-06-24T08:53:14.232723+00:00 ENTRY_CONFIRMING: Waiting for one more M5 candle before opening: USDCHF:BUY; mode=live; export=2026-06-24T08:52:44+00:00; candle=2026-06-24T08:45:00+00:00
2026-06-24T08:53:44.335825+00:00 ENTRY_CONFIRMING: Waiting for one more M5 candle before opening: USDCHF:BUY; mode=live; export=2026-06-24T08:53:14+00:00; candle=2026-06-24T08:45:00+00:00
2026-06-24T08:54:14.435977+00:00 ENTRY_CONFIRMING: Waiting for one more M5 candle before opening: USDCHF:BUY; mode=live; export=2026-06-24T08:53:44+00:00; candle=2026-06-24T08:45:00+00:00
2026-06-24T08:54:44.536772+00:00 ENTRY_CONFIRMING: Waiting for one more M5 candle before opening: USDCHF:BUY; mode=live; export=2026-06-24T08:54:14+00:00; candle=2026-06-24T08:45:00+00:00
2026-06-24T08:55:14.634541+00:00 ENTRY_CONFIRMING: Waiting for one more M5 candle before opening: USDCHF:BUY; mode=live; export=2026-06-24T08:54:44+00:00; candle=2026-06-24T08:45:00+00:00
2026-06-24T08:55:44.719204+00:00 WRITE_SPLIT: Writing split proposed orders: BUY USDCHF 2.00 as 2 capped chunks; mode=live; export=2026-06-24T08:55:44+00:00; candle=2026-06-24T08:50:00+00:00
2026-06-24T08:56:14.810969+00:00 ALREADY_WRITTEN: Already handled candle 2026-06-24T08:50:00+00:00; mode=live; export=2026-06-24T08:56:14+00:00; candle=2026-06-24T08:50:00+00:00
2026-06-24T08:56:44.901633+00:00 ALREADY_WRITTEN: Already handled candle 2026-06-24T08:50:00+00:00; mode=live; export=2026-06-24T08:56:44+00:00; candle=2026-06-24T08:50:00+00:00
2026-06-24T08:57:14.999628+00:00 ALREADY_WRITTEN: Already handled candle 2026-06-24T08:50:00+00:00; mode=live; export=2026-06-24T08:57:14+00:00; candle=2026-06-24T08:50:00+00:00
2026-06-24T08:57:45.086128+00:00 ALREADY_WRITTEN: Already handled candle 2026-06-24T08:50:00+00:00; mode=live; export=2026-06-24T08:57:44+00:00; candle=2026-06-24T08:50:00+00:00
2026-06-24T08:58:15.179504+00:00 ALREADY_WRITTEN: Already handled candle 2026-06-24T08:50:00+00:00; mode=live; export=2026-06-24T08:58:14+00:00; candle=2026-06-24T08:50:00+00:00
2026-06-24T08:58:45.261534+00:00 ALREADY_WRITTEN: Already handled candle 2026-06-24T08:50:00+00:00; mode=live; export=2026-06-24T08:58:44+00:00; candle=2026-06-24T08:50:00+00:00
2026-06-24T08:59:15.362087+00:00 ALREADY_WRITTEN: Already handled candle 2026-06-24T08:50:00+00:00; mode=live; export=2026-06-24T08:59:14+00:00; candle=2026-06-24T08:50:00+00:00
2026-06-24T08:59:45.455251+00:00 ALREADY_WRITTEN: Already handled candle 2026-06-24T08:50:00+00:00; mode=live; export=2026-06-24T08:59:44+00:00; candle=2026-06-24T08:50:00+00:00
2026-06-24T09:00:15.541200+00:00 ALREADY_WRITTEN: Already handled candle 2026-06-24T08:50:00+00:00; mode=live; export=2026-06-24T09:00:14+00:00; candle=2026-06-24T08:50:00+00:00
2026-06-24T09:00:45.622870+00:00 WRITE_SPLIT: Writing split proposed orders: SELL USDJPY 2.00 as 2 capped chunks; mode=live; export=2026-06-24T09:00:44+00:00; candle=2026-06-24T08:55:00+00:00
2026-06-24T09:01:15.723718+00:00 ALREADY_WRITTEN: Already handled candle 2026-06-24T08:55:00+00:00; mode=live; export=2026-06-24T09:01:14+00:00; candle=2026-06-24T08:55:00+00:00
2026-06-24T09:01:45.813513+00:00 ALREADY_WRITTEN: Already handled candle 2026-06-24T08:55:00+00:00; mode=live; export=2026-06-24T09:01:44+00:00; candle=2026-06-24T08:55:00+00:00
2026-06-24T09:02:15.901757+00:00 ALREADY_WRITTEN: Already handled candle 2026-06-24T08:55:00+00:00; mode=live; export=2026-06-24T09:02:14+00:00; candle=2026-06-24T08:55:00+00:00
2026-06-24T09:02:45.997792+00:00 ALREADY_WRITTEN: Already handled candle 2026-06-24T08:55:00+00:00; mode=live; export=2026-06-24T09:02:44+00:00; candle=2026-06-24T08:55:00+00:00
2026-06-24T09:03:16.081887+00:00 ALREADY_WRITTEN: Already handled candle 2026-06-24T08:55:00+00:00; mode=live; export=2026-06-24T09:03:14+00:00; candle=2026-06-24T08:55:00+00:00
2026-06-24T09:03:46.186030+00:00 ALREADY_WRITTEN: Already handled candle 2026-06-24T08:55:00+00:00; mode=live; export=2026-06-24T09:03:44+00:00; candle=2026-06-24T08:55:00+00:00
2026-06-24T09:04:16.282945+00:00 ALREADY_WRITTEN: Already handled candle 2026-06-24T08:55:00+00:00; mode=live; export=2026-06-24T09:04:14+00:00; candle=2026-06-24T08:55:00+00:00
2026-06-24T09:04:46.384373+00:00 ALREADY_WRITTEN: Already handled candle 2026-06-24T08:55:00+00:00; mode=live; export=2026-06-24T09:04:44+00:00; candle=2026-06-24T08:55:00+00:00
2026-06-24T09:05:16.481975+00:00 ALREADY_WRITTEN: Already handled candle 2026-06-24T08:55:00+00:00; mode=live; export=2026-06-24T09:05:14+00:00; candle=2026-06-24T08:55:00+00:00
2026-06-24T09:05:46.582225+00:00 HOLD: No meaningful orders after tiny-churn filter; mode=live; export=2026-06-24T09:05:44+00:00; candle=2026-06-24T09:00:00+00:00
2026-06-24T09:06:16.682061+00:00 HOLD: No meaningful orders after tiny-churn filter; mode=live; export=2026-06-24T09:06:14+00:00; candle=2026-06-24T09:00:00+00:00
2026-06-24T09:06:46.774737+00:00 HOLD: No meaningful orders after tiny-churn filter; mode=live; export=2026-06-24T09:06:44+00:00; candle=2026-06-24T09:00:00+00:00
2026-06-24T09:07:16.876577+00:00 HOLD: No meaningful orders after tiny-churn filter; mode=live; export=2026-06-24T09:07:14+00:00; candle=2026-06-24T09:00:00+00:00
2026-06-24T09:07:46.977091+00:00 HOLD: No meaningful orders after tiny-churn filter; mode=live; export=2026-06-24T09:07:44+00:00; candle=2026-06-24T09:00:00+00:00
2026-06-24T09:08:17.076695+00:00 HOLD: No meaningful orders after tiny-churn filter; mode=live; export=2026-06-24T09:08:14+00:00; candle=2026-06-24T09:00:00+00:00
2026-06-24T09:08:47.179698+00:00 HOLD: No meaningful orders after tiny-churn filter; mode=live; export=2026-06-24T09:08:44+00:00; candle=2026-06-24T09:00:00+00:00
2026-06-24T09:09:17.277941+00:00 HOLD: No meaningful orders after tiny-churn filter; mode=live; export=2026-06-24T09:09:14+00:00; candle=2026-06-24T09:00:00+00:00
2026-06-24T09:09:47.370589+00:00 HOLD: No meaningful orders after tiny-churn filter; mode=live; export=2026-06-24T09:09:44+00:00; candle=2026-06-24T09:00:00+00:00
2026-06-24T09:10:17.466452+00:00 HOLD: No meaningful orders after tiny-churn filter; mode=live; export=2026-06-24T09:10:14+00:00; candle=2026-06-24T09:00:00+00:00
2026-06-24T09:10:47.564405+00:00 HOLD: No meaningful orders after tiny-churn filter; mode=live; export=2026-06-24T09:10:44+00:00; candle=2026-06-24T09:05:00+00:00
2026-06-24T09:11:17.648750+00:00 HOLD: No meaningful orders after tiny-churn filter; mode=live; export=2026-06-24T09:11:14+00:00; candle=2026-06-24T09:05:00+00:00
2026-06-24T09:11:47.743535+00:00 HOLD: No meaningful orders after tiny-churn filter; mode=live; export=2026-06-24T09:11:44+00:00; candle=2026-06-24T09:05:00+00:00
2026-06-24T09:12:17.843252+00:00 HOLD: No meaningful orders after tiny-churn filter; mode=live; export=2026-06-24T09:12:14+00:00; candle=2026-06-24T09:05:00+00:00
2026-06-24T09:12:47.931884+00:00 HOLD: No meaningful orders after tiny-churn filter; mode=live; export=2026-06-24T09:12:44+00:00; candle=2026-06-24T09:05:00+00:00
2026-06-24T09:13:18.015685+00:00 HOLD: No meaningful orders after tiny-churn filter; mode=live; export=2026-06-24T09:13:14+00:00; candle=2026-06-24T09:05:00+00:00
2026-06-24T09:13:48.107108+00:00 HOLD: No meaningful orders after tiny-churn filter; mode=live; export=2026-06-24T09:13:44+00:00; candle=2026-06-24T09:05:00+00:00
2026-06-24T09:14:18.204941+00:00 HOLD: No meaningful orders after tiny-churn filter; mode=live; export=2026-06-24T09:14:14+00:00; candle=2026-06-24T09:05:00+00:00
2026-06-24T09:14:48.296320+00:00 HOLD: No meaningful orders after tiny-churn filter; mode=live; export=2026-06-24T09:14:44+00:00; candle=2026-06-24T09:05:00+00:00
2026-06-24T09:15:18.387946+00:00 HOLD: No meaningful orders after tiny-churn filter; mode=live; export=2026-06-24T09:15:14+00:00; candle=2026-06-24T09:05:00+00:00
2026-06-24T09:15:48.469396+00:00 HOLD: No meaningful orders after tiny-churn filter; mode=live; export=2026-06-24T09:15:44+00:00; candle=2026-06-24T09:10:00+00:00
2026-06-24T09:16:18.575871+00:00 HOLD: No meaningful orders after tiny-churn filter; mode=live; export=2026-06-24T09:16:14+00:00; candle=2026-06-24T09:10:00+00:00
2026-06-24T09:16:48.679380+00:00 HOLD: No meaningful orders after tiny-churn filter; mode=live; export=2026-06-24T09:16:44+00:00; candle=2026-06-24T09:10:00+00:00
2026-06-24T09:17:18.772441+00:00 HOLD: No meaningful orders after tiny-churn filter; mode=live; export=2026-06-24T09:17:14+00:00; candle=2026-06-24T09:10:00+00:00
2026-06-24T09:17:48.867367+00:00 HOLD: No meaningful orders after tiny-churn filter; mode=live; export=2026-06-24T09:17:44+00:00; candle=2026-06-24T09:10:00+00:00
2026-06-24T09:18:18.967700+00:00 HOLD: No meaningful orders after tiny-churn filter; mode=live; export=2026-06-24T09:18:14+00:00; candle=2026-06-24T09:10:00+00:00
2026-06-24T09:18:49.063162+00:00 HOLD: No meaningful orders after tiny-churn filter; mode=live; export=2026-06-24T09:18:44+00:00; candle=2026-06-24T09:10:00+00:00
2026-06-24T09:19:19.161131+00:00 HOLD: No meaningful orders after tiny-churn filter; mode=live; export=2026-06-24T09:19:14+00:00; candle=2026-06-24T09:10:00+00:00
2026-06-24T09:19:49.262280+00:00 HOLD: No meaningful orders after tiny-churn filter; mode=live; export=2026-06-24T09:19:44+00:00; candle=2026-06-24T09:10:00+00:00
2026-06-24T09:20:19.343312+00:00 HOLD: No meaningful orders after tiny-churn filter; mode=live; export=2026-06-24T09:20:14+00:00; candle=2026-06-24T09:10:00+00:00
2026-06-24T09:20:49.440861+00:00 WRITE_SPLIT: Writing split proposed orders: BUY USDJPY 2.00 as 2 capped chunks; mode=live; export=2026-06-24T09:20:44+00:00; candle=2026-06-24T09:15:00+00:00
2026-06-24T09:21:19.542763+00:00 ALREADY_WRITTEN: Already handled candle 2026-06-24T09:15:00+00:00; mode=live; export=2026-06-24T09:21:14+00:00; candle=2026-06-24T09:15:00+00:00
2026-06-24T09:21:49.641064+00:00 ALREADY_WRITTEN: Already handled candle 2026-06-24T09:15:00+00:00; mode=live; export=2026-06-24T09:21:44+00:00; candle=2026-06-24T09:15:00+00:00
2026-06-24T09:22:19.742405+00:00 ALREADY_WRITTEN: Already handled candle 2026-06-24T09:15:00+00:00; mode=live; export=2026-06-24T09:22:14+00:00; candle=2026-06-24T09:15:00+00:00
2026-06-24T09:22:49.843644+00:00 ALREADY_WRITTEN: Already handled candle 2026-06-24T09:15:00+00:00; mode=live; export=2026-06-24T09:22:44+00:00; candle=2026-06-24T09:15:00+00:00
2026-06-24T09:23:19.947794+00:00 ALREADY_WRITTEN: Already handled candle 2026-06-24T09:15:00+00:00; mode=live; export=2026-06-24T09:23:14+00:00; candle=2026-06-24T09:15:00+00:00
2026-06-24T09:23:50.046958+00:00 ALREADY_WRITTEN: Already handled candle 2026-06-24T09:15:00+00:00; mode=live; export=2026-06-24T09:23:44+00:00; candle=2026-06-24T09:15:00+00:00
2026-06-24T09:24:20.150538+00:00 ALREADY_WRITTEN: Already handled candle 2026-06-24T09:15:00+00:00; mode=live; export=2026-06-24T09:24:14+00:00; candle=2026-06-24T09:15:00+00:00
2026-06-24T09:24:50.240251+00:00 ALREADY_WRITTEN: Already handled candle 2026-06-24T09:15:00+00:00; mode=live; export=2026-06-24T09:24:44+00:00; candle=2026-06-24T09:15:00+00:00
2026-06-24T09:25:20.315484+00:00 ALREADY_WRITTEN: Already handled candle 2026-06-24T09:15:00+00:00; mode=live; export=2026-06-24T09:25:14+00:00; candle=2026-06-24T09:15:00+00:00
2026-06-24T09:25:50.410648+00:00 HOLD: No meaningful orders after tiny-churn filter; mode=live; export=2026-06-24T09:25:38+00:00; candle=2026-06-24T09:20:00+00:00
2026-06-24T09:26:20.497567+00:00 HOLD: No meaningful orders after tiny-churn filter; mode=live; export=2026-06-24T09:26:08+00:00; candle=2026-06-24T09:20:00+00:00
2026-06-24T09:26:50.672254+00:00 ENTRY_CONFIRMING: Waiting for one more M5 candle before opening: XAUUSD:SELL; mode=live; export=2026-06-24T09:26:38+00:00; candle=2026-06-24T09:20:00+00:00
2026-06-24T09:27:20.773113+00:00 ENTRY_CONFIRMING: Waiting for one more M5 candle before opening: XAUUSD:SELL; mode=live; export=2026-06-24T09:27:08+00:00; candle=2026-06-24T09:20:00+00:00
2026-06-24T09:27:50.877250+00:00 ENTRY_CONFIRMING: Waiting for one more M5 candle before opening: XAUUSD:SELL; mode=live; export=2026-06-24T09:27:38+00:00; candle=2026-06-24T09:20:00+00:00
2026-06-24T09:28:20.980687+00:00 ENTRY_CONFIRMING: Waiting for one more M5 candle before opening: XAUUSD:SELL; mode=live; export=2026-06-24T09:28:08+00:00; candle=2026-06-24T09:20:00+00:00
2026-06-24T09:28:51.078693+00:00 ENTRY_CONFIRMING: Waiting for one more M5 candle before opening: XAUUSD:SELL; mode=live; export=2026-06-24T09:28:38+00:00; candle=2026-06-24T09:20:00+00:00
2026-06-24T09:32:46.734903+00:00 WRITE: Writing proposed orders: BUY USDCHF 0.92; SELL XAUUSD 0.71; mode=live; export=2026-06-24T09:32:38+00:00; candle=2026-06-24T09:25:00+00:00
2026-06-24T09:33:16.833847+00:00 ALREADY_WRITTEN: Already handled candle 2026-06-24T09:25:00+00:00; mode=live; export=2026-06-24T09:33:08+00:00; candle=2026-06-24T09:25:00+00:00
2026-06-24T09:33:46.927449+00:00 ALREADY_WRITTEN: Already handled candle 2026-06-24T09:25:00+00:00; mode=live; export=2026-06-24T09:33:38+00:00; candle=2026-06-24T09:25:00+00:00
2026-06-24T09:34:17.040232+00:00 ALREADY_WRITTEN: Already handled candle 2026-06-24T09:25:00+00:00; mode=live; export=2026-06-24T09:34:08+00:00; candle=2026-06-24T09:25:00+00:00
2026-06-24T09:34:47.152892+00:00 ALREADY_WRITTEN: Already handled candle 2026-06-24T09:25:00+00:00; mode=live; export=2026-06-24T09:34:38+00:00; candle=2026-06-24T09:25:00+00:00
2026-06-24T09:35:17.256263+00:00 ALREADY_WRITTEN: Already handled candle 2026-06-24T09:25:00+00:00; mode=live; export=2026-06-24T09:35:08+00:00; candle=2026-06-24T09:25:00+00:00
2026-06-24T09:35:47.357203+00:00 HOLD: No meaningful orders after tiny-churn filter; mode=live; export=2026-06-24T09:35:38+00:00; candle=2026-06-24T09:30:00+00:00
2026-06-24T09:36:17.455406+00:00 HOLD: No meaningful orders after tiny-churn filter; mode=live; export=2026-06-24T09:36:08+00:00; candle=2026-06-24T09:30:00+00:00
2026-06-24T09:36:47.560211+00:00 HOLD: No meaningful orders after tiny-churn filter; mode=live; export=2026-06-24T09:36:38+00:00; candle=2026-06-24T09:30:00+00:00
2026-06-24T09:37:17.663714+00:00 HOLD: No meaningful orders after tiny-churn filter; mode=live; export=2026-06-24T09:37:08+00:00; candle=2026-06-24T09:30:00+00:00
2026-06-24T09:37:47.779024+00:00 HOLD: No meaningful orders after tiny-churn filter; mode=live; export=2026-06-24T09:37:38+00:00; candle=2026-06-24T09:30:00+00:00
2026-06-24T09:38:17.862777+00:00 HOLD: No meaningful orders after tiny-churn filter; mode=live; export=2026-06-24T09:38:08+00:00; candle=2026-06-24T09:30:00+00:00
2026-06-24T09:38:47.964822+00:00 HOLD: No meaningful orders after tiny-churn filter; mode=live; export=2026-06-24T09:38:38+00:00; candle=2026-06-24T09:30:00+00:00
2026-06-24T09:39:18.065937+00:00 WRITE_SPLIT: Writing split proposed orders: SELL GBPUSD 4.00 as 4 capped chunks; mode=live; export=2026-06-24T09:39:08+00:00; candle=2026-06-24T09:30:00+00:00
2026-06-24T09:39:48.175166+00:00 ALREADY_WRITTEN: Already handled candle 2026-06-24T09:30:00+00:00; mode=live; export=2026-06-24T09:39:38+00:00; candle=2026-06-24T09:30:00+00:00
2026-06-24T09:41:09.407186+00:00 WRITE_SPLIT: Writing split proposed orders: BUY GBPUSD 4.00; BUY USDCHF 1.47; SELL XAUUSD 0.29 as 7 capped chunks; mode=live; export=2026-06-24T09:41:08+00:00; candle=2026-06-24T09:35:00+00:00
2026-06-24T09:41:39.517096+00:00 ALREADY_WRITTEN: Already handled candle 2026-06-24T09:35:00+00:00; mode=live; export=2026-06-24T09:41:38+00:00; candle=2026-06-24T09:35:00+00:00
2026-06-24T09:42:09.619451+00:00 ALREADY_WRITTEN: Already handled candle 2026-06-24T09:35:00+00:00; mode=live; export=2026-06-24T09:42:08+00:00; candle=2026-06-24T09:35:00+00:00
2026-06-24T09:42:39.729749+00:00 ALREADY_WRITTEN: Already handled candle 2026-06-24T09:35:00+00:00; mode=live; export=2026-06-24T09:42:38+00:00; candle=2026-06-24T09:35:00+00:00
2026-06-24T09:43:09.818548+00:00 ALREADY_WRITTEN: Already handled candle 2026-06-24T09:35:00+00:00; mode=live; export=2026-06-24T09:43:08+00:00; candle=2026-06-24T09:35:00+00:00
2026-06-24T09:43:39.926142+00:00 ALREADY_WRITTEN: Already handled candle 2026-06-24T09:35:00+00:00; mode=live; export=2026-06-24T09:43:38+00:00; candle=2026-06-24T09:35:00+00:00
2026-06-24T09:44:10.019400+00:00 ALREADY_WRITTEN: Already handled candle 2026-06-24T09:35:00+00:00; mode=live; export=2026-06-24T09:44:08+00:00; candle=2026-06-24T09:35:00+00:00
2026-06-24T09:44:40.110797+00:00 ALREADY_WRITTEN: Already handled candle 2026-06-24T09:35:00+00:00; mode=live; export=2026-06-24T09:44:38+00:00; candle=2026-06-24T09:35:00+00:00
2026-06-24T09:45:10.201312+00:00 ALREADY_WRITTEN: Already handled candle 2026-06-24T09:35:00+00:00; mode=live; export=2026-06-24T09:45:08+00:00; candle=2026-06-24T09:35:00+00:00
2026-06-24T09:45:40.298223+00:00 HOLD: No meaningful orders after tiny-churn filter; mode=live; export=2026-06-24T09:45:38+00:00; candle=2026-06-24T09:40:00+00:00
2026-06-24T10:00:13.306929+00:00 WRITE_SPLIT: Writing split proposed orders: SELL USDCHF 1.47; BUY XAUUSD 0.28 as 3 capped chunks; mode=live; export=2026-06-24T10:00:08+00:00; candle=2026-06-24T09:50:00+00:00
2026-06-24T10:00:43.405998+00:00 WRITE: Writing proposed orders: BUY XAUUSD 1.00; mode=live; export=2026-06-24T10:00:38+00:00; candle=2026-06-24T09:55:00+00:00
2026-06-24T10:01:13.523182+00:00 ALREADY_WRITTEN: Already handled candle 2026-06-24T09:55:00+00:00; mode=live; export=2026-06-24T10:01:08+00:00; candle=2026-06-24T09:55:00+00:00
2026-06-24T10:01:43.627008+00:00 ALREADY_WRITTEN: Already handled candle 2026-06-24T09:55:00+00:00; mode=live; export=2026-06-24T10:01:38+00:00; candle=2026-06-24T09:55:00+00:00
2026-06-24T10:02:13.733336+00:00 ALREADY_WRITTEN: Already handled candle 2026-06-24T09:55:00+00:00; mode=live; export=2026-06-24T10:02:08+00:00; candle=2026-06-24T09:55:00+00:00
2026-06-24T10:02:43.836613+00:00 ALREADY_WRITTEN: Already handled candle 2026-06-24T09:55:00+00:00; mode=live; export=2026-06-24T10:02:38+00:00; candle=2026-06-24T09:55:00+00:00
2026-06-24T10:06:07.368415+00:00 HOLD: No meaningful orders after tiny-churn filter; mode=live; export=2026-06-24T10:05:38+00:00; candle=2026-06-24T10:00:00+00:00
2026-06-24T10:06:37.482883+00:00 HOLD: No meaningful orders after tiny-churn filter; mode=live; export=2026-06-24T10:06:08+00:00; candle=2026-06-24T10:00:00+00:00
2026-06-24T10:07:07.591462+00:00 HOLD: No meaningful orders after tiny-churn filter; mode=live; export=2026-06-24T10:06:38+00:00; candle=2026-06-24T10:00:00+00:00
2026-06-24T10:07:37.708137+00:00 HOLD: No meaningful orders after tiny-churn filter; mode=live; export=2026-06-24T10:07:08+00:00; candle=2026-06-24T10:00:00+00:00
2026-06-24T10:08:07.817702+00:00 HOLD: No meaningful orders after tiny-churn filter; mode=live; export=2026-06-24T10:07:38+00:00; candle=2026-06-24T10:00:00+00:00
2026-06-24T10:08:37.934220+00:00 HOLD: No meaningful orders after tiny-churn filter; mode=live; export=2026-06-24T10:08:08+00:00; candle=2026-06-24T10:00:00+00:00
2026-06-24T10:09:08.021925+00:00 HOLD: No meaningful orders after tiny-churn filter; mode=live; export=2026-06-24T10:08:38+00:00; candle=2026-06-24T10:00:00+00:00
2026-06-24T10:09:38.138763+00:00 WRITE_SPLIT: Writing split proposed orders: SELL USDCHF 1.46 as 2 capped chunks; mode=live; export=2026-06-24T10:09:08+00:00; candle=2026-06-24T10:00:00+00:00
